Flight_ID,Flight_Date,Airline_ID,Aircraft_ID,Origin_Airport_ID,Destination_Airport_ID,Scheduled_Departure,Actual_Departure,Delay_Minutes,Delay_Reason,Status,Flight_Duration_Min,Distance_KM,Seat_Capacity,Passengers,Base_Fare_USD,Revenue_USD,Load_Factor_%,Season
FL00001,2023-03-02,AL002,AC013,AP013,AP027,2023-03-02 15:00:00,2023-03-02 15:11:00,11.0,Security,Delayed,647,1322,325,219,361.0,79059,67.38461538461539,Spring
FL00002,2023-11-18,AL009,AC036,AP010,AP006,2023-11-18 22:30:00,2023-11-18 22:36:00,6.0,Technical,Delayed,603,5627,180,131,624.0,81744,72.77777777777777,Autumn
FL00003,2025-02-05,AL002,AC019,AP022,AP009,2025-02-05 19:30:00,2025-02-05 19:30:00,0.0,No Delay,On Time,262,2326,296,225,541.0,121725,76.01351351351352,Winter
FL00004,2023-11-20,AL004,AC012,AP024,AP030,2023-11-20 13:00:00,2023-11-20 13:12:00,12.0,Late Aircraft,Delayed,354,1407,189,163,469.0,76447,86.24338624338624,Autumn
FL00005,2025-03-30,AL003,AC023,AP023,AP016,2025-03-30 08:15:00,2025-03-30 08:25:00,10.0,Late Aircraft,Delayed,207,2646,180,178,214.0,38092,98.88888888888889,Spring
FL00006,2025-09-25,AL008,AC008,AP005,AP016,2025-09-25 12:15:00,2025-09-25 12:29:00,14.0,Technical,Delayed,653,3954,300,212,293.0,62116,70.66666666666667,Autumn
FL00007,2023-03-30,AL001,AC040,AP007,AP022,2023-03-30 08:15:00,2023-03-30 08:22:00,7.0,Crew,Delayed,618,3453,220,166,222.0,36852,75.45454545454545,Spring
FL00008,2024-02-17,AL001,AC004,AP002,AP001,2024-02-17 20:30:00,2024-02-17 23:10:00,160.0,Late Aircraft,Severely Delayed,559,3586,180,154,395.0,60830,85.55555555555556,Winter
FL00009,2023-12-07,AL010,AC036,AP028,AP020,2023-12-07 10:45:00,2023-12-07 10:46:00,1.0,Weather,Delayed,302,7358,180,112,553.0,61936,62.22222222222222,Winter
FL00010,2024-05-11,AL001,AC016,AP015,AP018,2024-05-11 05:45:00,2024-05-11 05:53:00,8.0,Security,Delayed,341,6204,189,122,303.0,36966,64.55026455026454,Spring
FL00011,2024-04-25,AL004,AC035,AP002,AP030,2024-04-25 18:00:00,2024-04-25 18:49:00,49.0,Crew,Delayed,677,5347,189,133,266.0,35378,70.37037037037037,Spring
FL00012,2024-02-29,AL008,AC025,AP020,AP009,2024-02-29 07:15:00,2024-02-29 08:39:00,84.0,Crew,Delayed,113,6515,296,253,630.0,159390,85.47297297297297,Winter
FL00013,2025-06-03,AL007,AC039,AP009,AP007,2025-06-03 07:00:00,2025-06-03 09:18:00,138.0,Security,Severely Delayed,385,5895,300,285,426.0,121410,95.0,Summer
FL00014,2025-02-01,AL001,AC040,AP012,AP023,2025-02-01 08:45:00,2025-02-01 08:53:00,8.0,Air Traffic,Delayed,635,5253,220,180,249.0,44820,81.81818181818183,Winter
FL00015,2025-08-17,AL001,AC022,AP013,AP015,2025-08-17 17:00:00,2025-08-17 17:02:00,2.0,Air Traffic,Delayed,178,1802,300,215,192.0,41280,71.66666666666667,Summer
FL00016,2023-02-28,AL003,AC019,AP001,AP006,2023-02-28 10:15:00,2023-02-28 10:22:00,7.0,Security,Delayed,533,1638,296,259,379.0,98161,87.5,Winter
FL00017,2023-03-19,AL007,AC011,AP028,AP006,2023-03-19 07:45:00,2023-03-19 07:58:00,13.0,Technical,Delayed,409,359,300,188,550.0,103400,62.66666666666667,Spring
FL00018,2023-01-09,AL004,AC020,AP013,AP029,2023-01-09 18:45:00,2023-01-09 18:50:00,5.0,Security,Cancelled,90,8037,396,0,185.0,0,0.0,Winter
FL00019,2024-01-26,AL007,AC033,AP004,AP023,2024-01-26 06:00:00,2024-01-26 07:41:00,101.0,Weather,Delayed,629,526,220,173,430.0,74390,78.63636363636364,Winter
FL00020,2025-12-25,AL002,AC018,AP005,AP009,2025-12-25 15:00:00,2025-12-25 16:54:00,114.0,Security,Delayed,406,2712,189,185,449.0,83065,97.88359788359789,Winter
FL00021,2024-07-06,AL009,AC030,AP028,AP027,2024-07-06 06:45:00,2024-07-06 06:53:00,8.0,Technical,Delayed,369,6241,325,251,622.0,156122,77.23076923076924,Summer
FL00022,2024-04-05,AL008,AC010,AP019,AP018,2024-04-05 15:00:00,2024-04-05 15:12:00,12.0,Weather,Delayed,229,1330,396,325,411.0,133575,82.07070707070707,Spring
FL00023,2024-09-27,AL001,AC008,AP004,AP023,2024-09-27 07:15:00,2024-09-27 07:24:00,9.0,Technical,Delayed,609,5621,300,168,614.0,103152,56.00000000000001,Autumn
FL00024,2023-05-16,AL005,AC032,AP015,AP020,2023-05-16 19:45:00,2023-05-16 19:59:00,14.0,Weather,Delayed,393,5736,396,259,326.0,84434,65.40404040404042,Spring
FL00025,2025-02-20,AL002,AC003,AP010,AP007,2025-02-20 22:30:00,2025-02-20 22:32:00,2.0,Weather,Delayed,230,1848,396,291,405.0,117855,73.48484848484848,Winter
FL00026,2025-02-02,AL005,AC027,AP028,AP027,2025-02-02 16:15:00,2025-02-02 16:34:00,19.0,Air Traffic,Delayed,361,1773,325,312,267.0,83304,96.0,Winter
FL00027,2024-04-16,AL009,AC037,AP020,AP019,2024-04-16 10:30:00,2024-04-16 10:35:00,5.0,Weather,Delayed,674,3850,220,174,383.0,66642,79.0909090909091,Spring
FL00028,2024-07-29,AL009,AC016,AP012,AP021,2024-07-29 06:00:00,2024-07-29 06:08:00,8.0,Crew,Delayed,656,8054,189,155,157.0,24335,82.01058201058201,Summer
FL00029,2024-04-26,AL002,AC019,AP016,AP002,2024-04-26 08:45:00,2024-04-26 08:49:00,4.0,Security,Delayed,345,3049,296,206,523.0,107738,69.5945945945946,Spring
FL00030,2024-05-30,AL002,AC004,AP004,AP001,2024-05-30 11:15:00,2024-05-30 11:29:00,14.0,Technical,Delayed,141,6039,180,115,292.0,33580,63.888888888888886,Spring
FL00031,2023-01-18,AL005,AC035,AP012,AP028,2023-01-18 18:45:00,2023-01-18 19:55:00,70.0,Technical,Delayed,108,1854,189,136,227.0,30872,71.95767195767195,Winter
FL00032,2025-01-20,AL002,AC010,AP025,AP004,2025-01-20 13:30:00,2025-01-20 13:31:00,1.0,Late Aircraft,Delayed,189,6179,396,187,387.0,72369,47.22222222222222,Winter
FL00033,2023-07-17,AL004,AC006,AP023,AP030,2023-07-17 20:15:00,2023-07-17 20:16:00,1.0,Technical,Delayed,227,5102,300,192,582.0,111744,64.0,Summer
FL00034,2024-09-01,AL007,AC034,AP024,AP007,2024-09-01 14:30:00,2024-09-01 16:18:00,108.0,Late Aircraft,Delayed,87,6682,300,217,149.0,32333,72.33333333333334,Autumn
FL00035,2024-07-16,AL002,AC028,AP026,AP009,2024-07-16 07:30:00,2024-07-16 07:40:00,10.0,Technical,Delayed,651,5001,296,219,76.0,16644,73.98648648648648,Summer
FL00036,2024-10-20,AL010,AC030,AP006,AP018,2024-10-20 10:30:00,2024-10-20 12:14:00,104.0,Weather,Delayed,215,4091,325,272,296.0,80512,83.6923076923077,Autumn
FL00037,2024-07-11,AL009,AC018,AP021,AP011,2024-07-11 15:45:00,2024-07-11 15:55:00,10.0,Late Aircraft,Delayed,106,6012,189,187,295.0,55165,98.94179894179894,Summer
FL00038,2025-07-20,AL009,AC031,AP015,AP027,2025-07-20 13:45:00,2025-07-20 13:53:00,8.0,Air Traffic,Delayed,174,8106,300,197,587.0,115639,65.66666666666666,Summer
FL00039,2024-04-20,AL003,AC021,AP014,AP019,2024-04-20 19:45:00,2024-04-20 19:58:00,13.0,Security,Delayed,619,3290,325,319,617.0,196823,98.15384615384616,Spring
FL00040,2024-11-17,AL008,AC029,AP022,AP012,2024-11-17 18:45:00,2024-11-17 18:53:00,8.0,Late Aircraft,Delayed,574,4486,220,202,110.0,22220,91.81818181818184,Autumn
FL00041,2024-05-18,AL006,AC023,AP017,AP009,2024-05-18 18:15:00,2024-05-18 18:16:00,1.0,Late Aircraft,Delayed,344,6508,180,128,81.0,10368,71.11111111111111,Spring
FL00042,2023-03-15,AL008,AC004,AP022,AP018,2023-03-15 08:30:00,2023-03-15 08:38:00,8.0,Late Aircraft,Delayed,247,5167,180,87,608.0,52896,48.333333333333336,Spring
FL00043,2025-09-04,AL008,AC032,AP019,AP022,2025-09-04 10:00:00,2025-09-04 10:03:00,3.0,Air Traffic,Delayed,332,7416,396,330,197.0,65010,83.33333333333334,Autumn
FL00044,2024-07-28,AL002,AC026,AP019,AP020,2024-07-28 05:30:00,2024-07-28 05:43:00,13.0,Weather,Delayed,373,6516,189,133,412.0,54796,70.37037037037037,Summer
FL00045,2023-04-03,AL003,AC002,AP011,AP030,2023-04-03 16:00:00,2023-04-03 16:02:00,2.0,Late Aircraft,Delayed,366,7818,300,258,515.0,132870,86.0,Spring
FL00046,2024-04-04,AL008,AC002,AP001,AP017,2024-04-04 16:30:00,2024-04-04 16:34:00,4.0,Security,Delayed,305,2224,300,223,219.0,48837,74.33333333333333,Spring
FL00047,2025-06-18,AL002,AC032,AP001,AP030,2025-06-18 12:30:00,2025-06-18 12:39:00,9.0,Technical,Delayed,521,2670,396,311,217.0,67487,78.53535353535354,Summer
FL00048,2024-07-11,AL003,AC006,AP030,AP009,2024-07-11 08:00:00,2024-07-11 08:00:00,0.0,No Delay,On Time,580,1819,300,223,556.0,123988,74.33333333333333,Summer
FL00049,2024-09-26,AL003,AC023,AP007,AP008,2024-09-26 16:45:00,2024-09-26 16:54:00,9.0,Air Traffic,Delayed,107,2251,180,135,513.0,69255,75.0,Autumn
FL00050,2024-03-18,AL007,AC013,AP016,AP012,2024-03-18 15:00:00,2024-03-18 15:13:00,13.0,Weather,Delayed,467,7791,325,232,447.0,103704,71.38461538461539,Spring
FL00051,2024-02-12,AL005,AC003,AP019,AP023,2024-02-12 10:45:00,2024-02-12 10:54:00,9.0,Air Traffic,Delayed,162,3643,396,334,118.0,39412,84.34343434343434,Winter
FL00052,2023-10-09,AL008,AC020,AP021,AP029,2023-10-09 18:00:00,2023-10-09 18:07:00,7.0,Late Aircraft,Delayed,292,2383,396,289,384.0,110976,72.97979797979798,Autumn
FL00053,2025-03-06,AL004,AC037,AP016,AP029,2025-03-06 20:15:00,2025-03-06 20:20:00,5.0,Technical,Delayed,344,6780,220,173,98.0,16954,78.63636363636364,Spring
FL00054,2024-03-17,AL003,AC008,AP018,AP019,2024-03-17 13:15:00,2024-03-17 13:33:00,18.0,Security,Delayed,661,3043,300,226,104.0,23504,75.33333333333333,Spring
FL00055,2024-09-14,AL001,AC014,AP019,AP006,2024-09-14 11:00:00,2024-09-14 11:10:00,10.0,Technical,Delayed,567,6198,325,220,279.0,61380,67.6923076923077,Autumn
FL00056,2023-09-17,AL010,AC036,AP005,AP012,2023-09-17 21:15:00,2023-09-17 21:30:00,15.0,Technical,Cancelled,638,2702,180,0,307.0,0,0.0,Autumn
FL00057,2024-12-19,AL007,AC017,AP019,AP023,2024-12-19 21:45:00,2024-12-19 21:50:00,5.0,Late Aircraft,Delayed,605,5943,296,149,483.0,71967,50.33783783783784,Winter
FL00058,2025-08-13,AL004,AC005,AP004,AP009,2025-08-13 18:45:00,2025-08-13 18:51:00,6.0,Technical,Delayed,707,3536,325,216,474.0,102384,66.46153846153847,Summer
FL00059,2024-03-08,AL005,AC021,AP012,AP004,2024-03-08 05:00:00,2024-03-08 05:13:00,13.0,Security,Delayed,595,5056,325,282,444.0,125208,86.76923076923076,Spring
FL00060,2025-09-10,AL003,AC010,AP013,AP006,2025-09-10 12:30:00,2025-09-10 12:37:00,7.0,Air Traffic,Delayed,385,2125,396,329,463.0,152327,83.08080808080808,Autumn
FL00061,2025-05-05,AL008,AC040,AP003,AP023,2025-05-05 10:30:00,2025-05-05 12:19:00,109.0,Weather,Delayed,436,5387,220,171,489.0,83619,77.72727272727272,Spring
FL00062,2024-09-04,AL001,AC037,AP029,AP012,2024-09-04 10:15:00,2024-09-04 10:26:00,11.0,Crew,Delayed,489,6206,220,181,527.0,95387,82.27272727272728,Autumn
FL00063,2025-06-19,AL001,AC037,AP009,AP018,2025-06-19 11:15:00,2025-06-19 11:26:00,11.0,Unknown,Delayed,520,1584,220,129,219.0,28251,58.63636363636363,Summer
FL00064,2023-11-22,AL009,AC016,AP015,AP016,2023-11-22 15:00:00,2023-11-22 15:11:00,11.0,Air Traffic,Delayed,234,6593,189,133,210.0,27930,70.37037037037037,Autumn
FL00065,2023-11-09,AL008,AC016,AP005,AP029,2023-11-09 22:30:00,2023-11-10 01:19:00,169.0,Air Traffic,Severely Delayed,353,3596,189,127,333.0,42291,67.1957671957672,Autumn
FL00066,2024-07-26,AL006,AC013,AP014,AP016,2024-07-26 08:15:00,2024-07-26 08:23:00,8.0,Air Traffic,Delayed,427,2747,325,279,221.0,61659,85.84615384615385,Summer
FL00067,2024-10-11,AL007,AC016,AP011,AP009,2024-10-11 06:00:00,2024-10-11 06:00:00,0.0,No Delay,On Time,82,5281,189,154,602.0,92708,81.48148148148148,Autumn
FL00068,2025-09-24,AL002,AC036,AP004,AP021,2025-09-24 14:30:00,2025-09-24 14:32:00,2.0,Weather,Cancelled,668,8443,180,0,86.0,0,0.0,Autumn
FL00069,2024-11-04,AL007,AC023,AP018,AP024,2024-11-04 22:15:00,2024-11-04 22:15:00,0.0,No Delay,On Time,516,4292,180,144,578.0,83232,80.0,Autumn
FL00070,2025-12-29,AL008,AC003,AP024,AP021,2025-12-29 08:45:00,2025-12-29 08:56:00,11.0,Crew,Delayed,673,5401,396,278,121.0,33638,70.2020202020202,Winter
FL00071,2024-09-28,AL007,AC008,AP022,AP008,2024-09-28 07:00:00,2024-09-28 07:05:00,5.0,Air Traffic,Delayed,105,6082,300,186,157.0,29202,62.0,Autumn
FL00072,2023-11-19,AL010,AC034,AP006,AP011,2023-11-19 13:30:00,2023-11-19 13:38:00,8.0,Air Traffic,Delayed,439,3086,300,200,269.0,53800,66.66666666666666,Autumn
FL00073,2025-10-31,AL001,AC040,AP005,AP030,2025-10-31 16:15:00,2025-10-31 16:29:00,14.0,Late Aircraft,Delayed,134,1622,220,180,190.0,34200,81.81818181818183,Autumn
FL00074,2025-03-02,AL006,AC004,AP023,AP006,2025-03-02 05:00:00,2025-03-02 05:15:00,15.0,Late Aircraft,Delayed,177,4871,180,134,649.0,86966,74.44444444444444,Spring
FL00075,2025-01-01,AL007,AC030,AP005,AP007,2025-01-01 17:30:00,2025-01-01 19:37:00,127.0,Late Aircraft,Severely Delayed,116,3867,325,231,209.0,48279,71.07692307692308,Winter
FL00076,2023-10-18,AL008,AC017,AP008,AP015,2023-10-18 19:30:00,2023-10-18 21:10:00,100.0,Security,Delayed,106,945,296,254,183.0,46482,85.8108108108108,Autumn
FL00077,2025-05-05,AL001,AC025,AP012,AP002,2025-05-05 07:15:00,2025-05-05 07:16:00,1.0,Weather,Delayed,361,3140,296,168,479.0,80472,56.75675675675676,Spring
FL00078,2024-10-27,AL004,AC027,AP014,AP001,2024-10-27 06:45:00,2024-10-27 09:42:00,177.0,Weather,Severely Delayed,547,6272,325,266,531.0,141246,81.84615384615384,Autumn
FL00079,2024-02-06,AL002,AC009,AP015,AP008,2024-02-06 20:30:00,2024-02-06 22:18:00,108.0,Air Traffic,Delayed,692,2771,296,260,448.0,116480,87.83783783783784,Winter
FL00080,2023-07-14,AL007,AC031,AP021,AP013,2023-07-14 14:30:00,2023-07-14 14:30:00,0.0,No Delay,On Time,710,7364,300,220,338.0,74360,73.33333333333333,Summer
FL00081,2025-10-31,AL001,AC027,AP020,AP004,2025-10-31 14:15:00,2025-10-31 14:20:00,5.0,Security,Delayed,223,7630,325,276,522.0,144072,84.92307692307692,Autumn
FL00082,2025-01-27,AL009,AC015,AP024,AP003,2025-01-27 08:45:00,2025-01-27 08:58:00,13.0,Weather,Delayed,361,2336,396,195,361.0,70395,49.24242424242424,Winter
FL00083,2025-09-19,AL009,AC024,AP011,AP018,2025-09-19 22:30:00,2025-09-19 22:36:00,6.0,Air Traffic,Delayed,520,1237,296,191,575.0,109825,64.52702702702703,Autumn
FL00084,2023-12-22,AL008,AC009,AP022,AP008,2023-12-22 11:45:00,2023-12-22 11:53:00,8.0,Security,Delayed,455,7058,296,283,182.0,51506,95.6081081081081,Winter
FL00085,2024-06-03,AL010,AC030,AP015,AP005,2024-06-03 16:45:00,2024-06-03 16:57:00,12.0,Late Aircraft,Delayed,441,2498,325,216,327.0,70632,66.46153846153847,Summer
FL00086,2024-03-30,AL001,AC026,AP012,AP026,2024-03-30 07:00:00,2024-03-30 07:14:00,14.0,Weather,Delayed,230,3569,189,146,138.0,20148,77.24867724867724,Spring
FL00087,2025-09-05,AL004,AC013,AP025,AP020,2025-09-05 09:30:00,2025-09-05 09:45:00,15.0,Security,Delayed,266,4411,325,261,131.0,34191,80.3076923076923,Autumn
FL00088,2023-08-09,AL008,AC029,AP009,AP007,2023-08-09 12:15:00,2023-08-09 12:19:00,4.0,Crew,Delayed,413,7887,220,132,591.0,78012,60.0,Summer
FL00089,2024-02-27,AL006,AC018,AP001,AP030,2024-02-27 18:45:00,2024-02-27 21:42:00,177.0,Air Traffic,Severely Delayed,330,2963,189,123,96.0,11808,65.07936507936508,Winter
FL00090,2025-06-20,AL001,AC034,AP030,AP017,2025-06-20 09:15:00,2025-06-20 09:16:00,1.0,Weather,Delayed,615,3593,300,222,558.0,123876,74.0,Summer
FL00091,2023-05-18,AL007,AC005,AP019,AP012,2023-05-18 20:30:00,2023-05-18 20:37:00,7.0,Technical,Delayed,316,2615,325,268,160.0,42880,82.46153846153847,Spring
FL00092,2023-06-18,AL004,AC009,AP027,AP015,2023-06-18 18:30:00,2023-06-18 18:38:00,8.0,Air Traffic,Delayed,461,4460,296,267,73.0,19491,90.2027027027027,Summer
FL00093,2023-08-04,AL008,AC027,AP030,AP001,2023-08-04 19:45:00,2023-08-04 19:45:00,0.0,No Delay,On Time,579,6730,325,204,230.0,46920,62.76923076923077,Summer
FL00094,2025-01-14,AL004,AC013,AP013,AP020,2025-01-14 06:00:00,2025-01-14 07:19:00,79.0,Security,Delayed,689,6870,325,234,499.0,116766,72.0,Winter
FL00095,2024-08-24,AL001,AC009,AP020,AP024,2024-08-24 07:00:00,2024-08-24 07:00:00,0.0,No Delay,On Time,175,7798,296,192,230.0,44160,64.86486486486487,Summer
FL00096,2025-03-29,AL008,AC012,AP012,AP010,2025-03-29 09:45:00,2025-03-29 09:58:00,13.0,Security,Delayed,245,3762,189,121,262.0,31702,64.02116402116403,Spring
FL00097,2025-12-04,AL010,AC010,AP007,AP025,2025-12-04 05:15:00,2025-12-04 05:22:00,7.0,Technical,Delayed,352,8271,396,255,450.0,114750,64.39393939393939,Winter
FL00098,2024-08-27,AL006,AC027,AP001,AP029,2024-08-27 18:30:00,2024-08-27 18:31:00,1.0,Security,Delayed,132,6664,325,321,578.0,185538,98.76923076923076,Summer
FL00099,2023-12-06,AL008,AC019,AP016,AP027,2023-12-06 07:15:00,2023-12-06 08:25:00,70.0,Weather,Delayed,392,524,296,244,399.0,97356,82.43243243243244,Winter
FL00100,2023-12-04,AL010,AC010,AP006,AP018,2023-12-04 10:15:00,2023-12-04 10:24:00,9.0,Air Traffic,Delayed,455,1899,396,232,478.0,110896,58.58585858585859,Winter
FL00101,2025-09-26,AL005,AC019,AP012,AP028,2025-09-26 08:00:00,2025-09-26 08:01:00,1.0,Security,Delayed,139,5283,296,211,426.0,89886,71.28378378378379,Autumn
FL00102,2024-01-19,AL005,AC040,AP028,AP023,2024-01-19 16:15:00,2024-01-19 16:16:00,1.0,Technical,Delayed,301,3806,220,159,601.0,95559,72.27272727272728,Winter
FL00103,2024-07-27,AL003,AC016,AP026,AP027,2024-07-27 17:30:00,2024-07-27 17:32:00,2.0,Crew,Delayed,276,3553,189,121,231.0,27951,64.02116402116403,Summer
FL00104,2025-10-10,AL008,AC001,AP001,AP008,2025-10-10 10:30:00,2025-10-10 10:34:00,4.0,Weather,Delayed,520,5366,325,254,564.0,143256,78.15384615384615,Autumn
FL00105,2023-09-05,AL004,AC004,AP030,AP003,2023-09-05 12:15:00,2023-09-05 12:41:00,26.0,Weather,Delayed,403,7749,180,113,331.0,37403,62.77777777777778,Autumn
FL00106,2025-11-04,AL004,AC024,AP023,AP011,2025-11-04 21:45:00,2025-11-04 23:12:00,87.0,Crew,Delayed,384,3789,296,204,188.0,38352,68.91891891891892,Autumn
FL00107,2025-04-10,AL007,AC029,AP028,AP014,2025-04-10 07:45:00,2025-04-10 07:58:00,13.0,Weather,Delayed,524,1511,220,169,227.0,38363,76.81818181818181,Spring
FL00108,2025-07-13,AL004,AC023,AP005,AP001,2025-07-13 17:30:00,2025-07-13 17:39:00,9.0,Weather,Delayed,231,6779,180,140,148.0,20720,77.77777777777779,Summer
FL00109,2024-09-21,AL009,AC028,AP011,AP030,2024-09-21 07:00:00,2024-09-21 09:07:00,127.0,Security,Severely Delayed,646,7387,296,217,321.0,69657,73.3108108108108,Autumn
FL00110,2024-08-15,AL004,AC036,AP020,AP018,2024-08-15 07:45:00,2024-08-15 09:59:00,134.0,Air Traffic,Severely Delayed,526,774,180,127,485.0,61595,70.55555555555556,Summer
FL00111,2025-01-22,AL010,AC009,AP011,AP007,2025-01-22 20:45:00,2025-01-22 21:00:00,15.0,Weather,Delayed,184,2904,296,205,525.0,107625,69.25675675675676,Winter
FL00112,2023-08-27,AL007,AC027,AP008,AP024,2023-08-27 15:00:00,2023-08-27 15:09:00,9.0,Technical,Delayed,467,7450,325,237,151.0,35787,72.92307692307692,Summer
FL00113,2023-05-24,AL007,AC009,AP009,AP028,2023-05-24 22:30:00,2023-05-24 22:40:00,10.0,Air Traffic,Delayed,574,2008,296,212,150.0,31800,71.62162162162163,Spring
FL00114,2024-04-09,AL001,AC001,AP013,AP012,2024-04-09 13:15:00,2024-04-09 13:15:00,0.0,No Delay,On Time,173,3469,325,239,397.0,94883,73.53846153846155,Spring
FL00115,2024-10-01,AL007,AC022,AP020,AP030,2024-10-01 05:45:00,2024-10-01 05:59:00,14.0,Air Traffic,Delayed,250,2640,300,198,415.0,82170,66.0,Autumn
FL00116,2024-05-09,AL009,AC036,AP026,AP008,2024-05-09 10:00:00,2024-05-09 10:10:00,10.0,Weather,Delayed,395,4577,180,154,234.0,36036,85.55555555555556,Spring
FL00117,2025-10-03,AL007,AC014,AP018,AP007,2025-10-03 15:15:00,2025-10-03 15:19:00,4.0,Late Aircraft,Cancelled,277,1733,325,0,74.0,0,0.0,Autumn
FL00118,2025-01-21,AL010,AC033,AP001,AP003,2025-01-21 07:30:00,2025-01-21 07:41:00,11.0,Security,Delayed,88,3634,220,135,416.0,56160,61.36363636363637,Winter
FL00119,2025-06-04,AL001,AC011,AP026,AP027,2025-06-04 14:15:00,2025-06-04 14:15:00,0.0,No Delay,On Time,333,4007,300,157,476.0,74732,52.33333333333333,Summer
FL00120,2024-05-31,AL002,AC009,AP027,AP001,2024-05-31 12:15:00,2024-05-31 12:28:00,13.0,Crew,Delayed,648,5547,296,215,341.0,73315,72.63513513513513,Spring
FL00121,2023-05-30,AL005,AC007,AP010,AP003,2023-05-30 16:15:00,2023-05-30 16:25:00,10.0,Unknown,Delayed,105,4508,300,262,586.0,153532,87.33333333333333,Spring
FL00122,2024-06-28,AL008,AC010,AP029,AP019,2024-06-28 08:15:00,2024-06-28 08:19:00,4.0,Technical,Delayed,424,1814,396,348,298.0,103704,87.87878787878788,Summer
FL00123,2023-04-17,AL010,AC031,AP003,AP024,2023-04-17 14:45:00,2023-04-17 14:48:00,3.0,Air Traffic,Delayed,423,5895,300,202,563.0,113726,67.33333333333333,Spring
FL00124,2023-12-26,AL009,AC002,AP019,AP029,2023-12-26 05:30:00,2023-12-26 05:40:00,10.0,Weather,Delayed,123,7638,300,260,278.0,72280,86.66666666666667,Winter
FL00125,2025-02-08,AL006,AC027,AP005,AP002,2025-02-08 08:15:00,2025-02-08 08:28:00,13.0,Weather,Delayed,680,1766,325,241,577.0,139057,74.15384615384616,Winter
FL00126,2024-05-03,AL009,AC028,AP005,AP021,2024-05-03 05:00:00,2024-05-03 07:09:00,129.0,Crew,Severely Delayed,50,4183,296,235,187.0,43945,79.3918918918919,Spring
FL00127,2025-07-02,AL007,AC039,AP005,AP017,2025-07-02 17:45:00,2025-07-02 17:59:00,14.0,Late Aircraft,Delayed,399,6641,300,280,309.0,86520,93.33333333333331,Summer
FL00128,2025-03-01,AL005,AC019,AP022,AP012,2025-03-01 16:30:00,2025-03-01 16:38:00,8.0,Security,Delayed,124,3237,296,180,315.0,56700,60.810810810810814,Spring
FL00129,2023-02-23,AL003,AC026,AP005,AP007,2023-02-23 20:45:00,2023-02-23 20:56:00,11.0,Air Traffic,Delayed,666,3728,189,165,523.0,86295,87.3015873015873,Winter
FL00130,2023-11-27,AL004,AC021,AP005,AP030,2023-11-27 17:45:00,2023-11-27 17:56:00,11.0,Crew,Delayed,537,4835,325,256,400.0,102400,78.76923076923077,Autumn
FL00131,2024-05-10,AL005,AC027,AP016,AP027,2024-05-10 17:00:00,2024-05-10 17:07:00,7.0,Air Traffic,Delayed,719,7843,325,247,143.0,35321,76.0,Spring
FL00132,2025-06-15,AL008,AC034,AP022,AP028,2025-06-15 22:00:00,2025-06-15 22:10:00,10.0,Technical,Delayed,353,3662,300,217,203.0,44051,72.33333333333334,Summer
FL00133,2025-05-31,AL007,AC026,AP022,AP024,2025-05-31 06:15:00,2025-05-31 07:57:00,102.0,Crew,Delayed,482,7797,189,107,491.0,52537,56.61375661375661,Spring
FL00134,2023-12-17,AL010,AC016,AP029,AP017,2023-12-17 19:15:00,2023-12-17 19:23:00,8.0,Security,Delayed,420,6254,189,184,638.0,117392,97.35449735449735,Winter
FL00135,2024-08-06,AL005,AC028,AP020,AP030,2024-08-06 13:30:00,2024-08-06 13:43:00,13.0,Late Aircraft,Delayed,507,837,296,293,639.0,187227,98.98648648648648,Summer
FL00136,2025-11-29,AL008,AC002,AP012,AP015,2025-11-29 15:15:00,2025-11-29 15:18:00,3.0,Crew,Delayed,391,7296,300,260,605.0,157300,86.66666666666667,Autumn
FL00137,2025-06-05,AL002,AC031,AP027,AP030,2025-06-05 11:30:00,2025-06-05 11:33:00,3.0,Crew,Delayed,325,2840,300,216,303.0,65448,72.0,Summer
FL00138,2025-11-19,AL008,AC026,AP025,AP029,2025-11-19 19:30:00,2025-11-19 20:50:00,80.0,Crew,Delayed,691,8254,189,148,97.0,14356,78.3068783068783,Autumn
FL00139,2025-11-09,AL004,AC030,AP002,AP028,2025-11-09 06:15:00,2025-11-09 06:24:00,9.0,Crew,Delayed,691,6734,325,283,595.0,168385,87.07692307692308,Autumn
FL00140,2023-10-21,AL004,AC012,AP019,AP011,2023-10-21 22:30:00,2023-10-21 22:41:00,11.0,Late Aircraft,Delayed,620,2567,189,151,450.0,67950,79.8941798941799,Autumn
FL00141,2023-01-02,AL006,AC033,AP028,AP004,2023-01-02 15:15:00,2023-01-02 17:44:00,149.0,Crew,Severely Delayed,359,3451,220,200,104.0,20800,90.9090909090909,Winter
FL00142,2023-05-14,AL010,AC039,AP013,AP007,2023-05-14 20:45:00,2023-05-14 20:55:00,10.0,Weather,Delayed,291,3603,300,241,184.0,44344,80.33333333333333,Spring
FL00143,2023-12-28,AL009,AC002,AP013,AP030,2023-12-28 19:30:00,2023-12-28 19:41:00,11.0,Crew,Delayed,205,5498,300,210,384.0,80640,70.0,Winter
FL00144,2024-08-12,AL006,AC032,AP025,AP009,2024-08-12 11:00:00,2024-08-12 11:10:00,10.0,Technical,Delayed,353,8048,396,240,80.0,19200,60.60606060606061,Summer
FL00145,2023-01-26,AL007,AC029,AP022,AP017,2023-01-26 13:15:00,2023-01-26 13:27:00,12.0,Late Aircraft,Delayed,678,3811,220,151,82.0,12382,68.63636363636364,Winter
FL00146,2024-09-01,AL005,AC031,AP007,AP008,2024-09-01 12:00:00,2024-09-01 12:01:00,1.0,Security,Delayed,233,4083,300,219,563.0,123297,73.0,Autumn
FL00147,2024-09-21,AL001,AC016,AP009,AP026,2024-09-21 05:45:00,2024-09-21 05:46:00,1.0,Late Aircraft,Delayed,495,7157,189,116,443.0,51388,61.37566137566137,Autumn
FL00148,2024-04-22,AL002,AC032,AP026,AP030,2024-04-22 20:30:00,2024-04-22 20:40:00,10.0,Crew,Delayed,116,4131,396,325,378.0,122850,82.07070707070707,Spring
FL00149,2024-03-30,AL002,AC002,AP021,AP006,2024-03-30 14:00:00,2024-03-30 14:01:00,1.0,Weather,Delayed,147,1725,300,232,74.0,17168,77.33333333333333,Spring
FL00150,2024-03-18,AL006,AC038,AP024,AP011,2024-03-18 22:00:00,2024-03-18 22:13:00,13.0,Air Traffic,Delayed,536,4926,189,150,285.0,42750,79.36507936507937,Spring
FL00151,2024-08-16,AL006,AC004,AP028,AP012,2024-08-16 16:30:00,2024-08-16 16:34:00,4.0,Air Traffic,Delayed,235,931,180,160,362.0,73600,88.88888888888889,Summer
FL00152,2024-02-10,AL009,AC019,AP007,AP001,2024-02-10 22:30:00,2024-02-11 01:21:00,171.0,Air Traffic,Severely Delayed,53,6538,296,234,157.0,36738,79.05405405405406,Winter
FL00153,2024-03-15,AL004,AC013,AP018,AP016,2024-03-15 05:00:00,2024-03-15 05:04:00,4.0,Air Traffic,Delayed,293,7521,325,251,592.0,148592,77.23076923076924,Spring
FL00154,2024-04-09,AL008,AC026,AP004,AP013,2024-04-09 16:15:00,2024-04-09 18:03:00,108.0,Crew,Delayed,304,8367,189,178,576.0,102528,94.17989417989418,Spring
FL00155,2025-11-02,AL005,AC024,AP018,AP014,2025-11-02 20:15:00,2025-11-02 20:41:00,26.0,Late Aircraft,Delayed,240,1997,296,235,321.0,75435,79.3918918918919,Autumn
FL00156,2023-04-03,AL004,AC028,AP022,AP023,2023-04-03 17:30:00,2023-04-03 17:45:00,15.0,Security,Delayed,78,2564,296,208,237.0,49296,70.27027027027027,Spring
FL00157,2024-09-10,AL006,AC026,AP030,AP025,2024-09-10 15:45:00,2024-09-10 15:55:00,10.0,Security,Delayed,715,420,189,135,81.0,10935,71.42857142857143,Autumn
FL00158,2023-06-15,AL007,AC007,AP029,AP008,2023-06-15 11:30:00,2023-06-15 11:32:00,2.0,Technical,Delayed,204,6931,300,222,572.0,126984,74.0,Summer
FL00159,2023-01-15,AL007,AC010,AP004,AP020,2023-01-15 13:15:00,2023-01-15 13:21:00,6.0,Crew,Delayed,414,7389,396,261,313.0,81693,65.9090909090909,Winter
FL00160,2024-09-17,AL002,AC036,AP006,AP025,2024-09-17 18:45:00,2024-09-17 18:50:00,5.0,Air Traffic,Delayed,359,1628,180,144,606.0,87264,80.0,Autumn
FL00161,2024-10-02,AL009,AC029,AP019,AP012,2024-10-02 12:00:00,2024-10-02 12:02:00,2.0,Crew,Delayed,52,3351,220,195,199.0,38805,88.63636363636364,Autumn
FL00162,2024-04-25,AL003,AC011,AP022,AP013,2024-04-25 19:45:00,2024-04-25 19:53:00,8.0,Security,Delayed,584,8441,300,266,282.0,75012,88.66666666666667,Spring
FL00163,2025-11-27,AL005,AC032,AP030,AP007,2025-11-27 07:15:00,2025-11-27 07:30:00,15.0,Weather,Cancelled,282,2672,396,0,363.0,0,0.0,Autumn
FL00164,2025-08-01,AL008,AC028,AP010,AP017,2025-08-01 07:00:00,2025-08-01 07:02:00,2.0,Technical,Delayed,661,1538,296,211,362.0,120270,71.28378378378379,Summer
FL00165,2025-12-22,AL009,AC031,AP030,AP027,2025-12-22 22:15:00,2025-12-22 22:23:00,8.0,Technical,Delayed,612,3946,300,206,76.0,15656,68.66666666666667,Winter
FL00166,2024-03-21,AL006,AC001,AP027,AP020,2024-03-21 11:45:00,2024-03-21 11:47:00,2.0,Crew,Delayed,76,594,325,212,123.0,26076,65.23076923076923,Spring
FL00167,2024-06-10,AL007,AC010,AP002,AP025,2024-06-10 18:15:00,2024-06-10 18:21:00,6.0,Weather,Delayed,358,8372,396,318,134.0,42612,80.3030303030303,Summer
FL00168,2025-12-21,AL002,AC009,AP018,AP024,2025-12-21 21:30:00,2025-12-21 21:33:00,3.0,Crew,Delayed,564,2511,296,293,541.0,158513,98.98648648648648,Winter
FL00169,2025-06-11,AL009,AC039,AP004,AP007,2025-06-11 15:15:00,2025-06-11 15:22:00,7.0,Air Traffic,Delayed,54,7431,300,212,427.0,90524,70.66666666666667,Summer
FL00170,2023-12-28,AL009,AC032,AP012,AP006,2023-12-28 09:00:00,2023-12-28 09:02:00,2.0,Late Aircraft,Delayed,275,5632,396,312,377.0,117624,78.78787878787878,Winter
FL00171,2024-07-03,AL009,AC012,AP006,AP008,2024-07-03 21:00:00,2024-07-03 21:00:00,0.0,No Delay,On Time,504,3780,189,162,132.0,21384,85.71428571428571,Summer
FL00172,2023-08-11,AL005,AC026,AP025,AP019,2023-08-11 13:45:00,2023-08-11 13:57:00,12.0,Weather,Delayed,257,1821,189,163,412.0,67156,86.24338624338624,Summer
FL00173,2024-03-18,AL001,AC025,AP002,AP023,2024-03-18 20:45:00,2024-03-18 20:47:00,2.0,Security,Delayed,488,5041,296,219,329.0,72051,73.98648648648648,Spring
FL00174,2025-10-27,AL003,AC030,AP019,AP018,2025-10-27 21:15:00,2025-10-27 21:20:00,5.0,Security,Delayed,415,4362,325,236,75.0,17700,72.61538461538461,Autumn
FL00175,2025-04-25,AL005,AC032,AP009,AP016,2025-04-25 14:15:00,2025-04-25 14:18:00,3.0,Technical,Delayed,429,5649,396,333,571.0,190143,84.0909090909091,Spring
FL00176,2023-08-30,AL007,AC017,AP010,AP022,2023-08-30 08:15:00,2023-08-30 08:25:00,10.0,Crew,Delayed,592,6451,296,146,504.0,73584,49.32432432432432,Summer
FL00177,2024-07-17,AL003,AC007,AP007,AP012,2024-07-17 16:15:00,2024-07-17 16:34:00,19.0,Air Traffic,Delayed,435,1696,300,192,571.0,109632,64.0,Summer
FL00178,2023-11-30,AL008,AC018,AP019,AP030,2023-11-30 06:15:00,2023-11-30 06:17:00,2.0,Weather,Delayed,709,3590,189,134,189.0,25326,70.8994708994709,Autumn
FL00179,2024-08-29,AL005,AC017,AP030,AP008,2024-08-29 05:00:00,2024-08-29 05:14:00,14.0,Security,Delayed,226,1135,296,240,471.0,113040,81.08108108108108,Summer
FL00180,2023-06-15,AL010,AC019,AP016,AP018,2023-06-15 21:45:00,2023-06-15 21:56:00,11.0,Security,Delayed,494,3935,296,203,245.0,49735,68.58108108108108,Summer
FL00181,2025-05-01,AL005,AC019,AP009,AP027,2025-05-01 13:00:00,2025-05-01 13:11:00,11.0,Late Aircraft,Delayed,705,1585,296,168,136.0,22848,56.75675675675676,Spring
FL00182,2024-05-29,AL007,AC011,AP013,AP016,2024-05-29 20:30:00,2024-05-29 20:43:00,13.0,Late Aircraft,Delayed,428,4721,300,229,591.0,135339,76.33333333333333,Spring
FL00183,2025-05-09,AL007,AC040,AP007,AP012,2025-05-09 15:30:00,2025-05-09 15:32:00,2.0,Air Traffic,Delayed,655,6641,220,169,621.0,104949,76.81818181818181,Spring
FL00184,2025-09-13,AL006,AC019,AP030,AP007,2025-09-13 21:45:00,2025-09-13 21:48:00,3.0,Technical,Delayed,459,3530,296,256,502.0,128512,86.48648648648648,Autumn
FL00185,2024-01-02,AL005,AC017,AP014,AP021,2024-01-02 13:15:00,2024-01-02 13:24:00,9.0,Air Traffic,Delayed,507,3588,296,293,391.0,114563,98.98648648648648,Winter
FL00186,2024-11-03,AL005,AC018,AP023,AP004,2024-11-03 18:30:00,2024-11-03 18:43:00,13.0,Security,Delayed,636,2455,189,164,638.0,104632,86.77248677248677,Autumn
FL00187,2025-08-09,AL009,AC006,AP030,AP023,2025-08-09 21:45:00,2025-08-09 21:55:00,10.0,Air Traffic,Delayed,639,6361,300,257,600.0,154200,85.66666666666667,Summer
FL00188,2024-01-13,AL009,AC012,AP012,AP008,2024-01-13 07:00:00,2024-01-13 07:11:00,11.0,Unknown,Delayed,161,797,189,139,233.0,32387,73.54497354497354,Winter
FL00189,2025-02-10,AL002,AC001,AP022,AP004,2025-02-10 12:00:00,2025-02-10 12:07:00,7.0,Weather,Delayed,569,3170,325,321,101.0,32421,98.76923076923076,Winter
FL00190,2025-05-30,AL002,AC014,AP007,AP020,2025-05-30 08:15:00,2025-05-30 08:24:00,9.0,Technical,Delayed,635,2843,325,235,193.0,45355,72.3076923076923,Spring
FL00191,2023-04-22,AL003,AC006,AP005,AP026,2023-04-22 14:30:00,2023-04-22 14:34:00,4.0,Air Traffic,Cancelled,644,1054,300,0,518.0,0,0.0,Spring
FL00192,2023-06-08,AL004,AC024,AP023,AP013,2023-06-08 16:00:00,2023-06-08 16:08:00,8.0,Security,Delayed,603,492,296,219,433.0,94827,73.98648648648648,Summer
FL00193,2024-11-30,AL008,AC036,AP002,AP021,2024-11-30 21:30:00,2024-11-30 21:42:00,12.0,Late Aircraft,Delayed,383,5214,180,125,526.0,65750,69.44444444444444,Autumn
FL00194,2025-05-02,AL008,AC034,AP011,AP022,2025-05-02 07:00:00,2025-05-02 07:14:00,14.0,Crew,Delayed,300,3140,300,296,459.0,135864,98.66666666666669,Spring
FL00195,2025-03-10,AL004,AC016,AP019,AP025,2025-03-10 10:45:00,2025-03-10 10:45:00,0.0,No Delay,On Time,228,6479,189,141,278.0,39198,74.60317460317461,Spring
FL00196,2023-03-12,AL006,AC005,AP024,AP004,2023-03-12 15:45:00,2023-03-12 15:54:00,9.0,Weather,Delayed,593,2440,325,275,255.0,70125,84.61538461538461,Spring
FL00197,2024-08-12,AL001,AC001,AP029,AP011,2024-08-12 06:30:00,2024-08-12 06:39:00,9.0,Weather,Delayed,400,7664,325,239,475.0,113525,73.53846153846155,Summer
FL00198,2023-09-06,AL003,AC008,AP020,AP001,2023-09-06 17:00:00,2023-09-06 17:45:00,45.0,Security,Delayed,209,5868,300,197,201.0,39597,65.66666666666666,Autumn
FL00199,2025-11-17,AL007,AC037,AP011,AP027,2025-11-17 11:15:00,2025-11-17 12:25:00,70.0,Air Traffic,Delayed,104,1054,220,135,525.0,70875,61.36363636363637,Autumn
FL00200,2023-01-17,AL006,AC007,AP003,AP013,2023-01-17 10:00:00,2023-01-17 11:56:00,116.0,Late Aircraft,Delayed,96,3907,300,151,206.0,31106,50.33333333333333,Winter
FL00201,2025-06-16,AL007,AC033,AP004,AP007,2025-06-16 08:15:00,2025-06-16 08:30:00,15.0,Technical,Delayed,509,3992,220,211,610.0,128710,95.9090909090909,Summer
FL00202,2023-10-21,AL001,AC024,AP009,AP019,2023-10-21 14:00:00,2023-10-21 14:08:00,8.0,Security,Delayed,220,2665,296,254,165.0,41910,85.8108108108108,Autumn
FL00203,2025-05-30,AL004,AC021,AP029,AP009,2025-05-30 18:45:00,2025-05-30 18:59:00,14.0,Technical,Delayed,442,1608,325,229,445.0,101905,70.46153846153847,Spring
FL00204,2023-07-11,AL007,AC019,AP028,AP013,2023-07-11 14:45:00,2023-07-11 14:49:00,4.0,Air Traffic,Delayed,680,5745,296,255,554.0,141270,86.14864864864865,Summer
FL00205,2025-06-07,AL005,AC009,AP019,AP006,2025-06-07 14:30:00,2025-06-07 14:39:00,9.0,Air Traffic,Delayed,127,4788,296,293,429.0,125697,98.98648648648648,Summer
FL00206,2023-03-31,AL010,AC026,AP005,AP014,2023-03-31 06:30:00,2023-03-31 06:37:00,7.0,Late Aircraft,Delayed,313,6420,189,148,210.0,31080,78.3068783068783,Spring
FL00207,2025-04-17,AL004,AC014,AP029,AP003,2025-04-17 21:00:00,2025-04-17 22:23:00,83.0,Air Traffic,Delayed,363,1105,325,198,489.0,96822,60.92307692307693,Spring
FL00208,2023-04-24,AL006,AC004,AP007,AP021,2023-04-24 16:30:00,2023-04-24 18:10:00,100.0,Weather,Delayed,190,2426,180,178,416.0,74048,98.88888888888889,Spring
FL00209,2024-02-03,AL008,AC039,AP030,AP001,2024-02-03 06:30:00,2024-02-03 06:32:00,2.0,Late Aircraft,Delayed,326,8135,300,240,458.0,109920,80.0,Winter
FL00210,2023-03-31,AL003,AC005,AP017,AP011,2023-03-31 22:00:00,2023-03-31 22:10:00,10.0,Weather,Delayed,518,4479,325,239,271.0,64769,73.53846153846155,Spring
FL00211,2025-03-07,AL010,AC029,AP006,AP019,2025-03-07 12:45:00,2025-03-07 13:08:00,23.0,Crew,Delayed,364,4398,220,179,607.0,108653,81.36363636363636,Spring
FL00212,2024-07-31,AL003,AC023,AP022,AP013,2024-07-31 16:00:00,2024-07-31 16:11:00,11.0,Late Aircraft,Delayed,353,1043,180,114,269.0,30666,63.33333333333333,Summer
FL00213,2024-06-24,AL010,AC033,AP013,AP019,2024-06-24 14:00:00,2024-06-24 14:09:00,9.0,Crew,Delayed,525,1202,220,190,174.0,33060,86.36363636363636,Summer
FL00214,2025-10-29,AL002,AC034,AP022,AP002,2025-10-29 10:15:00,2025-10-29 10:16:00,1.0,Security,Delayed,421,5240,300,197,149.0,29353,65.66666666666666,Autumn
FL00215,2025-03-19,AL006,AC005,AP020,AP004,2025-03-19 14:30:00,2025-03-19 14:42:00,12.0,Weather,Delayed,376,670,325,269,649.0,174581,82.76923076923077,Spring
FL00216,2025-11-10,AL007,AC007,AP017,AP022,2025-11-10 13:15:00,2025-11-10 13:30:00,15.0,Late Aircraft,Delayed,200,6408,300,232,293.0,67976,77.33333333333333,Autumn
FL00217,2024-03-14,AL001,AC012,AP016,AP008,2024-03-14 16:30:00,2024-03-14 16:30:00,0.0,No Delay,On Time,115,631,189,152,611.0,92872,80.42328042328042,Spring
FL00218,2024-08-30,AL006,AC024,AP005,AP012,2024-08-30 11:00:00,2024-08-30 11:59:00,59.0,Technical,Delayed,574,3098,296,199,390.0,77610,67.22972972972973,Summer
FL00219,2025-01-17,AL005,AC030,AP019,AP022,2025-01-17 20:00:00,2025-01-17 20:00:00,0.0,No Delay,On Time,285,4909,325,179,617.0,110443,55.07692307692308,Winter
FL00220,2024-07-05,AL004,AC024,AP020,AP028,2024-07-05 18:45:00,2024-07-05 18:52:00,7.0,Technical,Delayed,238,2176,296,207,483.0,99981,69.93243243243244,Summer
FL00221,2023-10-09,AL002,AC035,AP029,AP008,2023-10-09 13:00:00,2023-10-09 13:10:00,10.0,Technical,Delayed,520,4615,189,150,471.0,70650,79.36507936507937,Autumn
FL00222,2024-11-18,AL004,AC036,AP007,AP010,2024-11-18 22:15:00,2024-11-18 22:27:00,12.0,Air Traffic,Delayed,125,8448,180,157,220.0,34540,87.22222222222223,Autumn
FL00223,2023-05-06,AL008,AC016,AP018,AP019,2023-05-06 08:30:00,2023-05-06 08:33:00,3.0,Technical,Delayed,480,3243,189,154,461.0,70994,81.48148148148148,Spring
FL00224,2024-12-17,AL005,AC002,AP011,AP014,2024-12-17 19:45:00,2024-12-17 19:59:00,14.0,Late Aircraft,Delayed,483,7430,300,236,580.0,136880,78.66666666666666,Winter
FL00225,2024-06-28,AL003,AC022,AP005,AP007,2024-06-28 06:00:00,2024-06-28 06:05:00,5.0,Security,Delayed,285,5938,300,226,353.0,79778,75.33333333333333,Summer
FL00226,2025-05-19,AL005,AC025,AP010,AP019,2025-05-19 20:00:00,2025-05-19 20:15:00,15.0,Late Aircraft,Delayed,566,8309,296,270,381.0,102870,91.2162162162162,Spring
FL00227,2024-12-04,AL001,AC010,AP004,AP003,2024-12-04 09:30:00,2024-12-04 09:37:00,7.0,Air Traffic,Delayed,336,4915,396,392,112.0,43904,98.989898989899,Winter
FL00228,2024-12-31,AL002,AC022,AP029,AP026,2024-12-31 22:30:00,2025-01-01 00:05:00,95.0,Security,Delayed,271,4662,300,228,400.0,91200,76.0,Winter
FL00229,2023-08-20,AL001,AC002,AP006,AP007,2023-08-20 15:30:00,2023-08-20 15:40:00,10.0,Air Traffic,Delayed,112,2786,300,273,449.0,122577,91.0,Summer
FL00230,2025-07-04,AL007,AC035,AP002,AP011,2025-07-04 07:45:00,2025-07-04 07:52:00,7.0,Weather,Delayed,250,543,189,174,403.0,70122,92.06349206349206,Summer
FL00231,2024-10-31,AL007,AC023,AP004,AP016,2024-10-31 20:15:00,2024-10-31 20:21:00,6.0,Air Traffic,Delayed,122,8052,180,131,126.0,16506,72.77777777777777,Autumn
FL00232,2025-03-01,AL002,AC001,AP026,AP030,2025-03-01 19:45:00,2025-03-01 22:27:00,162.0,Crew,Severely Delayed,146,4234,325,305,646.0,197030,93.84615384615384,Spring
FL00233,2025-12-09,AL009,AC021,AP023,AP026,2025-12-09 19:00:00,2025-12-09 19:15:00,15.0,Technical,Delayed,643,7575,325,222,270.0,59940,68.3076923076923,Winter
FL00234,2024-05-24,AL006,AC030,AP015,AP028,2024-05-24 07:30:00,2024-05-24 07:36:00,6.0,Crew,Delayed,138,2730,325,282,377.0,106314,86.76923076923076,Spring
FL00235,2024-02-07,AL010,AC038,AP028,AP018,2024-02-07 18:15:00,2024-02-07 18:28:00,13.0,Security,Delayed,404,4170,189,153,416.0,63648,80.95238095238095,Winter
FL00236,2024-02-24,AL006,AC016,AP024,AP005,2024-02-24 21:15:00,2024-02-24 21:18:00,3.0,Security,Delayed,360,1099,189,148,186.0,27528,78.3068783068783,Winter
FL00237,2025-07-11,AL002,AC007,AP017,AP008,2025-07-11 19:30:00,2025-07-11 19:34:00,4.0,Crew,Delayed,251,1515,300,247,313.0,77311,82.33333333333334,Summer
FL00238,2025-01-15,AL010,AC037,AP004,AP020,2025-01-15 14:30:00,2025-01-15 14:39:00,9.0,Technical,Delayed,546,3568,220,132,389.0,51348,60.0,Winter
FL00239,2023-12-14,AL006,AC021,AP001,AP013,2023-12-14 19:30:00,2023-12-14 22:12:00,162.0,Air Traffic,Severely Delayed,548,3460,325,162,634.0,102708,49.84615384615385,Winter
FL00240,2025-12-31,AL005,AC019,AP018,AP030,2025-12-31 14:30:00,2025-12-31 14:31:00,1.0,Late Aircraft,Delayed,469,7403,296,217,494.0,107198,73.3108108108108,Winter
FL00241,2023-04-16,AL005,AC026,AP020,AP021,2023-04-16 14:00:00,2023-04-16 14:03:00,3.0,Crew,Delayed,144,3042,189,149,99.0,14751,78.83597883597884,Spring
FL00242,2024-05-10,AL005,AC028,AP030,AP007,2024-05-10 12:30:00,2024-05-10 12:38:00,8.0,Security,Delayed,483,622,296,190,255.0,48450,64.1891891891892,Spring
FL00243,2024-10-22,AL003,AC011,AP014,AP003,2024-10-22 14:00:00,2024-10-22 14:43:00,43.0,Weather,Delayed,444,5883,300,225,276.0,62100,75.0,Autumn
FL00244,2024-10-14,AL008,AC038,AP012,AP005,2024-10-14 13:15:00,2024-10-14 13:25:00,10.0,Weather,Delayed,214,3464,189,95,471.0,44745,50.264550264550266,Autumn
FL00245,2025-03-05,AL002,AC029,AP021,AP023,2025-03-05 20:00:00,2025-03-05 20:03:00,3.0,Air Traffic,Delayed,497,7347,220,114,211.0,24054,51.81818181818182,Spring
FL00246,2023-10-23,AL008,AC032,AP003,AP024,2023-10-23 15:00:00,2023-10-23 15:12:00,12.0,Late Aircraft,Delayed,703,4087,396,263,447.0,117561,66.41414141414141,Autumn
FL00247,2024-12-20,AL002,AC014,AP023,AP030,2024-12-20 08:15:00,2024-12-20 08:21:00,6.0,Late Aircraft,Delayed,90,8390,325,217,281.0,60977,66.76923076923077,Winter
FL00248,2023-10-23,AL008,AC039,AP007,AP015,2023-10-23 22:00:00,2023-10-23 22:15:00,15.0,Security,Delayed,101,3200,300,158,523.0,82634,52.66666666666666,Autumn
FL00249,2023-05-07,AL008,AC031,AP011,AP007,2023-05-07 08:15:00,2023-05-07 08:24:00,9.0,Technical,Delayed,226,3024,300,244,230.0,56120,81.33333333333333,Spring
FL00250,2023-09-22,AL003,AC013,AP012,AP025,2023-09-22 20:30:00,2023-09-22 20:42:00,12.0,Weather,Delayed,658,1447,325,230,405.0,93150,70.76923076923077,Autumn
FL00251,2024-12-21,AL003,AC017,AP016,AP028,2024-12-21 19:00:00,2024-12-21 19:09:00,9.0,Weather,Delayed,525,2482,296,183,122.0,22326,61.82432432432432,Winter
FL00252,2025-04-03,AL002,AC001,AP011,AP019,2025-04-03 17:15:00,2025-04-03 17:23:00,8.0,Security,Delayed,135,5841,325,293,451.0,132143,90.15384615384616,Spring
FL00253,2023-06-30,AL007,AC013,AP001,AP025,2023-06-30 15:15:00,2023-06-30 15:21:00,6.0,Weather,Delayed,322,1166,325,264,94.0,24816,81.23076923076923,Summer
FL00254,2025-02-10,AL006,AC006,AP025,AP030,2025-02-10 20:45:00,2025-02-10 22:49:00,124.0,Air Traffic,Severely Delayed,268,4950,300,263,172.0,45236,87.66666666666667,Winter
FL00255,2025-04-12,AL001,AC036,AP019,AP029,2025-04-12 14:30:00,2025-04-12 14:43:00,13.0,Weather,Delayed,477,8155,180,117,117.0,13689,65.0,Spring
FL00256,2023-07-19,AL004,AC023,AP019,AP026,2023-07-19 16:30:00,2023-07-19 16:35:00,5.0,Security,Delayed,715,3144,180,119,574.0,68306,66.11111111111111,Summer
FL00257,2023-01-30,AL003,AC024,AP030,AP003,2023-01-30 13:15:00,2023-01-30 13:17:00,2.0,Air Traffic,Delayed,420,6298,296,233,96.0,22368,78.71621621621621,Winter
FL00258,2023-01-25,AL006,AC015,AP021,AP020,2023-01-25 06:00:00,2023-01-25 06:00:00,0.0,No Delay,On Time,538,6265,396,299,532.0,159068,75.5050505050505,Winter
FL00259,2023-02-08,AL008,AC029,AP016,AP017,2023-02-08 14:45:00,2023-02-08 14:48:00,3.0,Technical,Delayed,339,4506,220,131,308.0,40348,59.54545454545455,Winter
FL00260,2023-11-27,AL004,AC020,AP001,AP027,2023-11-27 21:45:00,2023-11-27 21:51:00,6.0,Late Aircraft,Delayed,537,917,396,265,551.0,146015,66.91919191919192,Autumn
FL00261,2023-02-02,AL004,AC021,AP017,AP016,2023-02-02 09:45:00,2023-02-02 09:48:00,3.0,Security,Delayed,547,7255,325,269,472.0,126968,82.76923076923077,Winter
FL00262,2024-05-23,AL002,AC034,AP025,AP022,2024-05-23 16:45:00,2024-05-23 16:59:00,14.0,Late Aircraft,Delayed,683,5279,300,171,464.0,79344,56.99999999999999,Spring
FL00263,2024-03-10,AL009,AC030,AP009,AP028,2024-03-10 15:30:00,2024-03-10 15:39:00,9.0,Crew,Delayed,691,6716,325,172,328.0,56416,52.92307692307693,Spring
FL00264,2023-06-29,AL001,AC030,AP023,AP026,2023-06-29 07:30:00,2023-06-29 07:39:00,9.0,Security,Delayed,151,5961,325,202,183.0,36966,62.15384615384615,Summer
FL00265,2024-03-11,AL001,AC012,AP015,AP019,2024-03-11 06:45:00,2024-03-11 08:26:00,101.0,Air Traffic,Delayed,145,8391,189,137,222.0,30414,72.4867724867725,Spring
FL00266,2024-12-14,AL010,AC001,AP023,AP015,2024-12-14 08:45:00,2024-12-14 08:45:00,0.0,No Delay,On Time,468,2517,325,298,442.0,131716,91.6923076923077,Winter
FL00267,2025-08-09,AL009,AC013,AP007,AP028,2025-08-09 07:00:00,2025-08-09 07:04:00,4.0,Late Aircraft,Delayed,152,824,325,262,554.0,145148,80.61538461538461,Summer
FL00268,2025-10-21,AL005,AC032,AP024,AP022,2025-10-21 22:00:00,2025-10-21 22:02:00,2.0,Late Aircraft,Cancelled,629,6017,396,0,614.0,0,0.0,Autumn
FL00269,2023-08-14,AL002,AC039,AP018,AP026,2023-08-14 22:00:00,2023-08-14 22:45:00,45.0,Security,Delayed,262,5393,300,228,189.0,43092,76.0,Summer
FL00270,2025-11-20,AL007,AC009,AP019,AP010,2025-11-20 22:30:00,2025-11-20 22:41:00,11.0,Weather,Delayed,454,2813,296,233,646.0,150518,78.71621621621621,Autumn
FL00271,2025-11-13,AL002,AC008,AP003,AP029,2025-11-13 08:15:00,2025-11-13 08:56:00,41.0,Technical,Delayed,709,1793,300,195,166.0,32370,65.0,Autumn
FL00272,2024-06-14,AL010,AC027,AP022,AP010,2024-06-14 13:00:00,2024-06-14 13:03:00,3.0,Weather,Delayed,591,5206,325,221,473.0,104533,68.0,Summer
FL00273,2025-12-20,AL007,AC014,AP030,AP014,2025-12-20 19:45:00,2025-12-20 19:59:00,14.0,Crew,Delayed,437,881,325,266,603.0,160398,81.84615384615384,Winter
FL00274,2023-04-22,AL007,AC013,AP006,AP030,2023-04-22 21:45:00,2023-04-22 21:48:00,3.0,Crew,Delayed,266,4115,325,249,302.0,75198,76.61538461538461,Spring
FL00275,2024-03-19,AL003,AC011,AP028,AP021,2024-03-19 13:00:00,2024-03-19 13:01:00,1.0,Air Traffic,Delayed,671,1638,300,222,441.0,97902,74.0,Spring
FL00276,2024-09-27,AL003,AC033,AP021,AP010,2024-09-27 13:45:00,2024-09-27 13:51:00,6.0,Crew,Delayed,380,2355,220,181,185.0,33485,82.27272727272728,Autumn
FL00277,2025-07-09,AL009,AC017,AP008,AP026,2025-07-09 08:00:00,2025-07-09 08:09:00,9.0,Weather,Delayed,340,7685,296,238,482.0,114716,80.4054054054054,Summer
FL00278,2023-06-03,AL006,AC012,AP002,AP027,2023-06-03 21:30:00,2023-06-03 21:55:00,25.0,Crew,Delayed,640,6042,189,162,529.0,85698,85.71428571428571,Summer
FL00279,2023-05-07,AL008,AC027,AP018,AP004,2023-05-07 17:45:00,2023-05-07 17:55:00,10.0,Crew,Delayed,656,1703,325,201,163.0,32763,61.846153846153854,Spring
FL00280,2024-06-02,AL009,AC027,AP010,AP006,2024-06-02 06:15:00,2024-06-02 06:23:00,8.0,Weather,Delayed,116,5063,325,180,438.0,78840,55.38461538461539,Summer
FL00281,2023-11-08,AL006,AC026,AP002,AP007,2023-11-08 05:30:00,2023-11-08 05:31:00,1.0,Security,Delayed,314,1269,189,177,388.0,68676,93.65079365079364,Autumn
FL00282,2025-10-04,AL006,AC024,AP005,AP003,2025-10-04 11:00:00,2025-10-04 11:04:00,4.0,Weather,Delayed,174,7871,296,237,358.0,84846,80.06756756756756,Autumn
FL00283,2025-12-31,AL005,AC031,AP025,AP029,2025-12-31 07:30:00,2025-12-31 07:34:00,4.0,Late Aircraft,Delayed,703,5739,300,252,597.0,150444,84.0,Winter
FL00284,2023-04-04,AL006,AC018,AP010,AP008,2023-04-04 22:45:00,2023-04-04 22:49:00,4.0,Air Traffic,Delayed,237,7819,189,172,96.0,16512,91.005291005291,Spring
FL00285,2023-09-06,AL008,AC020,AP015,AP002,2023-09-06 15:15:00,2023-09-06 15:23:00,8.0,Technical,Delayed,513,6893,396,272,304.0,82688,68.68686868686868,Autumn
FL00286,2024-02-05,AL008,AC035,AP010,AP012,2024-02-05 13:15:00,2024-02-05 13:25:00,10.0,Air Traffic,Delayed,598,510,189,129,225.0,29025,68.25396825396825,Winter
FL00287,2024-08-06,AL001,AC031,AP009,AP023,2024-08-06 21:15:00,2024-08-06 21:19:00,4.0,Crew,Delayed,285,4878,300,201,470.0,94470,67.0,Summer
FL00288,2023-06-24,AL002,AC020,AP005,AP015,2023-06-24 15:45:00,2023-06-24 15:59:00,14.0,Technical,Delayed,247,8399,396,353,622.0,219566,89.14141414141415,Summer
FL00289,2023-07-11,AL009,AC039,AP026,AP019,2023-07-11 19:30:00,2023-07-11 19:30:00,0.0,No Delay,On Time,593,2807,300,222,403.0,89466,74.0,Summer
FL00290,2024-02-18,AL009,AC010,AP029,AP007,2024-02-18 17:00:00,2024-02-18 17:14:00,14.0,Late Aircraft,Delayed,429,3121,396,272,328.0,89216,68.68686868686868,Winter
FL00291,2023-04-29,AL010,AC024,AP004,AP008,2023-04-29 22:00:00,2023-04-29 22:12:00,12.0,Late Aircraft,Delayed,374,4799,296,232,180.0,41760,78.37837837837837,Spring
FL00292,2023-12-07,AL005,AC020,AP014,AP013,2023-12-07 09:15:00,2023-12-07 09:15:00,0.0,No Delay,On Time,365,7356,396,366,463.0,169458,92.42424242424242,Winter
FL00293,2025-12-09,AL005,AC026,AP009,AP016,2025-12-09 07:45:00,2025-12-09 10:32:00,167.0,Security,Severely Delayed,284,3117,189,104,452.0,47008,55.02645502645503,Winter
FL00294,2024-06-29,AL004,AC008,AP017,AP022,2024-06-29 12:00:00,2024-06-29 13:36:00,96.0,Weather,Delayed,261,2511,300,207,226.0,46782,69.0,Summer
FL00295,2025-02-04,AL002,AC019,AP029,AP013,2025-02-04 15:15:00,2025-02-04 16:19:00,64.0,Weather,Delayed,137,4265,296,232,556.0,128992,78.37837837837837,Winter
FL00296,2025-12-23,AL010,AC009,AP022,AP008,2025-12-23 22:45:00,2025-12-23 22:57:00,12.0,Crew,Delayed,121,7494,296,214,118.0,25252,72.2972972972973,Winter
FL00297,2023-09-26,AL002,AC018,AP006,AP004,2023-09-26 05:15:00,2023-09-26 05:22:00,7.0,Air Traffic,Delayed,300,762,189,160,381.0,60960,84.65608465608466,Autumn
FL00298,2025-05-24,AL002,AC002,AP003,AP002,2025-05-24 09:30:00,2025-05-24 09:31:00,1.0,Crew,Delayed,160,7652,300,231,80.0,18480,77.0,Spring
FL00299,2024-06-22,AL003,AC040,AP030,AP015,2024-06-22 07:15:00,2024-06-22 09:53:00,158.0,Air Traffic,Severely Delayed,110,3735,220,208,440.0,91520,94.54545454545456,Summer
FL00300,2024-03-31,AL005,AC031,AP011,AP028,2024-03-31 09:00:00,2024-03-31 09:05:00,5.0,Unknown,Delayed,126,2115,300,257,372.0,95604,85.66666666666667,Spring
FL00301,2025-07-25,AL010,AC022,AP004,AP012,2025-07-25 15:15:00,2025-07-25 15:24:00,9.0,Weather,Delayed,200,4438,300,245,496.0,121520,81.66666666666667,Summer
FL00302,2025-07-13,AL002,AC022,AP013,AP010,2025-07-13 22:45:00,2025-07-13 22:52:00,7.0,Air Traffic,Delayed,591,356,300,193,504.0,97272,64.33333333333333,Summer
FL00303,2023-09-11,AL002,AC025,AP021,AP019,2023-09-11 21:30:00,2023-09-11 21:44:00,14.0,Late Aircraft,Delayed,687,823,296,255,410.0,104550,86.14864864864865,Autumn
FL00304,2023-06-30,AL001,AC023,AP025,AP012,2023-06-30 14:15:00,2023-06-30 14:16:00,1.0,Technical,Delayed,281,7496,180,102,276.0,28152,56.66666666666666,Summer
FL00305,2024-07-11,AL001,AC006,AP014,AP008,2024-07-11 13:15:00,2024-07-11 13:28:00,13.0,Security,Delayed,276,5413,300,247,547.0,135109,82.33333333333334,Summer
FL00306,2025-08-22,AL001,AC036,AP011,AP008,2025-08-22 20:15:00,2025-08-22 20:22:00,7.0,Late Aircraft,Delayed,472,6618,180,144,430.0,61920,80.0,Summer
FL00307,2025-03-15,AL010,AC001,AP025,AP001,2025-03-15 21:00:00,2025-03-15 21:56:00,56.0,Technical,Delayed,514,3668,325,301,401.0,120701,92.6153846153846,Spring
FL00308,2025-08-13,AL001,AC029,AP024,AP011,2025-08-13 13:45:00,2025-08-13 13:58:00,13.0,Crew,Delayed,180,5627,220,167,466.0,77822,75.9090909090909,Summer
FL00309,2024-12-14,AL001,AC006,AP029,AP003,2024-12-14 09:15:00,2024-12-14 09:27:00,12.0,Air Traffic,Delayed,494,3145,300,209,494.0,103246,69.66666666666667,Winter
FL00310,2025-07-05,AL004,AC033,AP024,AP003,2025-07-05 21:00:00,2025-07-05 22:45:00,105.0,Security,Delayed,280,302,220,201,261.0,52461,91.36363636363636,Summer
FL00311,2023-01-09,AL001,AC036,AP027,AP003,2023-01-09 08:00:00,2023-01-09 08:00:00,0.0,No Delay,On Time,187,3107,180,116,412.0,47792,64.44444444444444,Winter
FL00312,2025-04-24,AL004,AC005,AP006,AP005,2025-04-24 10:15:00,2025-04-24 10:25:00,10.0,Weather,Delayed,220,2481,325,274,629.0,172346,84.3076923076923,Spring
FL00313,2025-01-27,AL007,AC004,AP020,AP023,2025-01-27 14:30:00,2025-01-27 14:44:00,14.0,Crew,Delayed,266,2587,180,127,328.0,41656,70.55555555555556,Winter
FL00314,2023-10-16,AL009,AC006,AP020,AP001,2023-10-16 22:15:00,2023-10-16 22:28:00,13.0,Technical,Delayed,537,3581,300,209,321.0,67089,69.66666666666667,Autumn
FL00315,2025-06-08,AL001,AC028,AP013,AP021,2025-06-08 19:45:00,2025-06-08 20:00:00,15.0,Security,Delayed,349,7844,296,152,204.0,31008,51.35135135135135,Summer
FL00316,2025-02-27,AL003,AC006,AP028,AP001,2025-02-27 17:30:00,2025-02-27 18:32:00,62.0,Crew,Delayed,113,1320,300,296,254.0,75184,98.66666666666669,Winter
FL00317,2023-07-27,AL003,AC028,AP005,AP015,2023-07-27 19:15:00,2023-07-27 19:20:00,5.0,Weather,Delayed,697,5777,296,272,524.0,142528,91.8918918918919,Summer
FL00318,2023-03-02,AL001,AC017,AP003,AP004,2023-03-02 19:15:00,2023-03-02 19:28:00,13.0,Air Traffic,Delayed,439,1564,296,204,419.0,85476,68.91891891891892,Spring
FL00319,2023-04-12,AL008,AC037,AP002,AP019,2023-04-12 21:15:00,2023-04-12 23:47:00,152.0,Security,Severely Delayed,293,5770,220,171,648.0,110808,77.72727272727272,Spring
FL00320,2024-03-23,AL009,AC028,AP019,AP008,2024-03-23 22:15:00,2024-03-23 22:22:00,7.0,Crew,Delayed,283,517,296,220,578.0,127160,74.32432432432432,Spring
FL00321,2024-03-06,AL001,AC007,AP012,AP022,2024-03-06 05:30:00,2024-03-06 05:42:00,12.0,Security,Delayed,514,6936,300,222,493.0,109446,74.0,Spring
FL00322,2025-02-13,AL004,AC025,AP020,AP021,2025-02-13 15:45:00,2025-02-13 18:28:00,163.0,Late Aircraft,Severely Delayed,213,7330,296,280,516.0,144480,94.5945945945946,Winter
FL00323,2024-02-10,AL004,AC027,AP014,AP025,2024-02-10 18:45:00,2024-02-10 18:45:00,0.0,No Delay,On Time,234,1154,325,212,558.0,118296,65.23076923076923,Winter
FL00324,2024-08-19,AL010,AC019,AP008,AP011,2024-08-19 10:30:00,2024-08-19 10:36:00,6.0,Crew,Delayed,331,6557,296,202,83.0,16766,68.24324324324324,Summer
FL00325,2025-05-22,AL002,AC023,AP021,AP007,2025-05-22 14:00:00,2025-05-22 16:06:00,126.0,Weather,Severely Delayed,715,489,180,173,550.0,95150,96.11111111111111,Spring
FL00326,2024-02-21,AL005,AC013,AP003,AP007,2024-02-21 05:30:00,2024-02-21 06:07:00,37.0,Technical,Delayed,325,6590,325,191,75.0,14325,58.76923076923077,Winter
FL00327,2024-07-13,AL010,AC002,AP028,AP027,2024-07-13 09:30:00,2024-07-13 09:40:00,10.0,Technical,Delayed,483,3785,300,220,462.0,101640,73.33333333333333,Summer
FL00328,2023-12-25,AL002,AC003,AP002,AP023,2023-12-25 20:45:00,2023-12-25 21:47:00,62.0,Weather,Cancelled,179,5093,396,0,613.0,0,0.0,Winter
FL00329,2025-03-19,AL002,AC028,AP022,AP015,2025-03-19 06:30:00,2025-03-19 07:02:00,32.0,Technical,Delayed,379,2983,296,224,317.0,71008,75.67567567567568,Spring
FL00330,2024-10-10,AL004,AC018,AP001,AP023,2024-10-10 11:45:00,2024-10-10 14:15:00,150.0,Technical,Severely Delayed,157,3922,189,156,150.0,23400,82.53968253968253,Autumn
FL00331,2024-11-18,AL010,AC029,AP006,AP015,2024-11-18 21:45:00,2024-11-19 00:28:00,163.0,Weather,Severely Delayed,169,3638,220,185,107.0,19795,84.0909090909091,Autumn
FL00332,2024-04-30,AL001,AC033,AP021,AP028,2024-04-30 09:15:00,2024-04-30 09:23:00,8.0,Crew,Delayed,496,5900,220,141,628.0,88548,64.0909090909091,Spring
FL00333,2023-08-03,AL007,AC038,AP020,AP015,2023-08-03 10:30:00,2023-08-03 11:49:00,79.0,Technical,Delayed,684,3908,189,143,147.0,21021,75.66137566137566,Summer
FL00334,2023-07-01,AL007,AC010,AP013,AP005,2023-07-01 21:15:00,2023-07-01 21:20:00,5.0,Technical,Delayed,416,935,396,358,300.0,107400,90.40404040404042,Summer
FL00335,2023-07-12,AL007,AC038,AP001,AP028,2023-07-12 14:00:00,2023-07-12 14:06:00,6.0,Crew,Delayed,276,1703,189,147,85.0,12495,77.77777777777779,Summer
FL00336,2023-12-31,AL004,AC038,AP025,AP012,2023-12-31 22:15:00,2023-12-31 22:41:00,26.0,Air Traffic,Delayed,183,2763,189,162,470.0,76140,85.71428571428571,Winter
FL00337,2024-10-27,AL007,AC017,AP002,AP013,2024-10-27 21:30:00,2024-10-27 23:06:00,96.0,Air Traffic,Delayed,605,4553,296,259,362.0,48433,87.5,Autumn
FL00338,2023-02-02,AL001,AC031,AP016,AP011,2023-02-02 16:00:00,2023-02-02 16:06:00,6.0,Crew,Delayed,653,3565,300,254,567.0,144018,84.66666666666667,Winter
FL00339,2025-06-23,AL004,AC020,AP030,AP015,2025-06-23 05:30:00,2025-06-23 05:33:00,3.0,Security,Delayed,279,5717,396,370,610.0,225700,93.43434343434345,Summer
FL00340,2024-08-04,AL008,AC026,AP026,AP001,2024-08-04 17:30:00,2024-08-04 17:41:00,11.0,Air Traffic,Delayed,196,7602,189,126,404.0,50904,66.66666666666666,Summer
FL00341,2025-07-30,AL009,AC015,AP023,AP016,2025-07-30 09:45:00,2025-07-30 10:00:00,15.0,Technical,Delayed,568,3063,396,368,186.0,68448,92.92929292929291,Summer
FL00342,2023-01-07,AL004,AC026,AP004,AP016,2023-01-07 21:30:00,2023-01-07 22:34:00,64.0,Technical,Delayed,65,7116,189,187,184.0,34408,98.94179894179894,Winter
FL00343,2025-10-27,AL009,AC040,AP003,AP016,2025-10-27 10:45:00,2025-10-27 10:53:00,8.0,Weather,Delayed,598,514,220,191,271.0,51761,86.81818181818181,Autumn
FL00344,2025-01-10,AL009,AC008,AP025,AP024,2025-01-10 19:30:00,2025-01-10 19:37:00,7.0,Technical,Delayed,618,1840,300,259,488.0,126392,86.33333333333333,Winter
FL00345,2023-04-24,AL002,AC006,AP015,AP016,2023-04-24 16:30:00,2023-04-24 16:30:00,0.0,No Delay,On Time,437,8215,300,261,266.0,69426,87.0,Spring
FL00346,2024-12-21,AL005,AC032,AP012,AP019,2024-12-21 12:45:00,2024-12-21 12:46:00,1.0,Security,Delayed,534,7795,396,378,238.0,89964,95.45454545454544,Winter
FL00347,2024-11-17,AL001,AC033,AP025,AP022,2024-11-17 06:45:00,2024-11-17 06:47:00,2.0,Air Traffic,Delayed,253,6194,220,153,403.0,61659,69.54545454545455,Autumn
FL00348,2024-06-16,AL008,AC008,AP005,AP023,2024-06-16 09:45:00,2024-06-16 12:21:00,156.0,Technical,Severely Delayed,376,2020,300,218,468.0,102024,72.66666666666667,Summer
FL00349,2024-01-02,AL008,AC013,AP020,AP004,2024-01-02 09:45:00,2024-01-02 09:46:00,1.0,Late Aircraft,Delayed,341,1207,325,215,309.0,66435,66.15384615384615,Winter
FL00350,2023-07-03,AL006,AC009,AP029,AP020,2023-07-03 16:45:00,2023-07-03 16:47:00,2.0,Security,Delayed,627,6623,296,279,435.0,121365,94.25675675675676,Summer
FL00351,2023-10-15,AL002,AC006,AP020,AP010,2023-10-15 22:15:00,2023-10-15 22:23:00,8.0,Late Aircraft,Delayed,707,3028,300,170,636.0,108120,56.66666666666666,Autumn
FL00352,2024-01-06,AL008,AC009,AP015,AP017,2024-01-06 11:00:00,2024-01-06 11:06:00,6.0,Crew,Delayed,468,1393,296,150,460.0,69000,50.67567567567568,Winter
FL00353,2025-04-01,AL006,AC034,AP003,AP007,2025-04-01 07:30:00,2025-04-01 07:40:00,10.0,Air Traffic,Delayed,543,5470,300,297,189.0,56133,99.0,Spring
FL00354,2023-02-04,AL008,AC001,AP025,AP006,2023-02-04 15:45:00,2023-02-04 15:46:00,1.0,Air Traffic,Delayed,327,4956,325,195,158.0,30810,60.0,Winter
FL00355,2023-01-23,AL004,AC005,AP023,AP019,2023-01-23 17:45:00,2023-01-23 17:46:00,1.0,Security,Delayed,420,4562,325,232,318.0,73776,71.38461538461539,Winter
FL00356,2023-12-16,AL001,AC030,AP021,AP011,2023-12-16 18:00:00,2023-12-16 18:05:00,5.0,Technical,Delayed,62,6458,325,285,338.0,96330,87.6923076923077,Winter
FL00357,2023-11-26,AL004,AC024,AP014,AP017,2023-11-26 22:00:00,2023-11-26 22:01:00,1.0,Weather,Delayed,75,2145,296,161,200.0,32200,54.391891891891895,Autumn
FL00358,2025-04-16,AL005,AC012,AP028,AP023,2025-04-16 22:30:00,2025-04-16 22:34:00,4.0,Technical,Delayed,631,4489,189,153,201.0,30753,80.95238095238095,Spring
FL00359,2025-02-01,AL004,AC010,AP022,AP029,2025-02-01 20:15:00,2025-02-01 20:29:00,14.0,Security,Delayed,83,4569,396,294,577.0,169638,74.24242424242425,Winter
FL00360,2024-03-01,AL008,AC033,AP027,AP001,2024-03-01 13:00:00,2024-03-01 13:01:00,1.0,Weather,Delayed,692,5181,220,181,591.0,106971,82.27272727272728,Spring
FL00361,2024-01-25,AL005,AC004,AP003,AP016,2024-01-25 06:00:00,2024-01-25 07:42:00,102.0,Weather,Delayed,390,8385,180,178,350.0,62300,98.88888888888889,Winter
FL00362,2023-08-06,AL005,AC036,AP006,AP027,2023-08-06 20:00:00,2023-08-06 20:54:00,54.0,Security,Delayed,266,2114,180,111,190.0,21090,61.66666666666667,Summer
FL00363,2024-05-21,AL009,AC024,AP005,AP030,2024-05-21 16:45:00,2024-05-21 16:49:00,4.0,Air Traffic,Delayed,491,7767,296,255,81.0,20655,86.14864864864865,Spring
FL00364,2025-07-10,AL004,AC009,AP007,AP020,2025-07-10 16:45:00,2025-07-10 16:46:00,1.0,Weather,Delayed,149,1253,296,216,628.0,135648,72.97297297297297,Summer
FL00365,2024-11-24,AL005,AC040,AP018,AP016,2024-11-24 10:45:00,2024-11-24 10:59:00,14.0,Technical,Delayed,99,2250,220,147,264.0,38808,66.81818181818183,Autumn
FL00366,2025-04-24,AL002,AC002,AP026,AP027,2025-04-24 11:45:00,2025-04-24 12:19:00,34.0,Air Traffic,Delayed,283,1125,300,235,627.0,147345,78.33333333333333,Spring
FL00367,2025-08-08,AL002,AC015,AP015,AP011,2025-08-08 19:30:00,2025-08-08 19:31:00,1.0,Technical,Delayed,426,7426,396,298,177.0,52746,75.25252525252525,Summer
FL00368,2025-07-08,AL009,AC006,AP029,AP015,2025-07-08 15:45:00,2025-07-08 15:50:00,5.0,Weather,Delayed,534,5873,300,214,430.0,92020,71.33333333333334,Summer
FL00369,2025-05-12,AL005,AC039,AP027,AP016,2025-05-12 17:45:00,2025-05-12 17:58:00,13.0,Crew,Delayed,518,1989,300,228,619.0,141132,76.0,Spring
FL00370,2023-08-02,AL004,AC036,AP029,AP030,2023-08-02 08:00:00,2023-08-02 08:01:00,1.0,Crew,Delayed,704,2001,180,155,154.0,23870,86.11111111111111,Summer
FL00371,2024-04-10,AL003,AC007,AP009,AP002,2024-04-10 14:15:00,2024-04-10 14:17:00,2.0,Technical,Delayed,232,5018,300,148,645.0,95460,49.333333333333336,Spring
FL00372,2024-12-04,AL006,AC037,AP029,AP020,2024-12-04 21:45:00,2024-12-04 22:36:00,51.0,Security,Delayed,330,3791,220,148,401.0,59348,67.27272727272727,Winter
FL00373,2025-11-28,AL003,AC007,AP014,AP015,2025-11-28 07:15:00,2025-11-28 07:27:00,12.0,Technical,Delayed,379,352,300,202,586.0,118372,67.33333333333333,Autumn
FL00374,2023-05-02,AL001,AC038,AP008,AP016,2023-05-02 09:30:00,2023-05-02 09:35:00,5.0,Crew,Delayed,602,3738,189,146,521.0,76066,77.24867724867724,Spring
FL00375,2023-08-27,AL005,AC006,AP003,AP019,2023-08-27 05:30:00,2023-08-27 05:32:00,2.0,Crew,Delayed,637,3460,300,264,468.0,123552,88.0,Summer
FL00376,2025-02-07,AL002,AC013,AP018,AP009,2025-02-07 06:30:00,2025-02-07 06:31:00,1.0,Security,Delayed,576,6931,325,235,434.0,101990,72.3076923076923,Winter
FL00377,2024-01-14,AL001,AC039,AP026,AP011,2024-01-14 16:45:00,2024-01-14 16:45:00,0.0,No Delay,On Time,697,4940,300,265,82.0,21730,88.33333333333333,Winter
FL00378,2025-01-15,AL008,AC036,AP014,AP020,2025-01-15 15:45:00,2025-01-15 17:32:00,107.0,Weather,Delayed,507,8440,180,101,469.0,47369,56.11111111111112,Winter
FL00379,2024-09-14,AL001,AC034,AP007,AP018,2024-09-14 05:30:00,2024-09-14 05:41:00,11.0,Technical,Delayed,241,5088,300,234,562.0,131508,78.0,Autumn
FL00380,2024-10-26,AL007,AC010,AP002,AP022,2024-10-26 08:30:00,2024-10-26 08:37:00,7.0,Technical,Delayed,681,5489,396,369,432.0,159408,93.18181818181816,Autumn
FL00381,2024-09-23,AL007,AC017,AP001,AP003,2024-09-23 13:00:00,2024-09-23 13:09:00,9.0,Late Aircraft,Delayed,562,4790,296,227,476.0,108052,76.6891891891892,Autumn
FL00382,2024-04-10,AL005,AC037,AP008,AP006,2024-04-10 21:15:00,2024-04-10 21:22:00,7.0,Crew,Delayed,251,1099,220,167,243.0,40581,75.9090909090909,Spring
FL00383,2024-11-06,AL001,AC017,AP008,AP011,2024-11-06 16:15:00,2024-11-06 17:08:00,53.0,Air Traffic,Delayed,371,2075,296,179,201.0,35979,60.47297297297297,Autumn
FL00384,2024-11-08,AL006,AC024,AP001,AP027,2024-11-08 21:00:00,2024-11-08 21:01:00,1.0,Crew,Delayed,283,8425,296,241,641.0,154481,81.41891891891892,Autumn
FL00385,2025-12-24,AL008,AC017,AP008,AP027,2025-12-24 08:30:00,2025-12-24 08:42:00,12.0,Technical,Delayed,79,2398,296,207,377.0,78039,69.93243243243244,Winter
FL00386,2023-03-24,AL006,AC029,AP028,AP018,2023-03-24 20:15:00,2023-03-24 20:16:00,1.0,Security,Delayed,50,3994,220,160,278.0,44480,72.72727272727273,Spring
FL00387,2023-10-21,AL004,AC014,AP004,AP008,2023-10-21 21:15:00,2023-10-21 21:16:00,1.0,Security,Delayed,382,5001,325,254,403.0,102362,78.15384615384615,Autumn
FL00388,2025-12-06,AL004,AC009,AP008,AP025,2025-12-06 19:15:00,2025-12-06 21:33:00,138.0,Crew,Severely Delayed,83,4747,296,232,175.0,40600,78.37837837837837,Winter
FL00389,2023-09-12,AL004,AC032,AP029,AP028,2023-09-12 18:15:00,2023-09-12 18:21:00,6.0,Air Traffic,Delayed,488,1398,396,266,603.0,160398,67.17171717171718,Autumn
FL00390,2025-06-27,AL001,AC012,AP026,AP010,2025-06-27 15:00:00,2025-06-27 15:04:00,4.0,Crew,Delayed,606,4785,189,161,114.0,18354,85.18518518518519,Summer
FL00391,2023-12-08,AL004,AC033,AP015,AP007,2023-12-08 19:00:00,2023-12-08 19:13:00,13.0,Weather,Delayed,655,7251,220,194,326.0,63244,88.18181818181819,Winter
FL00392,2024-06-29,AL002,AC002,AP006,AP010,2024-06-29 11:30:00,2024-06-29 11:39:00,9.0,Weather,Delayed,324,1614,300,203,593.0,120379,67.66666666666666,Summer
FL00393,2024-10-24,AL004,AC033,AP008,AP001,2024-10-24 21:00:00,2024-10-24 21:02:00,2.0,Late Aircraft,Delayed,535,5183,220,192,614.0,117888,87.27272727272727,Autumn
FL00394,2023-08-21,AL004,AC039,AP016,AP010,2023-08-21 08:45:00,2023-08-21 08:45:00,0.0,No Delay,On Time,318,3343,300,163,100.0,16300,54.333333333333336,Summer
FL00395,2023-12-07,AL001,AC031,AP005,AP030,2023-12-07 06:45:00,2023-12-07 08:13:00,88.0,Security,Delayed,430,658,300,206,627.0,129162,68.66666666666667,Winter
FL00396,2025-02-09,AL006,AC031,AP002,AP017,2025-02-09 17:45:00,2025-02-09 18:00:00,15.0,Late Aircraft,Delayed,222,2399,300,273,244.0,66612,91.0,Winter
FL00397,2025-08-15,AL002,AC009,AP026,AP020,2025-08-15 20:45:00,2025-08-15 20:59:00,14.0,Crew,Delayed,405,838,296,204,247.0,50388,68.91891891891892,Summer
FL00398,2025-03-29,AL003,AC002,AP007,AP012,2025-03-29 07:30:00,2025-03-29 07:39:00,9.0,Late Aircraft,Delayed,280,2484,300,225,187.0,42075,75.0,Spring
FL00399,2025-02-28,AL006,AC009,AP018,AP002,2025-02-28 21:30:00,2025-02-28 21:39:00,9.0,Technical,Delayed,57,366,296,238,551.0,131138,80.4054054054054,Winter
FL00400,2023-07-22,AL009,AC009,AP011,AP022,2023-07-22 22:15:00,2023-07-22 22:23:00,8.0,Crew,Delayed,663,711,296,196,465.0,91140,66.21621621621621,Summer
FL00401,2024-03-08,AL004,AC020,AP025,AP024,2024-03-08 12:30:00,2024-03-08 12:45:00,15.0,Technical,Delayed,488,1446,396,302,362.0,109324,76.26262626262627,Spring
FL00402,2023-12-02,AL008,AC011,AP001,AP014,2023-12-02 16:45:00,2023-12-02 16:52:00,7.0,Weather,Delayed,498,5036,300,255,541.0,137955,85.0,Winter
FL00403,2025-01-25,AL010,AC013,AP012,AP029,2025-01-25 09:45:00,2025-01-25 09:54:00,9.0,Crew,Delayed,232,5488,325,241,167.0,40247,74.15384615384616,Winter
FL00404,2024-11-21,AL004,AC016,AP011,AP021,2024-11-21 21:45:00,2024-11-21 21:51:00,6.0,Crew,Delayed,470,7814,189,139,599.0,83261,73.54497354497354,Autumn
FL00405,2024-06-23,AL008,AC029,AP007,AP030,2024-06-23 07:30:00,2024-06-23 07:38:00,8.0,Technical,Delayed,268,7202,220,121,502.0,60742,55.00000000000001,Summer
FL00406,2025-05-23,AL003,AC004,AP023,AP008,2025-05-23 11:30:00,2025-05-23 11:38:00,8.0,Security,Delayed,195,6623,180,151,408.0,61608,83.88888888888889,Spring
FL00407,2025-05-19,AL008,AC029,AP006,AP001,2025-05-19 20:00:00,2025-05-19 20:13:00,13.0,Air Traffic,Delayed,492,4253,220,148,155.0,22940,67.27272727272727,Spring
FL00408,2024-12-10,AL003,AC026,AP021,AP020,2024-12-10 09:45:00,2024-12-10 12:40:00,175.0,Technical,Severely Delayed,398,7218,189,164,297.0,48708,86.77248677248677,Winter
FL00409,2023-08-09,AL010,AC009,AP019,AP021,2023-08-09 08:30:00,2023-08-09 09:28:00,58.0,Crew,Delayed,502,1354,296,234,181.0,42354,79.05405405405406,Summer
FL00410,2024-05-11,AL001,AC007,AP013,AP014,2024-05-11 16:00:00,2024-05-11 16:14:00,14.0,Air Traffic,Delayed,192,5567,300,241,190.0,45790,80.33333333333333,Spring
FL00411,2025-08-27,AL007,AC001,AP019,AP008,2025-08-27 11:45:00,2025-08-27 11:56:00,11.0,Weather,Delayed,590,822,325,262,348.0,91176,80.61538461538461,Summer
FL00412,2024-03-06,AL004,AC029,AP029,AP011,2024-03-06 11:15:00,2024-03-06 12:08:00,53.0,Technical,Cancelled,446,438,220,0,284.0,0,0.0,Spring
FL00413,2024-01-01,AL010,AC033,AP010,AP027,2024-01-01 05:45:00,2024-01-01 05:58:00,13.0,Late Aircraft,Delayed,678,6035,220,183,316.0,57828,83.18181818181817,Winter
FL00414,2025-12-23,AL003,AC018,AP006,AP017,2025-12-23 08:30:00,2025-12-23 08:35:00,5.0,Late Aircraft,Delayed,230,1874,189,149,400.0,59600,78.83597883597884,Winter
FL00415,2023-10-12,AL007,AC001,AP019,AP013,2023-10-12 18:45:00,2023-10-12 19:28:00,43.0,Crew,Delayed,223,4798,325,294,532.0,156408,90.46153846153844,Autumn
FL00416,2025-07-31,AL001,AC017,AP008,AP029,2025-07-31 06:30:00,2025-07-31 06:40:00,10.0,Late Aircraft,Delayed,679,7038,296,251,604.0,151604,84.7972972972973,Summer
FL00417,2025-10-07,AL005,AC016,AP026,AP019,2025-10-07 09:15:00,2025-10-07 10:48:00,93.0,Technical,Delayed,356,2621,189,116,290.0,33640,61.37566137566137,Autumn
FL00418,2024-06-10,AL009,AC023,AP024,AP004,2024-06-10 14:30:00,2024-06-10 17:20:00,170.0,Weather,Severely Delayed,611,3978,180,146,214.0,31244,81.11111111111111,Summer
FL00419,2023-06-15,AL006,AC039,AP002,AP029,2023-06-15 21:00:00,2023-06-15 21:12:00,12.0,Crew,Delayed,115,1911,300,226,362.0,31640,75.33333333333333,Summer
FL00420,2025-05-14,AL009,AC010,AP024,AP009,2025-05-14 18:00:00,2025-05-14 18:12:00,12.0,Late Aircraft,Delayed,589,1889,396,283,576.0,163008,71.46464646464646,Spring
FL00421,2023-07-19,AL010,AC018,AP010,AP005,2023-07-19 08:45:00,2023-07-19 08:49:00,4.0,Late Aircraft,Delayed,250,6362,189,132,216.0,28512,69.84126984126983,Summer
FL00422,2024-07-05,AL001,AC023,AP017,AP004,2024-07-05 06:00:00,2024-07-05 06:10:00,10.0,Crew,Delayed,430,545,180,92,396.0,36432,51.11111111111111,Summer
FL00423,2023-12-30,AL010,AC024,AP030,AP028,2023-12-30 17:15:00,2023-12-30 18:35:00,80.0,Late Aircraft,Delayed,321,3364,296,219,504.0,110376,73.98648648648648,Winter
FL00424,2025-03-12,AL002,AC004,AP016,AP029,2025-03-12 06:30:00,2025-03-12 06:40:00,10.0,Security,Delayed,691,5288,180,175,203.0,35525,97.2222222222222,Spring
FL00425,2025-06-13,AL007,AC026,AP002,AP023,2025-06-13 08:45:00,2025-06-13 11:18:00,153.0,Air Traffic,Severely Delayed,599,2723,189,107,414.0,44298,56.61375661375661,Summer
FL00426,2024-05-02,AL004,AC035,AP006,AP028,2024-05-02 06:30:00,2024-05-02 06:30:00,0.0,No Delay,On Time,537,3667,189,149,573.0,85377,78.83597883597884,Spring
FL00427,2024-09-17,AL010,AC016,AP028,AP029,2024-09-17 10:45:00,2024-09-17 11:25:00,40.0,Technical,Delayed,308,899,189,125,351.0,43875,66.13756613756614,Autumn
FL00428,2023-12-21,AL005,AC028,AP028,AP008,2023-12-21 11:45:00,2023-12-21 11:45:00,0.0,No Delay,On Time,451,3614,296,251,115.0,28865,84.7972972972973,Winter
FL00429,2024-05-28,AL009,AC009,AP001,AP007,2024-05-28 18:00:00,2024-05-28 18:13:00,13.0,Weather,Delayed,166,5591,296,271,621.0,168291,91.55405405405406,Spring
FL00430,2023-10-09,AL005,AC005,AP014,AP027,2023-10-09 19:30:00,2023-10-09 19:45:00,15.0,Crew,Delayed,420,5514,325,228,565.0,128820,70.15384615384616,Autumn
FL00431,2023-01-18,AL009,AC031,AP019,AP008,2023-01-18 18:45:00,2023-01-18 19:16:00,31.0,Crew,Delayed,535,1622,300,215,157.0,33755,71.66666666666667,Winter
FL00432,2025-11-19,AL005,AC005,AP012,AP003,2025-11-19 17:30:00,2025-11-19 20:14:00,164.0,Unknown,Severely Delayed,526,4852,325,311,89.0,27679,95.6923076923077,Autumn
FL00433,2024-09-11,AL004,AC027,AP006,AP030,2024-09-11 11:45:00,2024-09-11 14:42:00,177.0,Air Traffic,Severely Delayed,338,399,325,253,213.0,53889,77.84615384615384,Autumn
FL00434,2023-01-23,AL010,AC005,AP009,AP026,2023-01-23 17:00:00,2023-01-23 19:28:00,148.0,Weather,Severely Delayed,161,3900,325,278,233.0,64774,85.53846153846155,Winter
FL00435,2025-12-07,AL009,AC027,AP004,AP021,2025-12-07 12:45:00,2025-12-07 12:50:00,5.0,Crew,Delayed,716,4352,325,309,520.0,160680,95.07692307692308,Winter
FL00436,2024-03-14,AL009,AC009,AP022,AP010,2024-03-14 19:30:00,2024-03-14 19:34:00,4.0,Crew,Delayed,400,8449,296,208,493.0,102544,70.27027027027027,Spring
FL00437,2023-07-31,AL004,AC018,AP007,AP014,2023-07-31 15:15:00,2023-07-31 15:19:00,4.0,Air Traffic,Delayed,146,3180,189,184,560.0,103040,97.35449735449735,Summer
FL00438,2024-05-20,AL010,AC039,AP006,AP029,2024-05-20 14:15:00,2024-05-20 14:35:00,20.0,Weather,Delayed,515,4154,300,256,422.0,108032,85.33333333333334,Spring
FL00439,2023-01-23,AL007,AC030,AP002,AP005,2023-01-23 18:15:00,2023-01-23 18:20:00,5.0,Crew,Delayed,166,2904,325,293,392.0,114856,90.15384615384616,Winter
FL00440,2024-07-05,AL004,AC018,AP030,AP020,2024-07-05 18:00:00,2024-07-05 18:01:00,1.0,Air Traffic,Delayed,552,6113,189,149,353.0,52597,78.83597883597884,Summer
FL00441,2024-07-29,AL006,AC004,AP030,AP016,2024-07-29 09:45:00,2024-07-29 09:49:00,4.0,Late Aircraft,Delayed,693,6436,180,123,174.0,21402,68.33333333333333,Summer
FL00442,2023-03-13,AL004,AC040,AP009,AP012,2023-03-13 06:15:00,2023-03-13 06:21:00,6.0,Air Traffic,Delayed,256,7809,220,180,73.0,13140,81.81818181818183,Spring
FL00443,2024-04-15,AL010,AC023,AP007,AP014,2024-04-15 05:00:00,2024-04-15 05:10:00,10.0,Crew,Cancelled,523,4158,180,0,403.0,0,0.0,Spring
FL00444,2025-05-27,AL007,AC014,AP003,AP019,2025-05-27 21:00:00,2025-05-27 21:08:00,8.0,Security,Delayed,363,3956,325,234,94.0,21996,72.0,Spring
FL00445,2025-10-22,AL003,AC034,AP024,AP004,2025-10-22 13:45:00,2025-10-22 14:39:00,54.0,Security,Delayed,713,1965,300,231,412.0,95172,77.0,Autumn
FL00446,2023-01-04,AL007,AC028,AP001,AP030,2023-01-04 17:30:00,2023-01-04 18:47:00,77.0,Late Aircraft,Cancelled,268,653,296,0,392.0,0,0.0,Winter
FL00447,2024-12-28,AL009,AC024,AP023,AP026,2024-12-28 05:45:00,2024-12-28 05:47:00,2.0,Weather,Delayed,157,6434,296,211,196.0,41356,71.28378378378379,Winter
FL00448,2023-08-31,AL006,AC024,AP030,AP016,2023-08-31 19:45:00,2023-08-31 19:50:00,5.0,Security,Delayed,84,1739,296,177,197.0,34869,59.797297297297305,Summer
FL00449,2024-06-11,AL006,AC011,AP025,AP020,2024-06-11 10:15:00,2024-06-11 10:19:00,4.0,Technical,Delayed,293,8105,300,276,491.0,135516,92.0,Summer
FL00450,2023-06-09,AL006,AC002,AP030,AP006,2023-06-09 12:00:00,2023-06-09 12:01:00,1.0,Technical,Delayed,482,1949,300,238,278.0,66164,79.33333333333333,Summer
FL00451,2023-01-27,AL008,AC036,AP008,AP025,2023-01-27 06:30:00,2023-01-27 06:38:00,8.0,Weather,Delayed,552,4601,180,144,633.0,91152,80.0,Winter
FL00452,2025-11-04,AL003,AC030,AP006,AP010,2025-11-04 10:45:00,2025-11-04 10:53:00,8.0,Late Aircraft,Delayed,315,4425,325,203,378.0,76734,62.46153846153846,Autumn
FL00453,2023-11-20,AL002,AC021,AP012,AP019,2023-11-20 09:30:00,2023-11-20 09:45:00,15.0,Technical,Delayed,536,3971,325,297,254.0,75438,91.3846153846154,Autumn
FL00454,2023-08-16,AL008,AC033,AP015,AP019,2023-08-16 09:15:00,2023-08-16 09:21:00,6.0,Crew,Delayed,318,5343,220,131,468.0,61308,59.54545454545455,Summer
FL00455,2025-11-04,AL009,AC016,AP012,AP007,2025-11-04 11:00:00,2025-11-04 11:19:00,19.0,Crew,Delayed,631,5379,189,118,182.0,21476,62.43386243386243,Autumn
FL00456,2023-01-12,AL010,AC032,AP002,AP008,2023-01-12 07:00:00,2023-01-12 07:07:00,7.0,Security,Delayed,345,5700,396,325,508.0,165100,82.07070707070707,Winter
FL00457,2023-03-12,AL007,AC018,AP002,AP007,2023-03-12 20:00:00,2023-03-12 20:15:00,15.0,Weather,Delayed,481,1306,189,164,198.0,32472,86.77248677248677,Spring
FL00458,2025-01-09,AL007,AC002,AP029,AP022,2025-01-09 09:45:00,2025-01-09 09:56:00,11.0,Weather,Delayed,537,8334,300,249,531.0,132219,83.0,Winter
FL00459,2023-04-22,AL001,AC036,AP005,AP009,2023-04-22 15:45:00,2023-04-22 15:56:00,11.0,Crew,Delayed,136,7999,180,153,142.0,21726,85.0,Spring
FL00460,2024-07-25,AL001,AC002,AP005,AP009,2024-07-25 10:15:00,2024-07-25 13:00:00,165.0,Weather,Severely Delayed,512,6245,300,170,116.0,19720,56.66666666666666,Summer
FL00461,2024-05-07,AL005,AC004,AP006,AP021,2024-05-07 15:00:00,2024-05-07 17:41:00,161.0,Security,Severely Delayed,231,506,180,118,471.0,55578,65.55555555555556,Spring
FL00462,2024-02-09,AL005,AC035,AP018,AP016,2024-02-09 17:45:00,2024-02-09 17:50:00,5.0,Weather,Delayed,331,1253,189,151,496.0,74896,79.8941798941799,Winter
FL00463,2023-03-01,AL010,AC038,AP016,AP010,2023-03-01 22:15:00,2023-03-01 22:20:00,5.0,Unknown,Delayed,198,7987,189,134,541.0,72494,70.8994708994709,Spring
FL00464,2023-03-16,AL005,AC038,AP002,AP009,2023-03-16 08:00:00,2023-03-16 08:01:00,1.0,Security,Delayed,349,8388,189,182,312.0,56784,96.29629629629628,Spring
FL00465,2024-04-06,AL008,AC021,AP007,AP013,2024-04-06 05:00:00,2024-04-06 05:01:00,1.0,Air Traffic,Delayed,303,1252,325,270,366.0,98820,83.07692307692308,Spring
FL00466,2025-09-11,AL004,AC010,AP006,AP026,2025-09-11 11:15:00,2025-09-11 11:30:00,15.0,Crew,Delayed,200,7784,396,310,240.0,74400,78.28282828282829,Autumn
FL00467,2023-09-27,AL006,AC031,AP002,AP013,2023-09-27 14:30:00,2023-09-27 16:08:00,98.0,Technical,Delayed,58,533,300,220,642.0,141240,73.33333333333333,Autumn
FL00468,2023-12-04,AL003,AC012,AP006,AP003,2023-12-04 10:15:00,2023-12-04 11:16:00,61.0,Security,Delayed,360,1763,189,118,444.0,52392,62.43386243386243,Winter
FL00469,2023-09-27,AL004,AC039,AP007,AP026,2023-09-27 07:30:00,2023-09-27 07:36:00,6.0,Security,Delayed,354,7926,300,230,518.0,119140,76.66666666666667,Autumn
FL00470,2023-08-25,AL002,AC006,AP021,AP024,2023-08-25 11:15:00,2023-08-25 11:24:00,9.0,Technical,Delayed,163,1426,300,226,632.0,142832,75.33333333333333,Summer
FL00471,2024-06-20,AL008,AC023,AP014,AP004,2024-06-20 16:15:00,2024-06-20 16:24:00,9.0,Security,Delayed,418,5606,180,103,472.0,48616,57.22222222222222,Summer
FL00472,2023-04-18,AL006,AC028,AP010,AP024,2023-04-18 12:30:00,2023-04-18 12:45:00,15.0,Late Aircraft,Delayed,448,2816,296,186,370.0,68820,62.83783783783784,Spring
FL00473,2023-01-18,AL007,AC003,AP026,AP027,2023-01-18 08:15:00,2023-01-18 08:29:00,14.0,Crew,Delayed,459,3873,396,376,362.0,136112,94.94949494949496,Winter
FL00474,2023-02-26,AL009,AC029,AP011,AP003,2023-02-26 19:30:00,2023-02-26 20:22:00,52.0,Security,Delayed,143,6166,220,137,616.0,84392,62.27272727272727,Winter
FL00475,2024-02-24,AL008,AC025,AP022,AP014,2024-02-24 08:00:00,2024-02-24 08:03:00,3.0,Security,Delayed,342,7456,296,247,190.0,46930,83.44594594594594,Winter
FL00476,2023-11-21,AL009,AC040,AP001,AP012,2023-11-21 13:15:00,2023-11-21 13:25:00,10.0,Security,Delayed,371,4870,220,124,373.0,46252,56.36363636363636,Autumn
FL00477,2023-03-24,AL008,AC014,AP015,AP020,2023-03-24 06:45:00,2023-03-24 07:50:00,65.0,Weather,Delayed,515,5506,325,226,605.0,136730,69.53846153846153,Spring
FL00478,2025-05-08,AL003,AC038,AP013,AP018,2025-05-08 07:45:00,2025-05-08 08:45:00,60.0,Air Traffic,Delayed,142,359,189,144,476.0,68544,76.19047619047619,Spring
FL00479,2023-09-30,AL007,AC033,AP013,AP019,2023-09-30 05:45:00,2023-09-30 08:40:00,175.0,Crew,Severely Delayed,166,5157,220,196,591.0,115836,89.0909090909091,Autumn
FL00480,2023-06-20,AL010,AC018,AP014,AP029,2023-06-20 05:45:00,2023-06-20 05:53:00,8.0,Crew,Delayed,498,596,189,139,620.0,86180,73.54497354497354,Summer
FL00481,2025-11-29,AL007,AC023,AP026,AP016,2025-11-29 11:45:00,2025-11-29 11:59:00,14.0,Technical,Delayed,431,2290,180,154,252.0,38808,85.55555555555556,Autumn
FL00482,2024-12-04,AL007,AC005,AP015,AP010,2024-12-04 19:00:00,2024-12-04 19:01:00,1.0,Technical,Cancelled,562,5079,325,0,525.0,0,0.0,Winter
FL00483,2023-12-27,AL010,AC023,AP012,AP027,2023-12-27 14:00:00,2023-12-27 14:05:00,5.0,Late Aircraft,Delayed,464,2162,180,148,434.0,64232,82.22222222222221,Winter
FL00484,2025-11-06,AL005,AC022,AP012,AP027,2025-11-06 10:45:00,2025-11-06 10:59:00,14.0,Technical,Delayed,213,5300,300,227,232.0,52664,75.66666666666667,Autumn
FL00485,2023-11-28,AL010,AC018,AP004,AP014,2023-11-28 17:00:00,2023-11-28 17:09:00,9.0,Late Aircraft,Delayed,698,5619,189,117,353.0,41301,61.90476190476191,Autumn
FL00486,2024-05-05,AL003,AC036,AP009,AP002,2024-05-05 17:45:00,2024-05-05 17:45:00,0.0,No Delay,Cancelled,70,3779,180,0,141.0,0,0.0,Spring
FL00487,2024-04-14,AL003,AC005,AP011,AP027,2024-04-14 21:00:00,2024-04-14 21:00:00,0.0,No Delay,On Time,550,5014,325,245,284.0,69580,75.38461538461539,Spring
FL00488,2023-03-21,AL004,AC036,AP013,AP015,2023-03-21 10:30:00,2023-03-21 10:30:00,0.0,No Delay,On Time,343,7702,180,122,213.0,25986,67.77777777777779,Spring
FL00489,2025-11-22,AL001,AC031,AP010,AP025,2025-11-22 16:00:00,2025-11-22 16:13:00,13.0,Air Traffic,Delayed,336,8183,300,271,591.0,160161,90.33333333333331,Autumn
FL00490,2025-01-30,AL002,AC040,AP012,AP009,2025-01-30 21:45:00,2025-01-30 21:47:00,2.0,Late Aircraft,Delayed,297,7801,220,191,234.0,44694,86.81818181818181,Winter
FL00491,2025-10-21,AL005,AC016,AP016,AP030,2025-10-21 10:00:00,2025-10-21 10:03:00,3.0,Air Traffic,Delayed,222,3963,189,170,135.0,22950,89.94708994708994,Autumn
FL00492,2023-05-25,AL003,AC010,AP004,AP010,2023-05-25 12:15:00,2023-05-25 12:15:00,0.0,No Delay,On Time,662,8199,396,351,342.0,120042,88.63636363636364,Spring
FL00493,2024-03-02,AL008,AC038,AP015,AP008,2024-03-02 06:45:00,2024-03-02 06:50:00,5.0,Late Aircraft,Delayed,159,4041,189,133,349.0,46417,70.37037037037037,Spring
FL00494,2024-03-17,AL008,AC020,AP023,AP014,2024-03-17 05:45:00,2024-03-17 05:51:00,6.0,Crew,Delayed,477,6478,396,328,529.0,173512,82.82828282828282,Spring
FL00495,2023-12-05,AL003,AC002,AP013,AP017,2023-12-05 08:30:00,2023-12-05 09:15:00,45.0,Air Traffic,Delayed,507,7891,300,235,586.0,137710,78.33333333333333,Winter
FL00496,2024-08-18,AL006,AC022,AP010,AP015,2024-08-18 14:15:00,2024-08-18 15:30:00,75.0,Air Traffic,Cancelled,514,3619,300,0,516.0,0,0.0,Summer
FL00497,2024-12-24,AL010,AC029,AP020,AP007,2024-12-24 13:45:00,2024-12-24 13:58:00,13.0,Air Traffic,Delayed,579,3514,220,180,394.0,70920,81.81818181818183,Winter
FL00498,2025-09-01,AL007,AC004,AP022,AP006,2025-09-01 16:00:00,2025-09-01 16:13:00,13.0,Security,Delayed,480,2309,180,86,272.0,23392,47.77777777777778,Autumn
FL00499,2023-07-11,AL004,AC023,AP008,AP014,2023-07-11 19:45:00,2023-07-11 19:48:00,3.0,Late Aircraft,Delayed,362,5389,180,176,584.0,102784,97.77777777777776,Summer
FL00500,2024-11-28,AL008,AC025,AP021,AP015,2024-11-28 07:00:00,2024-11-28 07:06:00,6.0,Crew,Delayed,163,7320,296,212,520.0,110240,71.62162162162163,Autumn
FL00501,2024-10-25,AL006,AC009,AP007,AP021,2024-10-25 08:45:00,2024-10-25 10:09:00,84.0,Crew,Delayed,248,1357,296,158,263.0,41554,53.37837837837838,Autumn
FL00502,2023-04-11,AL006,AC027,AP018,AP029,2023-04-11 06:00:00,2023-04-11 06:07:00,7.0,Crew,Delayed,694,5660,325,252,102.0,25704,77.53846153846153,Spring
FL00503,2025-08-17,AL005,AC025,AP030,AP022,2025-08-17 22:30:00,2025-08-18 00:49:00,139.0,Late Aircraft,Severely Delayed,81,3434,296,222,78.0,17316,75.0,Summer
FL00504,2023-06-18,AL008,AC004,AP001,AP015,2023-06-18 14:15:00,2023-06-18 14:28:00,13.0,Crew,Delayed,241,4003,180,151,423.0,63873,83.88888888888889,Summer
FL00505,2025-06-11,AL005,AC029,AP012,AP011,2025-06-11 05:15:00,2025-06-11 05:22:00,7.0,Air Traffic,Delayed,442,4798,220,139,629.0,87431,63.18181818181819,Summer
FL00506,2025-05-12,AL007,AC005,AP024,AP008,2025-05-12 16:15:00,2025-05-12 16:19:00,4.0,Air Traffic,Delayed,283,5515,325,245,201.0,49245,75.38461538461539,Spring
FL00507,2025-02-21,AL007,AC033,AP002,AP015,2025-02-21 05:00:00,2025-02-21 07:42:00,162.0,Technical,Severely Delayed,454,7179,220,158,479.0,75682,71.81818181818181,Winter
FL00508,2025-04-12,AL010,AC021,AP014,AP002,2025-04-12 11:30:00,2025-04-12 11:36:00,6.0,Air Traffic,Delayed,186,2489,325,289,292.0,84388,88.92307692307693,Spring
FL00509,2024-07-02,AL005,AC006,AP023,AP009,2024-07-02 16:45:00,2024-07-02 16:47:00,2.0,Technical,Delayed,113,748,300,169,461.0,77909,56.333333333333336,Summer
FL00510,2024-06-25,AL003,AC010,AP013,AP026,2024-06-25 16:00:00,2024-06-25 16:08:00,8.0,Security,Delayed,268,1701,396,348,618.0,215064,87.87878787878788,Summer
FL00511,2024-12-30,AL010,AC007,AP020,AP004,2024-12-30 22:45:00,2024-12-30 22:51:00,6.0,Unknown,Delayed,224,5437,300,264,444.0,117216,88.0,Winter
FL00512,2023-01-11,AL008,AC037,AP013,AP009,2023-01-11 16:00:00,2023-01-11 16:21:00,21.0,Weather,Delayed,465,2218,220,182,571.0,103922,82.72727272727273,Winter
FL00513,2025-08-13,AL001,AC013,AP013,AP025,2025-08-13 06:00:00,2025-08-13 06:23:00,23.0,Technical,Delayed,414,4477,325,195,255.0,49725,60.0,Summer
FL00514,2023-05-04,AL008,AC031,AP020,AP002,2023-05-04 13:45:00,2023-05-04 13:47:00,2.0,Technical,Delayed,155,1563,300,260,490.0,127400,86.66666666666667,Spring
FL00515,2025-12-14,AL009,AC020,AP022,AP009,2025-12-14 09:15:00,2025-12-14 10:34:00,79.0,Technical,Delayed,674,4384,396,304,361.0,109744,76.76767676767676,Winter
FL00516,2024-03-18,AL007,AC009,AP016,AP005,2024-03-18 17:30:00,2024-03-18 17:32:00,2.0,Crew,Delayed,342,2459,296,218,296.0,64528,73.64864864864865,Spring
FL00517,2023-10-13,AL010,AC024,AP003,AP030,2023-10-13 06:15:00,2023-10-13 06:27:00,12.0,Weather,Delayed,515,5669,296,228,648.0,147744,77.02702702702703,Autumn
FL00518,2025-02-27,AL005,AC006,AP020,AP028,2025-02-27 06:45:00,2025-02-27 06:45:00,0.0,No Delay,On Time,88,4759,300,204,234.0,47736,68.0,Winter
FL00519,2025-04-29,AL002,AC029,AP001,AP010,2025-04-29 11:30:00,2025-04-29 11:40:00,10.0,Crew,Delayed,50,5984,220,120,448.0,53760,54.54545454545454,Spring
FL00520,2025-10-07,AL007,AC022,AP008,AP030,2025-10-07 17:15:00,2025-10-07 17:30:00,15.0,Security,Delayed,577,6597,300,249,534.0,132966,83.0,Autumn
FL00521,2025-03-13,AL001,AC019,AP003,AP004,2025-03-13 10:45:00,2025-03-13 10:48:00,3.0,Weather,Delayed,695,1817,296,235,92.0,21620,79.3918918918919,Spring
FL00522,2024-06-24,AL005,AC018,AP004,AP027,2024-06-24 21:15:00,2024-06-24 21:27:00,12.0,Technical,Delayed,205,4332,189,96,313.0,30048,50.79365079365079,Summer
FL00523,2024-07-21,AL003,AC019,AP024,AP005,2024-07-21 21:45:00,2024-07-21 21:54:00,9.0,Crew,Delayed,70,3380,296,232,121.0,28072,78.37837837837837,Summer
FL00524,2025-09-16,AL009,AC001,AP020,AP009,2025-09-16 11:00:00,2025-09-16 11:13:00,13.0,Late Aircraft,Delayed,287,2290,325,194,110.0,21340,59.692307692307686,Autumn
FL00525,2025-08-08,AL002,AC014,AP019,AP001,2025-08-08 11:15:00,2025-08-08 11:16:00,1.0,Unknown,Delayed,460,5888,325,205,632.0,129560,63.07692307692307,Summer
FL00526,2023-06-25,AL010,AC026,AP028,AP005,2023-06-25 08:15:00,2023-06-25 08:20:00,5.0,Air Traffic,Delayed,379,3014,189,88,624.0,54912,46.56084656084656,Summer
FL00527,2023-01-28,AL008,AC038,AP022,AP004,2023-01-28 17:45:00,2023-01-28 18:14:00,29.0,Late Aircraft,Delayed,188,3406,189,150,635.0,95250,79.36507936507937,Winter
FL00528,2025-04-19,AL001,AC024,AP001,AP022,2025-04-19 06:30:00,2025-04-19 06:31:00,1.0,Air Traffic,Delayed,170,7378,296,276,332.0,91632,93.24324324324324,Spring
FL00529,2024-09-12,AL010,AC040,AP002,AP004,2024-09-12 15:30:00,2024-09-12 16:03:00,33.0,Security,Delayed,267,8001,220,130,460.0,59800,59.09090909090909,Autumn
FL00530,2024-04-25,AL009,AC021,AP009,AP014,2024-04-25 21:30:00,2024-04-25 21:35:00,5.0,Security,Delayed,151,1479,325,190,472.0,89680,58.46153846153847,Spring
FL00531,2025-02-19,AL005,AC032,AP003,AP027,2025-02-19 17:30:00,2025-02-19 19:59:00,149.0,Late Aircraft,Severely Delayed,258,4231,396,238,287.0,68306,60.1010101010101,Winter
FL00532,2024-04-12,AL010,AC031,AP016,AP004,2024-04-12 14:45:00,2024-04-12 14:55:00,10.0,Air Traffic,Delayed,57,3113,300,232,450.0,104400,77.33333333333333,Spring
FL00533,2025-08-04,AL005,AC004,AP006,AP014,2025-08-04 13:00:00,2025-08-04 13:13:00,13.0,Air Traffic,Delayed,121,3491,180,132,413.0,54516,73.33333333333333,Summer
FL00534,2023-02-19,AL002,AC028,AP030,AP021,2023-02-19 21:15:00,2023-02-19 21:40:00,25.0,Technical,Delayed,446,1925,296,197,206.0,40582,66.55405405405406,Winter
FL00535,2025-09-06,AL009,AC006,AP026,AP023,2025-09-06 15:30:00,2025-09-06 15:32:00,2.0,Air Traffic,Delayed,239,1643,300,228,399.0,90972,76.0,Autumn
FL00536,2023-10-26,AL009,AC013,AP012,AP004,2023-10-26 19:30:00,2023-10-26 19:38:00,8.0,Crew,Delayed,422,2612,325,253,417.0,105501,77.84615384615384,Autumn
FL00537,2025-01-06,AL006,AC022,AP024,AP012,2025-01-06 10:45:00,2025-01-06 10:53:00,8.0,Weather,Cancelled,507,3563,300,0,499.0,0,0.0,Winter
FL00538,2023-01-24,AL009,AC028,AP022,AP030,2023-01-24 18:00:00,2023-01-24 18:17:00,17.0,Air Traffic,Delayed,376,6204,296,191,151.0,28841,64.52702702702703,Winter
FL00539,2025-09-14,AL009,AC027,AP020,AP021,2025-09-14 08:00:00,2025-09-14 09:29:00,89.0,Air Traffic,Delayed,278,7684,325,252,360.0,90720,77.53846153846153,Autumn
FL00540,2023-01-05,AL005,AC033,AP026,AP018,2023-01-05 12:15:00,2023-01-05 12:19:00,4.0,Security,Delayed,74,1719,220,127,95.0,12065,57.72727272727273,Winter
FL00541,2025-07-08,AL001,AC002,AP023,AP014,2025-07-08 06:00:00,2025-07-08 06:10:00,10.0,Crew,Delayed,202,3989,300,297,280.0,83160,99.0,Summer
FL00542,2023-06-03,AL006,AC008,AP012,AP008,2023-06-03 11:15:00,2023-06-03 11:30:00,15.0,Crew,Delayed,231,2289,300,228,644.0,146832,76.0,Summer
FL00543,2023-08-20,AL003,AC035,AP006,AP015,2023-08-20 13:00:00,2023-08-20 13:44:00,44.0,Technical,Delayed,398,4353,189,130,429.0,55770,68.78306878306879,Summer
FL00544,2025-02-27,AL006,AC013,AP024,AP016,2025-02-27 10:45:00,2025-02-27 10:49:00,4.0,Air Traffic,Delayed,107,2952,325,319,140.0,44660,98.15384615384616,Winter
FL00545,2023-12-12,AL007,AC040,AP002,AP019,2023-12-12 11:30:00,2023-12-12 11:38:00,8.0,Air Traffic,Delayed,328,7219,220,176,135.0,23760,80.0,Winter
FL00546,2024-07-05,AL009,AC033,AP009,AP029,2024-07-05 19:00:00,2024-07-05 19:09:00,9.0,Security,Delayed,107,6202,220,147,642.0,94374,66.81818181818183,Summer
FL00547,2025-03-21,AL002,AC024,AP030,AP021,2025-03-21 17:45:00,2025-03-21 17:51:00,6.0,Late Aircraft,Delayed,641,1682,296,282,290.0,81780,95.27027027027027,Spring
FL00548,2024-07-24,AL005,AC012,AP017,AP009,2024-07-24 14:30:00,2024-07-24 14:36:00,6.0,Security,Delayed,503,7846,189,147,112.0,16464,77.77777777777779,Summer
FL00549,2024-07-14,AL005,AC035,AP021,AP024,2024-07-14 07:00:00,2024-07-14 08:50:00,110.0,Late Aircraft,Delayed,321,6322,189,150,409.0,61350,79.36507936507937,Summer
FL00550,2023-06-24,AL004,AC021,AP006,AP020,2023-06-24 07:15:00,2023-06-24 07:21:00,6.0,Late Aircraft,Delayed,458,1367,325,237,321.0,76077,72.92307692307692,Summer
FL00551,2023-10-19,AL001,AC018,AP027,AP029,2023-10-19 14:00:00,2023-10-19 14:00:00,0.0,No Delay,On Time,581,1787,189,178,521.0,92738,94.17989417989418,Autumn
FL00552,2024-01-13,AL007,AC021,AP029,AP026,2024-01-13 08:30:00,2024-01-13 08:42:00,12.0,Security,Delayed,563,7834,325,260,441.0,114660,80.0,Winter
FL00553,2023-02-02,AL005,AC027,AP021,AP010,2023-02-02 13:00:00,2023-02-02 14:30:00,90.0,Security,Delayed,240,377,325,305,460.0,140300,93.84615384615384,Winter
FL00554,2024-09-11,AL004,AC033,AP005,AP013,2024-09-11 11:15:00,2024-09-11 11:16:00,1.0,Weather,Delayed,334,5374,220,141,330.0,46530,64.0909090909091,Autumn
FL00555,2023-12-09,AL010,AC033,AP021,AP015,2023-12-09 15:30:00,2023-12-09 15:55:00,25.0,Weather,Delayed,202,7902,220,110,454.0,49940,50.0,Winter
FL00556,2025-04-09,AL006,AC031,AP017,AP001,2025-04-09 12:15:00,2025-04-09 12:18:00,3.0,Late Aircraft,Delayed,54,2196,300,202,611.0,123422,67.33333333333333,Spring
FL00557,2024-04-05,AL009,AC040,AP002,AP017,2024-04-05 16:15:00,2024-04-05 16:17:00,2.0,Late Aircraft,Delayed,83,1193,220,173,349.0,60377,78.63636363636364,Spring
FL00558,2023-08-08,AL004,AC005,AP007,AP019,2023-08-08 20:30:00,2023-08-08 20:33:00,3.0,Late Aircraft,Delayed,122,4824,325,296,585.0,173160,91.07692307692308,Summer
FL00559,2025-02-25,AL001,AC009,AP004,AP007,2025-02-25 18:00:00,2025-02-25 18:26:00,26.0,Crew,Delayed,675,6316,296,230,293.0,67390,77.7027027027027,Winter
FL00560,2024-11-12,AL003,AC020,AP008,AP024,2024-11-12 22:00:00,2024-11-12 22:15:00,15.0,Technical,Delayed,82,4166,396,282,230.0,64860,71.21212121212122,Autumn
FL00561,2023-01-17,AL003,AC010,AP027,AP029,2023-01-17 12:15:00,2023-01-17 12:16:00,1.0,Technical,Delayed,259,2546,396,261,476.0,124236,65.9090909090909,Winter
FL00562,2025-01-01,AL009,AC012,AP016,AP029,2025-01-01 12:00:00,2025-01-01 13:03:00,63.0,Weather,Delayed,406,6798,189,143,629.0,89947,75.66137566137566,Winter
FL00563,2025-02-12,AL004,AC027,AP017,AP018,2025-02-12 06:15:00,2025-02-12 08:32:00,137.0,Crew,Cancelled,221,8150,325,0,421.0,0,0.0,Winter
FL00564,2025-02-25,AL008,AC036,AP014,AP015,2025-02-25 17:30:00,2025-02-25 18:55:00,85.0,Crew,Delayed,617,5139,180,128,412.0,52736,71.11111111111111,Winter
FL00565,2024-11-28,AL003,AC025,AP001,AP003,2024-11-28 19:00:00,2024-11-28 19:14:00,14.0,Crew,Delayed,203,1086,296,238,498.0,118524,80.4054054054054,Autumn
FL00566,2023-08-03,AL006,AC007,AP018,AP008,2023-08-03 19:00:00,2023-08-03 19:02:00,2.0,Crew,Delayed,528,2918,300,246,525.0,129150,82.0,Summer
FL00567,2025-03-23,AL004,AC039,AP015,AP024,2025-03-23 20:45:00,2025-03-23 20:52:00,7.0,Air Traffic,Delayed,394,4053,300,243,342.0,83106,81.0,Spring
FL00568,2023-02-11,AL003,AC032,AP019,AP020,2023-02-11 18:15:00,2023-02-11 18:15:00,0.0,No Delay,On Time,304,5275,396,311,361.0,112271,78.53535353535354,Winter
FL00569,2024-10-23,AL001,AC026,AP028,AP023,2024-10-23 05:45:00,2024-10-23 07:06:00,81.0,Air Traffic,Delayed,117,5786,189,137,225.0,30825,72.4867724867725,Autumn
FL00570,2023-02-22,AL010,AC023,AP015,AP017,2023-02-22 22:30:00,2023-02-22 22:34:00,4.0,Air Traffic,Delayed,610,5481,180,148,618.0,91464,82.22222222222221,Winter
FL00571,2023-11-30,AL006,AC019,AP002,AP022,2023-11-30 06:45:00,2023-11-30 07:06:00,21.0,Crew,Delayed,549,2742,296,242,294.0,71148,81.75675675675676,Autumn
FL00572,2025-07-09,AL002,AC007,AP009,AP015,2025-07-09 13:45:00,2025-07-09 13:59:00,14.0,Technical,Delayed,577,8146,300,221,573.0,126633,73.66666666666667,Summer
FL00573,2023-05-25,AL001,AC026,AP020,AP013,2023-05-25 08:15:00,2023-05-25 08:19:00,4.0,Air Traffic,Delayed,578,2999,189,103,304.0,31312,54.4973544973545,Spring
FL00574,2023-05-03,AL005,AC034,AP011,AP023,2023-05-03 16:30:00,2023-05-03 16:36:00,6.0,Weather,Delayed,434,8164,300,227,237.0,53799,75.66666666666667,Spring
FL00575,2025-05-27,AL009,AC003,AP025,AP027,2025-05-27 21:00:00,2025-05-27 21:13:00,13.0,Late Aircraft,Delayed,475,3246,396,385,451.0,173635,97.2222222222222,Spring
FL00576,2025-07-19,AL003,AC036,AP017,AP001,2025-07-19 21:00:00,2025-07-19 21:14:00,14.0,Air Traffic,Delayed,335,1211,180,152,636.0,96672,84.44444444444444,Summer
FL00577,2024-07-21,AL010,AC023,AP020,AP003,2024-07-21 10:00:00,2024-07-21 10:05:00,5.0,Weather,Delayed,513,5623,180,125,218.0,27250,69.44444444444444,Summer
FL00578,2024-12-06,AL005,AC015,AP007,AP030,2024-12-06 21:45:00,2024-12-06 21:58:00,13.0,Technical,Delayed,405,2885,396,282,570.0,160740,71.21212121212122,Winter
FL00579,2024-06-29,AL007,AC012,AP013,AP021,2024-06-29 15:00:00,2024-06-29 15:10:00,10.0,Air Traffic,Delayed,461,8049,189,115,340.0,39100,60.84656084656085,Summer
FL00580,2025-12-24,AL007,AC012,AP001,AP010,2025-12-24 12:30:00,2025-12-24 12:38:00,8.0,Weather,Delayed,610,6790,189,164,466.0,76424,86.77248677248677,Winter
FL00581,2024-09-14,AL008,AC025,AP021,AP026,2024-09-14 18:15:00,2024-09-14 18:21:00,6.0,Late Aircraft,Delayed,92,4988,296,289,371.0,107219,97.63513513513512,Autumn
FL00582,2024-03-18,AL003,AC024,AP024,AP017,2024-03-18 06:15:00,2024-03-18 08:51:00,156.0,Air Traffic,Severely Delayed,673,1050,296,218,274.0,59732,73.64864864864865,Spring
FL00583,2025-11-11,AL007,AC040,AP026,AP027,2025-11-11 09:45:00,2025-11-11 09:54:00,9.0,Late Aircraft,Delayed,449,2966,220,151,169.0,25519,68.63636363636364,Autumn
FL00584,2024-03-01,AL002,AC007,AP008,AP018,2024-03-01 14:15:00,2024-03-01 14:29:00,14.0,Crew,Delayed,375,799,300,248,365.0,90520,82.66666666666667,Spring
FL00585,2024-01-23,AL008,AC024,AP006,AP011,2024-01-23 17:00:00,2024-01-23 17:00:00,0.0,No Delay,On Time,505,8365,296,226,357.0,80682,76.35135135135135,Winter
FL00586,2023-04-10,AL004,AC007,AP019,AP010,2023-04-10 18:15:00,2023-04-10 19:19:00,64.0,Weather,Delayed,105,2353,300,218,220.0,47960,72.66666666666667,Spring
FL00587,2025-01-21,AL005,AC012,AP023,AP012,2025-01-21 19:45:00,2025-01-21 19:45:00,0.0,No Delay,On Time,83,6144,189,159,443.0,70437,84.12698412698413,Winter
FL00588,2025-12-17,AL007,AC034,AP030,AP027,2025-12-17 12:45:00,2025-12-17 12:56:00,11.0,Technical,Delayed,609,374,300,256,220.0,56320,85.33333333333334,Winter
FL00589,2023-03-04,AL003,AC002,AP014,AP029,2023-03-04 16:15:00,2023-03-04 16:16:00,1.0,Weather,Delayed,60,3345,300,178,385.0,68530,59.333333333333336,Spring
FL00590,2025-06-19,AL010,AC021,AP004,AP017,2025-06-19 14:00:00,2025-06-19 14:03:00,3.0,Technical,Delayed,68,886,325,185,247.0,45695,56.92307692307692,Summer
FL00591,2023-04-01,AL007,AC003,AP021,AP001,2023-04-01 19:45:00,2023-04-01 19:51:00,6.0,Late Aircraft,Delayed,582,2635,396,323,435.0,140505,81.56565656565657,Spring
FL00592,2024-03-12,AL004,AC034,AP007,AP005,2024-03-12 18:45:00,2024-03-12 18:51:00,6.0,Technical,Delayed,573,2067,300,251,358.0,89858,83.66666666666667,Spring
FL00593,2025-03-04,AL003,AC020,AP006,AP024,2025-03-04 05:30:00,2025-03-04 05:37:00,7.0,Air Traffic,Delayed,260,1874,396,317,316.0,100172,80.05050505050505,Spring
FL00594,2024-11-19,AL006,AC004,AP014,AP021,2024-11-19 22:45:00,2024-11-19 22:45:00,0.0,No Delay,On Time,85,1273,180,137,314.0,43018,76.11111111111111,Autumn
FL00595,2023-04-03,AL004,AC015,AP008,AP025,2023-04-03 17:00:00,2023-04-03 19:24:00,144.0,Late Aircraft,Severely Delayed,295,3539,396,245,523.0,128135,61.86868686868687,Spring
FL00596,2024-08-15,AL008,AC040,AP022,AP013,2024-08-15 13:30:00,2024-08-15 13:39:00,9.0,Air Traffic,Delayed,596,7975,220,205,608.0,124640,93.18181818181816,Summer
FL00597,2024-09-28,AL005,AC037,AP004,AP029,2024-09-28 06:00:00,2024-09-28 06:03:00,3.0,Weather,Delayed,441,3053,220,217,297.0,64449,98.63636363636364,Autumn
FL00598,2025-11-27,AL002,AC028,AP004,AP002,2025-11-27 16:15:00,2025-11-27 16:17:00,2.0,Technical,Delayed,139,313,296,293,503.0,147379,98.98648648648648,Autumn
FL00599,2025-07-21,AL007,AC039,AP005,AP026,2025-07-21 20:15:00,2025-07-21 20:23:00,8.0,Late Aircraft,Delayed,355,2393,300,227,477.0,108279,75.66666666666667,Summer
FL00600,2025-01-13,AL009,AC019,AP009,AP011,2025-01-13 20:30:00,2025-01-13 20:35:00,5.0,Weather,Delayed,684,5632,296,254,278.0,70612,85.8108108108108,Winter
FL00601,2025-01-24,AL007,AC029,AP021,AP008,2025-01-24 13:15:00,2025-01-24 13:16:00,1.0,Crew,Delayed,383,6225,220,162,159.0,25758,73.63636363636363,Winter
FL00602,2025-05-26,AL005,AC031,AP014,AP015,2025-05-26 17:15:00,2025-05-26 17:28:00,13.0,Crew,Cancelled,268,6271,300,0,194.0,0,0.0,Spring
FL00603,2024-05-22,AL001,AC040,AP003,AP007,2024-05-22 18:30:00,2024-05-22 18:39:00,9.0,Air Traffic,Delayed,295,4986,220,169,164.0,27716,76.81818181818181,Spring
FL00604,2024-05-25,AL003,AC026,AP019,AP013,2024-05-25 08:30:00,2024-05-25 10:01:00,91.0,Technical,Delayed,562,5474,189,153,578.0,88434,80.95238095238095,Spring
FL00605,2023-05-14,AL005,AC037,AP013,AP016,2023-05-14 18:45:00,2023-05-14 18:48:00,3.0,Crew,Delayed,666,6066,220,188,291.0,54708,85.45454545454545,Spring
FL00606,2023-06-14,AL001,AC024,AP025,AP029,2023-06-14 16:45:00,2023-06-14 16:59:00,14.0,Crew,Delayed,422,7673,296,230,87.0,20010,77.7027027027027,Summer
FL00607,2025-03-17,AL002,AC026,AP003,AP012,2025-03-17 17:45:00,2025-03-17 17:48:00,3.0,Weather,Delayed,383,7989,189,142,215.0,30530,75.13227513227513,Spring
FL00608,2024-10-05,AL006,AC033,AP026,AP011,2024-10-05 07:30:00,2024-10-05 08:24:00,54.0,Crew,Delayed,55,5117,220,114,253.0,28842,51.81818181818182,Autumn
FL00609,2024-06-18,AL005,AC038,AP029,AP022,2024-06-18 05:30:00,2024-06-18 06:19:00,49.0,Late Aircraft,Delayed,392,8021,189,156,134.0,20904,82.53968253968253,Summer
FL00610,2023-10-21,AL005,AC011,AP014,AP029,2023-10-21 16:00:00,2023-10-21 16:15:00,15.0,Air Traffic,Delayed,481,3302,300,197,404.0,79588,65.66666666666666,Autumn
FL00611,2024-10-21,AL004,AC016,AP006,AP015,2024-10-21 15:00:00,2024-10-21 17:09:00,129.0,Weather,Severely Delayed,155,797,189,111,323.0,35853,58.730158730158735,Autumn
FL00612,2023-06-25,AL002,AC008,AP002,AP028,2023-06-25 12:30:00,2023-06-25 12:44:00,14.0,Technical,Delayed,425,6152,300,163,535.0,87205,54.333333333333336,Summer
FL00613,2023-01-10,AL009,AC028,AP019,AP005,2023-01-10 11:00:00,2023-01-10 12:42:00,102.0,Security,Delayed,94,3895,296,230,435.0,100050,77.7027027027027,Winter
FL00614,2024-11-30,AL003,AC008,AP023,AP004,2024-11-30 15:30:00,2024-11-30 15:31:00,1.0,Security,Delayed,542,6472,300,236,73.0,17228,78.66666666666666,Autumn
FL00615,2023-03-22,AL005,AC040,AP026,AP002,2023-03-22 15:45:00,2023-03-22 15:45:00,0.0,No Delay,On Time,108,1061,220,123,591.0,72693,55.90909090909091,Spring
FL00616,2025-04-05,AL006,AC032,AP012,AP005,2025-04-05 07:45:00,2025-04-05 07:59:00,14.0,Weather,Delayed,348,4221,396,289,171.0,49419,72.97979797979798,Spring
FL00617,2024-02-04,AL010,AC005,AP007,AP008,2024-02-04 07:15:00,2024-02-04 07:25:00,10.0,Weather,Delayed,201,4133,325,245,565.0,138425,75.38461538461539,Winter
FL00618,2023-04-20,AL001,AC019,AP016,AP022,2023-04-20 09:45:00,2023-04-20 11:29:00,104.0,Air Traffic,Cancelled,637,7721,296,0,259.0,0,0.0,Spring
FL00619,2024-02-23,AL008,AC034,AP026,AP001,2024-02-23 07:45:00,2024-02-23 07:56:00,11.0,Weather,Delayed,243,6581,300,244,430.0,104920,81.33333333333333,Winter
FL00620,2023-12-29,AL001,AC036,AP019,AP014,2023-12-29 06:45:00,2023-12-29 06:52:00,7.0,Technical,Delayed,604,2915,180,171,445.0,76095,95.0,Winter
FL00621,2025-07-31,AL003,AC009,AP010,AP024,2025-07-31 16:45:00,2025-07-31 17:34:00,49.0,Crew,Delayed,295,5632,296,230,308.0,70840,77.7027027027027,Summer
FL00622,2023-07-15,AL007,AC019,AP005,AP016,2023-07-15 12:15:00,2023-07-15 12:22:00,7.0,Air Traffic,Delayed,626,7365,296,262,121.0,31702,88.51351351351352,Summer
FL00623,2025-10-27,AL003,AC034,AP017,AP002,2025-10-27 17:30:00,2025-10-27 17:39:00,9.0,Crew,Delayed,539,7395,300,159,301.0,47859,53.0,Autumn
FL00624,2024-05-09,AL010,AC035,AP012,AP001,2024-05-09 22:15:00,2024-05-09 22:24:00,9.0,Technical,Delayed,712,1938,189,96,449.0,43104,50.79365079365079,Spring
FL00625,2023-08-02,AL003,AC011,AP010,AP012,2023-08-02 17:45:00,2023-08-02 17:56:00,11.0,Security,Delayed,123,8396,300,276,133.0,36708,92.0,Summer
FL00626,2024-05-31,AL010,AC007,AP024,AP019,2024-05-31 05:00:00,2024-05-31 05:01:00,1.0,Crew,Delayed,66,7635,300,203,503.0,102109,67.66666666666666,Spring
FL00627,2023-06-26,AL009,AC038,AP014,AP016,2023-06-26 10:30:00,2023-06-26 10:32:00,2.0,Weather,Delayed,228,6747,189,157,479.0,75203,83.06878306878306,Summer
FL00628,2024-05-25,AL001,AC013,AP030,AP008,2024-05-25 07:15:00,2024-05-25 07:29:00,14.0,Crew,Delayed,236,797,325,229,100.0,22900,70.46153846153847,Spring
FL00629,2024-04-24,AL001,AC024,AP022,AP010,2024-04-24 21:00:00,2024-04-24 21:01:00,1.0,Crew,Delayed,712,1128,296,242,78.0,18876,81.75675675675676,Spring
FL00630,2025-06-15,AL004,AC020,AP013,AP026,2025-06-15 15:30:00,2025-06-15 15:31:00,1.0,Weather,Delayed,482,1285,396,266,411.0,109326,67.17171717171718,Summer
FL00631,2025-08-17,AL004,AC031,AP004,AP003,2025-08-17 16:15:00,2025-08-17 16:20:00,5.0,Security,Delayed,540,1043,300,202,545.0,110090,67.33333333333333,Summer
FL00632,2024-04-12,AL008,AC024,AP009,AP010,2024-04-12 20:15:00,2024-04-12 23:06:00,171.0,Weather,Severely Delayed,92,1746,296,235,573.0,134655,79.3918918918919,Spring
FL00633,2025-06-07,AL008,AC035,AP009,AP021,2025-06-07 09:00:00,2025-06-07 10:22:00,82.0,Crew,Delayed,267,8185,189,187,226.0,42262,98.94179894179894,Summer
FL00634,2024-01-09,AL006,AC002,AP013,AP005,2024-01-09 13:45:00,2024-01-09 13:52:00,7.0,Late Aircraft,Delayed,357,8248,300,230,317.0,72910,76.66666666666667,Winter
FL00635,2025-08-01,AL006,AC019,AP025,AP021,2025-08-01 07:30:00,2025-08-01 07:42:00,12.0,Weather,Delayed,445,1586,296,224,162.0,36288,75.67567567567568,Summer
FL00636,2024-04-29,AL003,AC017,AP013,AP003,2024-04-29 19:30:00,2024-04-29 19:33:00,3.0,Technical,Delayed,165,3954,296,168,246.0,41328,56.75675675675676,Spring
FL00637,2024-05-22,AL008,AC022,AP014,AP017,2024-05-22 17:15:00,2024-05-22 17:17:00,2.0,Crew,Delayed,370,4259,300,250,599.0,149750,83.33333333333334,Spring
FL00638,2023-01-18,AL010,AC036,AP017,AP018,2023-01-18 21:45:00,2023-01-18 21:51:00,6.0,Security,Delayed,696,4073,180,109,112.0,12208,60.55555555555555,Winter
FL00639,2023-10-28,AL010,AC020,AP010,AP007,2023-10-28 13:30:00,2023-10-28 13:31:00,1.0,Technical,Delayed,158,4777,396,319,489.0,155991,80.55555555555556,Autumn
FL00640,2024-05-12,AL008,AC028,AP019,AP029,2024-05-12 10:15:00,2024-05-12 10:18:00,3.0,Weather,Delayed,146,5300,296,244,362.0,117120,82.43243243243244,Spring
FL00641,2023-01-05,AL003,AC004,AP027,AP005,2023-01-05 22:15:00,2023-01-05 22:15:00,0.0,No Delay,On Time,224,1537,180,133,241.0,32053,73.88888888888889,Winter
FL00642,2024-12-06,AL008,AC011,AP019,AP016,2024-12-06 21:00:00,2024-12-06 21:10:00,10.0,Late Aircraft,Delayed,244,6869,300,221,527.0,116467,73.66666666666667,Winter
FL00643,2025-03-23,AL003,AC026,AP003,AP017,2025-03-23 19:00:00,2025-03-23 19:07:00,7.0,Late Aircraft,Delayed,144,899,189,132,258.0,34056,69.84126984126983,Spring
FL00644,2024-07-24,AL001,AC008,AP026,AP027,2024-07-24 05:00:00,2024-07-24 05:06:00,6.0,Security,Delayed,186,3398,300,230,138.0,31740,76.66666666666667,Summer
FL00645,2023-12-04,AL002,AC028,AP020,AP015,2023-12-04 11:00:00,2023-12-04 11:38:00,38.0,Technical,Delayed,385,7846,296,190,579.0,110010,64.1891891891892,Winter
FL00646,2024-11-26,AL002,AC015,AP029,AP027,2024-11-26 06:00:00,2024-11-26 06:13:00,13.0,Air Traffic,Delayed,433,2513,396,345,133.0,45885,87.12121212121212,Autumn
FL00647,2025-07-28,AL007,AC012,AP020,AP024,2025-07-28 11:45:00,2025-07-28 11:56:00,11.0,Weather,Delayed,149,8046,189,129,630.0,81270,68.25396825396825,Summer
FL00648,2024-10-26,AL008,AC016,AP004,AP028,2024-10-26 13:00:00,2024-10-26 15:52:00,172.0,Weather,Severely Delayed,175,907,189,137,274.0,37538,72.4867724867725,Autumn
FL00649,2025-02-22,AL003,AC001,AP001,AP014,2025-02-22 17:30:00,2025-02-22 18:59:00,89.0,Weather,Delayed,258,5191,325,249,415.0,103335,76.61538461538461,Winter
FL00650,2023-11-10,AL007,AC011,AP020,AP009,2023-11-10 08:45:00,2023-11-10 08:53:00,8.0,Late Aircraft,Delayed,343,2493,300,276,210.0,57960,92.0,Autumn
FL00651,2023-10-27,AL002,AC005,AP029,AP017,2023-10-27 22:45:00,2023-10-27 22:56:00,11.0,Air Traffic,Delayed,487,1563,325,293,260.0,76180,90.15384615384616,Autumn
FL00652,2024-10-21,AL003,AC023,AP010,AP014,2024-10-21 05:45:00,2024-10-21 08:44:00,179.0,Late Aircraft,Severely Delayed,523,2805,180,156,394.0,61464,86.66666666666667,Autumn
FL00653,2024-07-24,AL002,AC030,AP001,AP025,2024-07-24 06:45:00,2024-07-24 07:36:00,51.0,Technical,Delayed,471,725,325,214,538.0,115132,65.84615384615384,Summer
FL00654,2025-06-03,AL006,AC008,AP026,AP002,2025-06-03 12:15:00,2025-06-03 12:18:00,3.0,Crew,Delayed,268,4064,300,283,115.0,32545,94.33333333333334,Summer
FL00655,2023-12-06,AL002,AC038,AP011,AP001,2023-12-06 14:45:00,2023-12-06 14:56:00,11.0,Weather,Delayed,539,3764,189,143,304.0,43472,75.66137566137566,Winter
FL00656,2023-10-22,AL010,AC004,AP012,AP001,2023-10-22 11:45:00,2023-10-22 11:47:00,2.0,Crew,Delayed,474,4339,180,126,629.0,79254,70.0,Autumn
FL00657,2024-02-03,AL008,AC024,AP022,AP005,2024-02-03 15:00:00,2024-02-03 17:18:00,138.0,Crew,Severely Delayed,87,5249,296,293,395.0,115735,98.98648648648648,Winter
FL00658,2024-02-06,AL002,AC001,AP015,AP029,2024-02-06 16:15:00,2024-02-06 16:22:00,7.0,Late Aircraft,Delayed,58,2193,325,284,127.0,36068,87.38461538461539,Winter
FL00659,2025-03-07,AL002,AC018,AP014,AP018,2025-03-07 15:45:00,2025-03-07 15:46:00,1.0,Air Traffic,Delayed,173,1290,189,162,437.0,70794,85.71428571428571,Spring
FL00660,2024-03-31,AL004,AC028,AP014,AP027,2024-03-31 16:00:00,2024-03-31 16:06:00,6.0,Technical,Delayed,587,7977,296,222,485.0,107670,75.0,Spring
FL00661,2023-05-09,AL006,AC018,AP026,AP008,2023-05-09 21:30:00,2023-05-09 21:30:00,0.0,No Delay,On Time,633,7763,189,138,569.0,78522,73.01587301587301,Spring
FL00662,2023-12-29,AL010,AC037,AP002,AP023,2023-12-29 14:15:00,2023-12-29 14:24:00,9.0,Air Traffic,Delayed,629,7245,220,213,278.0,59214,96.8181818181818,Winter
FL00663,2023-04-28,AL001,AC012,AP010,AP012,2023-04-28 09:00:00,2023-04-28 11:46:00,166.0,Air Traffic,Severely Delayed,264,3609,189,129,370.0,47730,68.25396825396825,Spring
FL00664,2023-08-01,AL006,AC038,AP008,AP017,2023-08-01 21:00:00,2023-08-01 21:07:00,7.0,Technical,Delayed,586,7148,189,154,275.0,42350,81.48148148148148,Summer
FL00665,2023-08-19,AL009,AC033,AP015,AP019,2023-08-19 12:30:00,2023-08-19 12:38:00,8.0,Security,Delayed,541,3775,220,168,395.0,66360,76.36363636363637,Summer
FL00666,2023-02-14,AL009,AC006,AP024,AP003,2023-02-14 09:30:00,2023-02-14 09:31:00,1.0,Late Aircraft,Delayed,526,3761,300,227,157.0,35639,75.66666666666667,Winter
FL00667,2024-07-31,AL002,AC039,AP013,AP028,2024-07-31 16:45:00,2024-07-31 16:58:00,13.0,Air Traffic,Delayed,456,4069,300,236,409.0,96524,78.66666666666666,Summer
FL00668,2024-02-09,AL008,AC032,AP019,AP026,2024-02-09 10:15:00,2024-02-09 12:12:00,117.0,Weather,Delayed,634,6614,396,263,616.0,162008,66.41414141414141,Winter
FL00669,2023-06-25,AL010,AC010,AP011,AP029,2023-06-25 07:00:00,2023-06-25 07:09:00,9.0,Crew,Cancelled,299,3681,396,0,490.0,0,0.0,Summer
FL00670,2023-06-10,AL001,AC039,AP021,AP014,2023-06-10 22:30:00,2023-06-10 22:43:00,13.0,Technical,Delayed,350,2008,300,297,572.0,169884,99.0,Summer
FL00671,2023-04-13,AL003,AC012,AP001,AP009,2023-04-13 20:30:00,2023-04-13 20:35:00,5.0,Weather,Delayed,393,327,189,148,639.0,94572,78.3068783068783,Spring
FL00672,2024-04-01,AL002,AC037,AP027,AP020,2024-04-01 16:45:00,2024-04-01 16:47:00,2.0,Security,Delayed,703,819,220,185,247.0,45695,84.0909090909091,Spring
FL00673,2024-10-31,AL007,AC017,AP005,AP003,2024-10-31 20:45:00,2024-10-31 20:45:00,0.0,No Delay,On Time,570,5182,296,293,574.0,168182,98.98648648648648,Autumn
FL00674,2024-09-18,AL010,AC012,AP003,AP010,2024-09-18 18:00:00,2024-09-18 18:05:00,5.0,Technical,Delayed,373,7777,189,145,358.0,51910,76.71957671957672,Autumn
FL00675,2023-09-09,AL006,AC017,AP019,AP007,2023-09-09 12:15:00,2023-09-09 12:17:00,2.0,Technical,Delayed,276,7370,296,191,431.0,82321,64.52702702702703,Autumn
FL00676,2025-11-06,AL003,AC001,AP029,AP020,2025-11-06 11:15:00,2025-11-06 11:26:00,11.0,Air Traffic,Delayed,637,6287,325,245,542.0,132790,75.38461538461539,Autumn
FL00677,2023-09-30,AL010,AC012,AP016,AP001,2023-09-30 14:45:00,2023-09-30 14:58:00,13.0,Air Traffic,Delayed,429,5716,189,143,289.0,41327,75.66137566137566,Autumn
FL00678,2024-08-15,AL001,AC023,AP026,AP014,2024-08-15 16:00:00,2024-08-15 16:10:00,10.0,Crew,Delayed,79,6271,180,131,626.0,82006,72.77777777777777,Summer
FL00679,2023-07-21,AL005,AC023,AP010,AP020,2023-07-21 21:00:00,2023-07-21 21:45:00,45.0,Weather,Delayed,485,765,180,128,393.0,50304,71.11111111111111,Summer
FL00680,2023-07-21,AL005,AC011,AP003,AP030,2023-07-21 07:00:00,2023-07-21 09:37:00,157.0,Weather,Cancelled,234,4624,300,0,445.0,0,0.0,Summer
FL00681,2024-06-11,AL007,AC036,AP021,AP018,2024-06-11 06:45:00,2024-06-11 06:50:00,5.0,Air Traffic,Delayed,506,3986,180,143,181.0,25883,79.44444444444444,Summer
FL00682,2024-11-25,AL007,AC031,AP017,AP030,2024-11-25 15:45:00,2024-11-25 15:53:00,8.0,Weather,Delayed,110,1034,300,244,423.0,103212,81.33333333333333,Autumn
FL00683,2023-09-03,AL009,AC034,AP010,AP017,2023-09-03 15:30:00,2023-09-03 15:39:00,9.0,Crew,Delayed,642,7629,300,225,561.0,126225,75.0,Autumn
FL00684,2023-02-21,AL006,AC032,AP010,AP016,2023-02-21 07:45:00,2023-02-21 07:54:00,9.0,Air Traffic,Delayed,120,5279,396,334,335.0,111890,84.34343434343434,Winter
FL00685,2024-02-01,AL002,AC031,AP003,AP007,2024-02-01 18:15:00,2024-02-01 20:44:00,149.0,Security,Severely Delayed,645,2978,300,217,123.0,26691,72.33333333333334,Winter
FL00686,2025-05-22,AL010,AC027,AP023,AP003,2025-05-22 07:15:00,2025-05-22 07:18:00,3.0,Security,Delayed,441,6317,325,210,78.0,16380,64.61538461538461,Spring
FL00687,2024-06-23,AL003,AC025,AP004,AP021,2024-06-23 17:30:00,2024-06-23 17:34:00,4.0,Late Aircraft,Delayed,301,7664,296,246,111.0,27306,83.1081081081081,Summer
FL00688,2025-10-28,AL001,AC038,AP003,AP007,2025-10-28 15:15:00,2025-10-28 16:04:00,49.0,Late Aircraft,Delayed,270,6423,189,147,590.0,86730,77.77777777777779,Autumn
FL00689,2024-02-19,AL009,AC010,AP025,AP021,2024-02-19 08:00:00,2024-02-19 08:15:00,15.0,Crew,Delayed,52,2618,396,341,472.0,160952,86.11111111111111,Winter
FL00690,2023-11-14,AL007,AC007,AP028,AP016,2023-11-14 14:00:00,2023-11-14 14:03:00,3.0,Weather,Delayed,68,2061,300,253,580.0,146740,84.33333333333334,Autumn
FL00691,2025-09-06,AL006,AC024,AP002,AP006,2025-09-06 19:15:00,2025-09-06 21:47:00,152.0,Crew,Severely Delayed,636,8324,296,200,210.0,42000,67.56756756756756,Autumn
FL00692,2025-08-22,AL005,AC030,AP012,AP028,2025-08-22 20:00:00,2025-08-22 20:04:00,4.0,Air Traffic,Delayed,154,1375,325,237,337.0,79869,72.92307692307692,Summer
FL00693,2024-09-04,AL001,AC015,AP015,AP010,2024-09-04 11:00:00,2024-09-04 13:51:00,171.0,Crew,Severely Delayed,506,2395,396,334,512.0,171008,84.34343434343434,Autumn
FL00694,2025-11-20,AL001,AC005,AP017,AP002,2025-11-20 20:45:00,2025-11-20 20:57:00,12.0,Security,Delayed,619,8004,325,249,593.0,147657,76.61538461538461,Autumn
FL00695,2025-04-28,AL006,AC032,AP028,AP012,2025-04-28 09:30:00,2025-04-28 09:43:00,13.0,Weather,Delayed,715,4377,396,347,280.0,97160,87.62626262626263,Spring
FL00696,2025-07-27,AL006,AC036,AP023,AP007,2025-07-27 21:15:00,2025-07-27 21:23:00,8.0,Air Traffic,Delayed,405,6192,180,151,614.0,92714,83.88888888888889,Summer
FL00697,2025-10-04,AL002,AC012,AP001,AP002,2025-10-04 11:00:00,2025-10-04 11:13:00,13.0,Technical,Delayed,124,4236,189,130,600.0,78000,68.78306878306879,Autumn
FL00698,2023-02-10,AL007,AC003,AP028,AP019,2023-02-10 14:15:00,2023-02-10 14:18:00,3.0,Security,Delayed,562,3977,396,275,359.0,98725,69.44444444444444,Winter
FL00699,2025-06-07,AL003,AC029,AP026,AP016,2025-06-07 10:15:00,2025-06-07 10:20:00,5.0,Weather,Delayed,494,2694,220,155,120.0,18600,70.45454545454545,Summer
FL00700,2025-10-16,AL004,AC017,AP019,AP014,2025-10-16 18:45:00,2025-10-16 18:56:00,11.0,Air Traffic,Delayed,115,1894,296,258,430.0,110940,87.16216216216216,Autumn
FL00701,2023-05-05,AL007,AC035,AP015,AP008,2023-05-05 16:00:00,2023-05-05 16:04:00,4.0,Crew,Delayed,277,1117,189,187,577.0,107899,98.94179894179894,Spring
FL00702,2025-06-27,AL007,AC039,AP010,AP017,2025-06-27 14:00:00,2025-06-27 14:04:00,4.0,Air Traffic,Delayed,563,2779,300,278,305.0,84790,92.66666666666666,Summer
FL00703,2025-11-10,AL006,AC028,AP017,AP006,2025-11-10 11:15:00,2025-11-10 11:26:00,11.0,Late Aircraft,Delayed,389,7765,296,225,113.0,25425,76.01351351351352,Autumn
FL00704,2024-07-26,AL003,AC001,AP030,AP003,2024-07-26 20:45:00,2024-07-26 20:47:00,2.0,Security,Delayed,621,6498,325,178,196.0,34888,54.76923076923077,Summer
FL00705,2025-12-28,AL009,AC035,AP018,AP026,2025-12-28 12:45:00,2025-12-28 12:54:00,9.0,Air Traffic,Delayed,202,2743,189,169,314.0,53066,89.41798941798942,Winter
FL00706,2024-01-27,AL006,AC008,AP027,AP030,2024-01-27 11:00:00,2024-01-27 11:38:00,38.0,Crew,Delayed,675,2409,300,196,606.0,118776,65.33333333333333,Winter
FL00707,2023-07-20,AL001,AC007,AP015,AP019,2023-07-20 16:15:00,2023-07-20 16:23:00,8.0,Late Aircraft,Delayed,272,5871,300,172,71.0,12212,57.333333333333336,Summer
FL00708,2024-06-15,AL005,AC021,AP016,AP004,2024-06-15 18:15:00,2024-06-15 18:19:00,4.0,Weather,Delayed,645,3624,325,228,507.0,115596,70.15384615384616,Summer
FL00709,2023-08-16,AL001,AC014,AP003,AP023,2023-08-16 20:45:00,2023-08-16 22:21:00,96.0,Weather,Cancelled,458,1178,325,0,554.0,0,0.0,Summer
FL00710,2025-12-18,AL005,AC039,AP013,AP006,2025-12-18 11:00:00,2025-12-18 11:14:00,14.0,Technical,Delayed,591,6725,300,196,179.0,35084,65.33333333333333,Winter
FL00711,2025-01-17,AL001,AC035,AP022,AP010,2025-01-17 20:00:00,2025-01-17 20:13:00,13.0,Weather,Delayed,631,4803,189,147,214.0,31458,77.77777777777779,Winter
FL00712,2025-07-22,AL009,AC012,AP012,AP024,2025-07-22 16:30:00,2025-07-22 16:42:00,12.0,Crew,Delayed,420,6724,189,150,296.0,44400,79.36507936507937,Summer
FL00713,2023-01-03,AL003,AC007,AP028,AP011,2023-01-03 09:15:00,2023-01-03 09:17:00,2.0,Air Traffic,Delayed,272,7669,300,266,253.0,67298,88.66666666666667,Winter
FL00714,2025-07-05,AL008,AC001,AP021,AP010,2025-07-05 16:15:00,2025-07-05 18:38:00,143.0,Crew,Severely Delayed,643,1471,325,239,103.0,24617,73.53846153846155,Summer
FL00715,2025-03-27,AL007,AC027,AP006,AP009,2025-03-27 15:30:00,2025-03-27 15:43:00,13.0,Security,Delayed,508,7079,325,290,638.0,185020,89.23076923076924,Spring
FL00716,2024-05-20,AL003,AC039,AP007,AP023,2024-05-20 15:00:00,2024-05-20 15:15:00,15.0,Weather,Delayed,95,8108,300,212,506.0,107272,70.66666666666667,Spring
FL00717,2025-02-28,AL004,AC022,AP009,AP014,2025-02-28 15:45:00,2025-02-28 16:00:00,15.0,Air Traffic,Delayed,638,730,300,220,195.0,42900,73.33333333333333,Winter
FL00718,2023-03-25,AL009,AC018,AP027,AP023,2023-03-25 07:00:00,2023-03-25 07:06:00,6.0,Crew,Delayed,419,6117,189,85,96.0,8160,44.97354497354497,Spring
FL00719,2024-03-04,AL004,AC024,AP004,AP002,2024-03-04 14:15:00,2024-03-04 16:52:00,157.0,Technical,Severely Delayed,332,1109,296,218,456.0,99408,73.64864864864865,Spring
FL00720,2024-01-03,AL009,AC034,AP027,AP020,2024-01-03 15:45:00,2024-01-03 17:18:00,93.0,Technical,Delayed,592,5511,300,230,487.0,112010,76.66666666666667,Winter
FL00721,2025-02-08,AL006,AC037,AP030,AP015,2025-02-08 13:15:00,2025-02-08 13:16:00,1.0,Late Aircraft,Delayed,195,2208,220,171,499.0,85329,77.72727272727272,Winter
FL00722,2025-08-01,AL010,AC001,AP016,AP014,2025-08-01 10:30:00,2025-08-01 10:45:00,15.0,Weather,Delayed,506,5835,325,224,362.0,23296,68.92307692307692,Summer
FL00723,2023-12-26,AL003,AC012,AP017,AP005,2023-12-26 14:30:00,2023-12-26 16:26:00,116.0,Crew,Delayed,561,5713,189,126,604.0,76104,66.66666666666666,Winter
FL00724,2025-03-05,AL005,AC029,AP003,AP007,2025-03-05 08:30:00,2025-03-05 08:43:00,13.0,Technical,Delayed,406,471,220,163,645.0,105135,74.0909090909091,Spring
FL00725,2024-06-07,AL009,AC029,AP008,AP015,2024-06-07 07:30:00,2024-06-07 08:26:00,56.0,Technical,Delayed,396,373,220,158,334.0,52772,71.81818181818181,Summer
FL00726,2024-04-15,AL010,AC026,AP013,AP024,2024-04-15 10:15:00,2024-04-15 10:27:00,12.0,Late Aircraft,Delayed,362,8246,189,116,551.0,63916,61.37566137566137,Spring
FL00727,2023-11-02,AL001,AC004,AP024,AP028,2023-11-02 10:00:00,2023-11-02 10:04:00,4.0,Air Traffic,Delayed,213,3207,180,125,453.0,56625,69.44444444444444,Autumn
FL00728,2025-08-20,AL010,AC036,AP005,AP018,2025-08-20 16:00:00,2025-08-20 16:09:00,9.0,Security,Delayed,314,3902,180,155,489.0,75795,86.11111111111111,Summer
FL00729,2024-08-03,AL008,AC019,AP002,AP014,2024-08-03 21:45:00,2024-08-03 22:21:00,36.0,Technical,Delayed,573,8175,296,266,122.0,32452,89.86486486486487,Summer
FL00730,2024-08-26,AL002,AC028,AP008,AP025,2024-08-26 11:30:00,2024-08-26 11:39:00,9.0,Late Aircraft,Delayed,712,6441,296,287,241.0,69167,96.95945945945948,Summer
FL00731,2023-06-27,AL001,AC014,AP015,AP025,2023-06-27 20:45:00,2023-06-27 20:57:00,12.0,Crew,Delayed,647,8028,325,251,361.0,90611,77.23076923076924,Summer
FL00732,2025-01-11,AL005,AC007,AP008,AP009,2025-01-11 09:00:00,2025-01-11 09:07:00,7.0,Security,Delayed,653,3044,300,225,455.0,102375,75.0,Winter
FL00733,2023-04-10,AL010,AC033,AP004,AP026,2023-04-10 10:00:00,2023-04-10 10:13:00,13.0,Weather,Delayed,546,4524,220,147,288.0,42336,66.81818181818183,Spring
FL00734,2025-07-28,AL001,AC029,AP008,AP021,2025-07-28 20:00:00,2025-07-28 20:09:00,9.0,Weather,Delayed,409,7270,220,152,405.0,61560,69.0909090909091,Summer
FL00735,2023-07-01,AL008,AC018,AP024,AP027,2023-07-01 17:15:00,2023-07-01 17:24:00,9.0,Weather,Delayed,330,4098,189,116,200.0,23200,61.37566137566137,Summer
FL00736,2024-10-31,AL001,AC023,AP014,AP007,2024-10-31 20:15:00,2024-10-31 20:26:00,11.0,Air Traffic,Delayed,648,637,180,173,616.0,106568,96.11111111111111,Autumn
FL00737,2025-10-18,AL004,AC022,AP026,AP018,2025-10-18 19:00:00,2025-10-18 19:07:00,7.0,Air Traffic,Delayed,168,8221,300,183,311.0,56913,61.0,Autumn
FL00738,2024-12-19,AL003,AC022,AP016,AP005,2024-12-19 08:45:00,2024-12-19 08:58:00,13.0,Technical,Delayed,432,1241,300,262,562.0,147244,87.33333333333333,Winter
FL00739,2023-02-27,AL006,AC012,AP001,AP028,2023-02-27 16:45:00,2023-02-27 16:59:00,14.0,Late Aircraft,Delayed,417,659,189,187,200.0,37400,98.94179894179894,Winter
FL00740,2023-03-25,AL002,AC029,AP012,AP017,2023-03-25 21:30:00,2023-03-25 23:52:00,142.0,Technical,Severely Delayed,349,4406,220,166,564.0,93624,75.45454545454545,Spring
FL00741,2024-02-01,AL008,AC004,AP001,AP009,2024-02-01 18:00:00,2024-02-01 18:09:00,9.0,Air Traffic,Delayed,482,5330,180,134,166.0,22244,74.44444444444444,Winter
FL00742,2023-03-09,AL007,AC006,AP003,AP019,2023-03-09 15:45:00,2023-03-09 16:00:00,15.0,Crew,Cancelled,451,337,300,0,204.0,0,0.0,Spring
FL00743,2024-11-23,AL007,AC030,AP014,AP005,2024-11-23 11:30:00,2024-11-23 12:20:00,50.0,Security,Delayed,88,3349,325,245,75.0,18375,75.38461538461539,Autumn
FL00744,2023-06-15,AL008,AC039,AP029,AP017,2023-06-15 07:45:00,2023-06-15 07:58:00,13.0,Air Traffic,Delayed,532,8272,300,236,518.0,122248,78.66666666666666,Summer
FL00745,2025-06-26,AL005,AC004,AP003,AP006,2025-06-26 07:00:00,2025-06-26 07:07:00,7.0,Weather,Delayed,260,3925,180,121,273.0,33033,67.22222222222223,Summer
FL00746,2023-07-25,AL003,AC014,AP007,AP012,2023-07-25 08:45:00,2023-07-25 08:49:00,4.0,Crew,Delayed,597,4852,325,272,432.0,117504,83.6923076923077,Summer
FL00747,2023-02-25,AL004,AC026,AP023,AP027,2023-02-25 20:15:00,2023-02-25 20:15:00,0.0,No Delay,On Time,371,4058,189,131,515.0,67465,69.31216931216932,Winter
FL00748,2023-12-11,AL001,AC020,AP019,AP008,2023-12-11 16:30:00,2023-12-11 16:36:00,6.0,Crew,Delayed,591,7864,396,353,280.0,98840,89.14141414141415,Winter
FL00749,2023-10-02,AL007,AC038,AP029,AP010,2023-10-02 12:15:00,2023-10-02 12:18:00,3.0,Late Aircraft,Delayed,65,7041,189,145,236.0,34220,76.71957671957672,Autumn
FL00750,2023-05-04,AL010,AC002,AP005,AP018,2023-05-04 20:45:00,2023-05-04 20:53:00,8.0,Late Aircraft,Delayed,569,8478,300,179,481.0,86099,59.66666666666667,Spring
FL00751,2025-01-28,AL004,AC036,AP009,AP020,2025-01-28 11:45:00,2025-01-28 11:50:00,5.0,Air Traffic,Delayed,477,747,180,156,246.0,38376,86.66666666666667,Winter
FL00752,2023-08-29,AL008,AC034,AP017,AP010,2023-08-29 17:15:00,2023-08-29 17:19:00,4.0,Technical,Delayed,514,5853,300,241,233.0,56153,80.33333333333333,Summer
FL00753,2024-08-01,AL001,AC028,AP017,AP005,2024-08-01 20:00:00,2024-08-01 20:08:00,8.0,Crew,Delayed,282,6323,296,226,223.0,50398,76.35135135135135,Summer
FL00754,2025-04-20,AL008,AC035,AP006,AP007,2025-04-20 22:45:00,2025-04-20 23:14:00,29.0,Security,Delayed,383,7890,189,140,351.0,49140,74.07407407407408,Spring
FL00755,2024-08-27,AL003,AC010,AP021,AP013,2024-08-27 14:00:00,2024-08-27 14:01:00,1.0,Weather,Delayed,668,8181,396,372,468.0,174096,93.93939393939394,Summer
FL00756,2023-01-28,AL007,AC020,AP018,AP007,2023-01-28 21:00:00,2023-01-28 21:13:00,13.0,Crew,Delayed,334,5509,396,197,339.0,66783,49.74747474747475,Winter
FL00757,2023-09-02,AL009,AC019,AP008,AP027,2023-09-02 12:00:00,2023-09-02 12:12:00,12.0,Air Traffic,Delayed,260,8382,296,238,648.0,154224,80.4054054054054,Autumn
FL00758,2025-06-15,AL001,AC004,AP014,AP013,2025-06-15 05:00:00,2025-06-15 05:57:00,57.0,Crew,Delayed,452,3095,180,176,212.0,37312,97.77777777777776,Summer
FL00759,2025-06-26,AL005,AC014,AP002,AP026,2025-06-26 10:30:00,2025-06-26 10:41:00,11.0,Technical,Delayed,136,3344,325,191,521.0,99511,58.76923076923077,Summer
FL00760,2025-12-27,AL009,AC011,AP024,AP019,2025-12-27 13:15:00,2025-12-27 13:47:00,32.0,Weather,Delayed,73,6199,300,262,421.0,110302,87.33333333333333,Winter
FL00761,2025-06-20,AL008,AC033,AP001,AP027,2025-06-20 07:00:00,2025-06-20 07:12:00,12.0,Technical,Delayed,149,3249,220,129,125.0,16125,58.63636363636363,Summer
FL00762,2023-01-03,AL006,AC040,AP020,AP018,2023-01-03 21:00:00,2023-01-03 22:18:00,78.0,Security,Delayed,300,5937,220,159,194.0,30846,72.27272727272728,Winter
FL00763,2025-06-06,AL004,AC009,AP021,AP020,2025-06-06 08:45:00,2025-06-06 08:46:00,1.0,Security,Delayed,273,4133,296,223,103.0,22969,75.33783783783784,Summer
FL00764,2024-10-10,AL004,AC022,AP018,AP017,2024-10-10 21:15:00,2024-10-10 21:15:00,0.0,No Delay,On Time,652,7854,300,252,531.0,133812,84.0,Autumn
FL00765,2023-05-26,AL007,AC034,AP017,AP024,2023-05-26 17:15:00,2023-05-26 17:18:00,3.0,Security,Delayed,688,5570,300,247,88.0,21736,82.33333333333334,Spring
FL00766,2024-08-31,AL007,AC038,AP025,AP001,2024-08-31 08:15:00,2024-08-31 08:29:00,14.0,Air Traffic,Cancelled,622,4368,189,0,405.0,0,0.0,Summer
FL00767,2024-05-18,AL006,AC026,AP025,AP011,2024-05-18 20:15:00,2024-05-18 20:30:00,15.0,Air Traffic,Delayed,589,1085,189,145,462.0,66990,76.71957671957672,Spring
FL00768,2024-10-23,AL005,AC013,AP026,AP016,2024-10-23 22:15:00,2024-10-23 22:25:00,10.0,Security,Delayed,120,1753,325,228,351.0,80028,70.15384615384616,Autumn
FL00769,2023-11-22,AL004,AC030,AP006,AP005,2023-11-22 06:00:00,2023-11-22 07:41:00,101.0,Security,Delayed,684,5335,325,256,583.0,149248,78.76923076923077,Autumn
FL00770,2025-09-07,AL005,AC026,AP001,AP025,2025-09-07 07:30:00,2025-09-07 07:31:00,1.0,Crew,Delayed,54,5314,189,140,616.0,86240,74.07407407407408,Autumn
FL00771,2025-04-09,AL008,AC034,AP003,AP016,2025-04-09 18:45:00,2025-04-09 20:13:00,88.0,Security,Delayed,163,4385,300,226,374.0,84524,75.33333333333333,Spring
FL00772,2025-04-16,AL008,AC022,AP015,AP011,2025-04-16 05:30:00,2025-04-16 06:20:00,50.0,Air Traffic,Delayed,610,915,300,223,285.0,63555,74.33333333333333,Spring
FL00773,2024-12-22,AL006,AC024,AP017,AP026,2024-12-22 17:30:00,2024-12-22 17:38:00,8.0,Air Traffic,Delayed,229,4757,296,257,478.0,122846,86.82432432432432,Winter
FL00774,2025-10-01,AL010,AC039,AP024,AP015,2025-10-01 07:30:00,2025-10-01 07:41:00,11.0,Technical,Delayed,287,8121,300,275,203.0,55825,91.66666666666666,Autumn
FL00775,2024-06-10,AL009,AC032,AP025,AP005,2024-06-10 14:00:00,2024-06-10 14:06:00,6.0,Late Aircraft,Delayed,55,3689,396,326,318.0,103668,82.32323232323232,Summer
FL00776,2025-07-04,AL001,AC014,AP026,AP014,2025-07-04 05:30:00,2025-07-04 05:39:00,9.0,Technical,Delayed,296,1350,325,227,152.0,34504,69.84615384615384,Summer
FL00777,2023-10-31,AL010,AC017,AP020,AP022,2023-10-31 14:00:00,2023-10-31 14:07:00,7.0,Crew,Delayed,599,5299,296,293,258.0,75594,98.98648648648648,Autumn
FL00778,2024-02-16,AL002,AC023,AP017,AP022,2024-02-16 13:15:00,2024-02-16 13:25:00,10.0,Air Traffic,Delayed,499,5052,180,132,422.0,55704,73.33333333333333,Winter
FL00779,2024-11-27,AL005,AC019,AP006,AP018,2024-11-27 21:00:00,2024-11-27 21:05:00,5.0,Weather,Delayed,218,5938,296,193,254.0,49022,65.2027027027027,Autumn
FL00780,2024-11-07,AL006,AC027,AP005,AP014,2024-11-07 08:00:00,2024-11-07 08:10:00,10.0,Air Traffic,Delayed,135,4426,325,236,247.0,58292,72.61538461538461,Autumn
FL00781,2024-08-07,AL001,AC038,AP001,AP025,2024-08-07 05:45:00,2024-08-07 06:00:00,15.0,Security,Delayed,326,5066,189,142,456.0,64752,75.13227513227513,Summer
FL00782,2023-01-20,AL006,AC033,AP006,AP002,2023-01-20 22:15:00,2023-01-20 22:16:00,1.0,Security,Delayed,370,3526,220,154,100.0,15400,70.0,Winter
FL00783,2023-02-27,AL006,AC020,AP019,AP005,2023-02-27 09:15:00,2023-02-27 09:16:00,1.0,Security,Delayed,645,8266,396,328,647.0,212216,82.82828282828282,Winter
FL00784,2023-01-09,AL006,AC016,AP010,AP024,2023-01-09 20:15:00,2023-01-09 20:17:00,2.0,Technical,Delayed,323,2359,189,167,190.0,31730,88.35978835978835,Winter
FL00785,2023-02-02,AL005,AC018,AP024,AP014,2023-02-02 20:00:00,2023-02-02 20:14:00,14.0,Weather,Cancelled,600,7376,189,0,136.0,0,0.0,Winter
FL00786,2024-03-24,AL008,AC019,AP008,AP030,2024-03-24 13:15:00,2024-03-24 13:26:00,11.0,Weather,Delayed,390,5210,296,206,615.0,126690,69.5945945945946,Spring
FL00787,2025-12-09,AL010,AC008,AP030,AP029,2025-12-09 22:30:00,2025-12-09 22:32:00,2.0,Security,Delayed,635,1250,300,244,117.0,28548,81.33333333333333,Winter
FL00788,2025-06-05,AL005,AC036,AP029,AP003,2025-06-05 13:15:00,2025-06-05 13:16:00,1.0,Air Traffic,Delayed,610,4247,180,137,516.0,70692,76.11111111111111,Summer
FL00789,2025-03-26,AL006,AC036,AP011,AP021,2025-03-26 11:15:00,2025-03-26 11:30:00,15.0,Crew,Delayed,595,1810,180,154,115.0,17710,85.55555555555556,Spring
FL00790,2023-03-04,AL008,AC001,AP023,AP024,2023-03-04 22:45:00,2023-03-04 22:49:00,4.0,Air Traffic,Delayed,55,7327,325,270,274.0,73980,83.07692307692308,Spring
FL00791,2025-09-25,AL010,AC016,AP020,AP009,2025-09-25 06:30:00,2025-09-25 06:45:00,15.0,Air Traffic,Delayed,572,7647,189,176,589.0,103664,93.12169312169311,Autumn
FL00792,2023-03-30,AL003,AC031,AP028,AP011,2023-03-30 09:00:00,2023-03-30 09:08:00,8.0,Crew,Delayed,567,2081,300,204,419.0,85476,68.0,Spring
FL00793,2024-04-01,AL002,AC022,AP022,AP019,2024-04-01 15:30:00,2024-04-01 15:30:00,0.0,No Delay,On Time,500,2063,300,255,81.0,20655,85.0,Spring
FL00794,2024-05-06,AL007,AC001,AP024,AP028,2024-05-06 06:15:00,2024-05-06 08:50:00,155.0,Weather,Severely Delayed,461,4214,325,208,409.0,85072,64.0,Spring
FL00795,2024-01-12,AL002,AC022,AP027,AP007,2024-01-12 21:00:00,2024-01-12 21:00:00,0.0,No Delay,On Time,445,3647,300,247,375.0,92625,82.33333333333334,Winter
FL00796,2023-03-24,AL003,AC034,AP028,AP017,2023-03-24 13:15:00,2023-03-24 14:37:00,82.0,Weather,Delayed,606,2497,300,211,472.0,99592,70.33333333333334,Spring
FL00797,2023-09-22,AL002,AC034,AP001,AP029,2023-09-22 09:30:00,2023-09-22 09:36:00,6.0,Air Traffic,Delayed,495,5649,300,260,371.0,96460,86.66666666666667,Autumn
FL00798,2024-01-29,AL003,AC039,AP009,AP016,2024-01-29 08:15:00,2024-01-29 08:43:00,28.0,Unknown,Delayed,564,2603,300,205,82.0,16810,68.33333333333333,Winter
FL00799,2025-08-03,AL002,AC017,AP005,AP018,2025-08-03 21:30:00,2025-08-03 21:42:00,12.0,Late Aircraft,Delayed,566,1657,296,176,74.0,13024,59.45945945945946,Summer
FL00800,2024-04-07,AL005,AC038,AP020,AP004,2024-04-07 15:00:00,2024-04-07 15:00:00,0.0,No Delay,On Time,205,7390,189,153,449.0,68697,80.95238095238095,Spring
FL00801,2023-11-21,AL002,AC007,AP016,AP019,2023-11-21 13:30:00,2023-11-21 13:41:00,11.0,Weather,Delayed,529,561,300,212,151.0,32012,70.66666666666667,Autumn
FL00802,2023-03-20,AL007,AC034,AP016,AP005,2023-03-20 10:45:00,2023-03-20 10:56:00,11.0,Technical,Delayed,580,1565,300,257,139.0,35723,85.66666666666667,Spring
FL00803,2023-08-12,AL006,AC024,AP018,AP025,2023-08-12 18:30:00,2023-08-12 18:40:00,10.0,Late Aircraft,Delayed,349,6349,296,261,451.0,117711,88.17567567567568,Summer
FL00804,2024-08-01,AL006,AC028,AP016,AP004,2024-08-01 22:45:00,2024-08-01 22:49:00,4.0,Security,Delayed,272,4738,296,224,138.0,30912,75.67567567567568,Summer
FL00805,2024-10-04,AL005,AC021,AP024,AP009,2024-10-04 06:45:00,2024-10-04 06:45:00,0.0,No Delay,On Time,380,6135,325,294,638.0,187572,90.46153846153844,Autumn
FL00806,2023-06-25,AL001,AC007,AP026,AP020,2023-06-25 19:45:00,2023-06-25 19:54:00,9.0,Technical,Delayed,331,8478,300,238,568.0,135184,79.33333333333333,Summer
FL00807,2023-04-06,AL009,AC026,AP030,AP005,2023-04-06 13:45:00,2023-04-06 13:54:00,9.0,Air Traffic,Delayed,134,4153,189,141,321.0,45261,74.60317460317461,Spring
FL00808,2025-04-19,AL007,AC008,AP013,AP004,2025-04-19 17:30:00,2025-04-19 17:30:00,0.0,No Delay,On Time,265,1525,300,258,519.0,133902,86.0,Spring
FL00809,2025-10-25,AL003,AC026,AP011,AP004,2025-10-25 19:00:00,2025-10-25 19:13:00,13.0,Security,Delayed,524,6215,189,160,524.0,83840,84.65608465608466,Autumn
FL00810,2025-12-12,AL005,AC037,AP025,AP026,2025-12-12 05:45:00,2025-12-12 05:50:00,5.0,Technical,Delayed,92,3703,220,126,395.0,49770,57.27272727272727,Winter
FL00811,2025-03-17,AL001,AC012,AP003,AP017,2025-03-17 18:00:00,2025-03-17 18:14:00,14.0,Technical,Delayed,398,7444,189,132,634.0,83688,69.84126984126983,Spring
FL00812,2024-08-22,AL009,AC014,AP011,AP019,2024-08-22 10:45:00,2024-08-22 10:59:00,14.0,Technical,Delayed,506,332,325,224,108.0,24192,68.92307692307692,Summer
FL00813,2023-10-08,AL010,AC008,AP001,AP002,2023-10-08 06:15:00,2023-10-08 09:10:00,175.0,Technical,Severely Delayed,363,6910,300,291,156.0,45396,97.0,Autumn
FL00814,2023-05-16,AL007,AC008,AP016,AP022,2023-05-16 11:15:00,2023-05-16 11:24:00,9.0,Late Aircraft,Delayed,597,5548,300,221,121.0,26741,73.66666666666667,Spring
FL00815,2025-11-23,AL004,AC027,AP005,AP007,2025-11-23 14:30:00,2025-11-23 14:38:00,8.0,Technical,Delayed,342,2173,325,273,134.0,36582,84.0,Autumn
FL00816,2025-09-01,AL003,AC033,AP004,AP020,2025-09-01 10:45:00,2025-09-01 10:55:00,10.0,Weather,Delayed,623,4958,220,213,131.0,27903,96.8181818181818,Autumn
FL00817,2023-10-18,AL009,AC027,AP010,AP014,2023-10-18 15:30:00,2023-10-18 15:42:00,12.0,Crew,Delayed,245,1064,325,263,604.0,158852,80.92307692307692,Autumn
FL00818,2023-10-09,AL003,AC008,AP023,AP008,2023-10-09 18:45:00,2023-10-09 19:32:00,47.0,Air Traffic,Delayed,318,4518,300,206,102.0,21012,68.66666666666667,Autumn
FL00819,2025-03-13,AL002,AC026,AP012,AP024,2025-03-13 16:30:00,2025-03-13 16:56:00,26.0,Late Aircraft,Delayed,465,5977,189,143,98.0,14014,75.66137566137566,Spring
FL00820,2025-02-21,AL002,AC033,AP003,AP018,2025-02-21 15:45:00,2025-02-21 15:57:00,12.0,Weather,Delayed,60,3799,220,131,558.0,73098,59.54545454545455,Winter
FL00821,2025-04-14,AL003,AC024,AP007,AP030,2025-04-14 20:00:00,2025-04-14 20:14:00,14.0,Security,Delayed,423,7175,296,242,161.0,38962,81.75675675675676,Spring
FL00822,2024-02-29,AL007,AC027,AP022,AP009,2024-02-29 13:45:00,2024-02-29 13:58:00,13.0,Late Aircraft,Delayed,286,2416,325,265,99.0,26235,81.53846153846153,Winter
FL00823,2024-01-28,AL009,AC030,AP012,AP025,2024-01-28 14:00:00,2024-01-28 14:02:00,2.0,Security,Delayed,168,2407,325,273,458.0,125034,84.0,Winter
FL00824,2023-06-13,AL004,AC019,AP017,AP014,2023-06-13 12:45:00,2023-06-13 12:45:00,0.0,No Delay,On Time,653,3870,296,252,314.0,79128,85.13513513513513,Summer
FL00825,2024-03-11,AL006,AC037,AP002,AP008,2024-03-11 20:00:00,2024-03-11 21:43:00,103.0,Air Traffic,Delayed,266,4415,220,168,595.0,99960,76.36363636363637,Spring
FL00826,2023-04-17,AL009,AC018,AP028,AP015,2023-04-17 10:30:00,2023-04-17 10:35:00,5.0,Weather,Delayed,327,7849,189,154,215.0,33110,81.48148148148148,Spring
FL00827,2025-09-12,AL008,AC031,AP005,AP025,2025-09-12 19:45:00,2025-09-12 22:38:00,173.0,Security,Severely Delayed,338,1609,300,244,533.0,130052,81.33333333333333,Autumn
FL00828,2024-06-05,AL005,AC017,AP011,AP012,2024-06-05 17:45:00,2024-06-05 17:50:00,5.0,Weather,Delayed,425,1861,296,217,551.0,119567,73.3108108108108,Summer
FL00829,2024-09-28,AL008,AC020,AP006,AP022,2024-09-28 20:15:00,2024-09-28 20:17:00,2.0,Technical,Delayed,393,7533,396,311,557.0,173227,78.53535353535354,Autumn
FL00830,2025-08-12,AL001,AC037,AP018,AP017,2025-08-12 13:00:00,2025-08-12 13:13:00,13.0,Crew,Delayed,595,4388,220,140,461.0,64540,63.63636363636363,Summer
FL00831,2025-01-29,AL001,AC039,AP029,AP030,2025-01-29 07:45:00,2025-01-29 07:47:00,2.0,Crew,Delayed,496,4491,300,242,119.0,28798,80.66666666666666,Winter
FL00832,2024-02-19,AL007,AC002,AP002,AP011,2024-02-19 12:45:00,2024-02-19 13:21:00,36.0,Technical,Delayed,69,1536,300,194,649.0,125906,64.66666666666666,Winter
FL00833,2024-08-10,AL006,AC021,AP003,AP008,2024-08-10 11:45:00,2024-08-10 11:55:00,10.0,Technical,Delayed,293,8218,325,193,113.0,21809,59.38461538461538,Summer
FL00834,2023-06-02,AL001,AC040,AP003,AP008,2023-06-02 09:00:00,2023-06-02 09:03:00,3.0,Technical,Delayed,320,2153,220,130,314.0,40820,59.09090909090909,Summer
FL00835,2024-02-27,AL010,AC014,AP025,AP027,2024-02-27 18:00:00,2024-02-27 18:01:00,1.0,Crew,Delayed,376,544,325,257,72.0,18504,79.07692307692308,Winter
FL00836,2023-02-25,AL010,AC002,AP029,AP012,2023-02-25 20:45:00,2023-02-25 23:38:00,173.0,Crew,Severely Delayed,551,4349,300,203,264.0,53592,67.66666666666666,Winter
FL00837,2023-09-16,AL002,AC010,AP018,AP011,2023-09-16 21:30:00,2023-09-16 21:43:00,13.0,Late Aircraft,Delayed,400,523,396,318,352.0,111936,80.3030303030303,Autumn
FL00838,2024-06-26,AL001,AC025,AP006,AP010,2024-06-26 07:45:00,2024-06-26 07:58:00,13.0,Weather,Delayed,200,2260,296,161,95.0,15295,54.391891891891895,Summer
FL00839,2025-12-05,AL003,AC003,AP014,AP023,2025-12-05 08:15:00,2025-12-05 09:20:00,65.0,Late Aircraft,Delayed,71,902,396,307,106.0,32542,77.52525252525253,Winter
FL00840,2024-11-05,AL009,AC003,AP027,AP030,2024-11-05 09:30:00,2024-11-05 09:33:00,3.0,Late Aircraft,Delayed,552,413,396,268,141.0,37788,67.67676767676768,Autumn
FL00841,2025-06-06,AL005,AC033,AP029,AP014,2025-06-06 07:45:00,2025-06-06 10:40:00,175.0,Technical,Severely Delayed,207,6169,220,137,388.0,53156,62.27272727272727,Summer
FL00842,2023-05-21,AL004,AC002,AP001,AP010,2023-05-21 06:15:00,2023-05-21 06:23:00,8.0,Security,Delayed,60,5434,300,217,328.0,71176,72.33333333333334,Spring
FL00843,2024-03-29,AL010,AC038,AP012,AP010,2024-03-29 06:00:00,2024-03-29 07:11:00,71.0,Technical,Delayed,492,8145,189,140,568.0,79520,74.07407407407408,Spring
FL00844,2023-08-30,AL001,AC012,AP010,AP008,2023-08-30 05:30:00,2023-08-30 05:41:00,11.0,Weather,Delayed,610,7486,189,138,127.0,17526,73.01587301587301,Summer
FL00845,2025-12-28,AL008,AC028,AP019,AP021,2025-12-28 05:00:00,2025-12-28 05:07:00,7.0,Late Aircraft,Delayed,437,4804,296,233,333.0,77589,78.71621621621621,Winter
FL00846,2023-10-14,AL005,AC016,AP007,AP010,2023-10-14 05:30:00,2023-10-14 05:39:00,9.0,Security,Delayed,95,5142,189,116,436.0,50576,61.37566137566137,Autumn
FL00847,2024-02-19,AL009,AC027,AP011,AP013,2024-02-19 20:15:00,2024-02-19 20:19:00,4.0,Air Traffic,Delayed,341,6739,325,222,374.0,83028,68.3076923076923,Winter
FL00848,2023-06-12,AL008,AC023,AP022,AP014,2023-06-12 18:00:00,2023-06-12 20:07:00,127.0,Air Traffic,Severely Delayed,199,2062,180,137,319.0,43703,76.11111111111111,Summer
FL00849,2023-12-07,AL001,AC036,AP029,AP012,2023-12-07 17:45:00,2023-12-07 17:45:00,0.0,No Delay,On Time,216,2868,180,136,363.0,49368,75.55555555555556,Winter
FL00850,2025-05-02,AL001,AC030,AP022,AP004,2025-05-02 15:45:00,2025-05-02 16:23:00,38.0,Late Aircraft,Delayed,662,4704,325,297,467.0,138699,91.3846153846154,Spring
FL00851,2024-06-05,AL008,AC014,AP024,AP028,2024-06-05 22:15:00,2024-06-05 22:16:00,1.0,Air Traffic,Delayed,178,2957,325,245,101.0,24745,75.38461538461539,Summer
FL00852,2024-04-04,AL002,AC017,AP022,AP001,2024-04-04 18:00:00,2024-04-04 19:08:00,68.0,Security,Delayed,380,6467,296,245,581.0,142345,82.77027027027027,Spring
FL00853,2024-10-28,AL006,AC034,AP014,AP023,2024-10-28 17:30:00,2024-10-28 17:35:00,5.0,Late Aircraft,Delayed,441,7554,300,286,338.0,96668,95.33333333333334,Autumn
FL00854,2025-05-18,AL007,AC005,AP018,AP010,2025-05-18 12:30:00,2025-05-18 12:42:00,12.0,Crew,Delayed,434,6177,325,229,435.0,99615,70.46153846153847,Spring
FL00855,2025-05-04,AL009,AC026,AP002,AP030,2025-05-04 12:00:00,2025-05-04 12:03:00,3.0,Weather,Delayed,699,843,189,131,425.0,55675,69.31216931216932,Spring
FL00856,2024-08-21,AL004,AC019,AP021,AP026,2024-08-21 06:30:00,2024-08-21 09:18:00,168.0,Weather,Severely Delayed,405,3067,296,221,459.0,101439,74.66216216216216,Summer
FL00857,2024-10-27,AL010,AC039,AP003,AP025,2024-10-27 18:15:00,2024-10-27 18:18:00,3.0,Crew,Delayed,459,8256,300,223,197.0,43931,74.33333333333333,Autumn
FL00858,2025-10-10,AL002,AC035,AP030,AP010,2025-10-10 11:30:00,2025-10-10 11:45:00,15.0,Weather,Delayed,657,2428,189,156,527.0,82212,82.53968253968253,Autumn
FL00859,2024-02-16,AL005,AC012,AP005,AP008,2024-02-16 18:30:00,2024-02-16 18:32:00,2.0,Weather,Delayed,266,7363,189,146,374.0,54604,77.24867724867724,Winter
FL00860,2024-02-01,AL001,AC005,AP030,AP009,2024-02-01 11:00:00,2024-02-01 11:00:00,0.0,No Delay,On Time,51,4402,325,221,354.0,78234,68.0,Winter
FL00861,2023-04-09,AL007,AC037,AP016,AP015,2023-04-09 19:30:00,2023-04-09 19:37:00,7.0,Crew,Delayed,373,4745,220,178,361.0,64258,80.9090909090909,Spring
FL00862,2024-07-09,AL003,AC010,AP005,AP001,2024-07-09 15:15:00,2024-07-09 16:47:00,92.0,Crew,Delayed,608,2302,396,374,485.0,181390,94.44444444444444,Summer
FL00863,2023-02-07,AL004,AC034,AP005,AP029,2023-02-07 22:30:00,2023-02-07 22:32:00,2.0,Air Traffic,Delayed,355,5126,300,158,400.0,63200,52.66666666666666,Winter
FL00864,2025-02-10,AL003,AC002,AP001,AP026,2025-02-10 07:45:00,2025-02-10 10:32:00,167.0,Weather,Severely Delayed,502,3706,300,252,420.0,105840,84.0,Winter
FL00865,2023-07-25,AL003,AC009,AP012,AP013,2023-07-25 22:45:00,2023-07-25 22:59:00,14.0,Weather,Delayed,63,2681,296,293,278.0,81454,98.98648648648648,Summer
FL00866,2023-10-30,AL009,AC008,AP030,AP012,2023-10-30 05:00:00,2023-10-30 05:13:00,13.0,Technical,Delayed,636,1499,300,285,317.0,90345,95.0,Autumn
FL00867,2024-06-03,AL009,AC022,AP021,AP014,2024-06-03 19:15:00,2024-06-03 19:24:00,9.0,Air Traffic,Delayed,364,1566,300,266,136.0,36176,88.66666666666667,Summer
FL00868,2025-10-13,AL003,AC014,AP027,AP019,2025-10-13 17:30:00,2025-10-13 17:35:00,5.0,Late Aircraft,Delayed,433,402,325,245,81.0,19845,75.38461538461539,Autumn
FL00869,2023-12-13,AL007,AC030,AP004,AP029,2023-12-13 11:15:00,2023-12-13 14:15:00,180.0,Late Aircraft,Severely Delayed,389,2296,325,299,617.0,184483,92.0,Winter
FL00870,2024-08-09,AL007,AC039,AP029,AP024,2024-08-09 14:30:00,2024-08-09 14:31:00,1.0,Security,Delayed,526,1268,300,223,123.0,27429,74.33333333333333,Summer
FL00871,2025-12-18,AL006,AC006,AP027,AP028,2025-12-18 18:00:00,2025-12-18 18:14:00,14.0,Air Traffic,Delayed,712,5255,300,193,423.0,81639,64.33333333333333,Winter
FL00872,2024-06-12,AL010,AC003,AP011,AP028,2024-06-12 11:45:00,2024-06-12 11:48:00,3.0,Technical,Delayed,147,739,396,279,339.0,94581,70.45454545454545,Summer
FL00873,2024-01-13,AL003,AC005,AP012,AP021,2024-01-13 12:30:00,2024-01-13 13:37:00,67.0,Crew,Delayed,526,851,325,241,140.0,33740,74.15384615384616,Winter
FL00874,2024-02-18,AL003,AC003,AP001,AP017,2024-02-18 20:30:00,2024-02-18 20:40:00,10.0,Security,Delayed,476,3540,396,327,142.0,46434,82.57575757575758,Winter
FL00875,2025-03-29,AL010,AC036,AP028,AP014,2025-03-29 14:15:00,2025-03-29 15:37:00,82.0,Security,Delayed,234,1934,180,143,577.0,82511,79.44444444444444,Spring
FL00876,2023-05-18,AL007,AC031,AP027,AP022,2023-05-18 07:30:00,2023-05-18 07:32:00,2.0,Crew,Delayed,591,7889,300,208,423.0,87984,69.33333333333334,Spring
FL00877,2023-05-02,AL006,AC037,AP023,AP001,2023-05-02 22:15:00,2023-05-02 22:17:00,2.0,Technical,Delayed,560,7420,220,148,318.0,47064,67.27272727272727,Spring
FL00878,2024-10-16,AL009,AC034,AP012,AP002,2024-10-16 18:15:00,2024-10-16 18:18:00,3.0,Crew,Delayed,330,4696,300,209,192.0,40128,69.66666666666667,Autumn
FL00879,2024-02-13,AL008,AC012,AP015,AP014,2024-02-13 18:15:00,2024-02-13 20:43:00,148.0,Weather,Severely Delayed,553,7301,189,123,645.0,79335,65.07936507936508,Winter
FL00880,2023-06-30,AL008,AC037,AP002,AP017,2023-06-30 20:00:00,2023-06-30 20:14:00,14.0,Security,Delayed,430,1256,220,171,418.0,71478,77.72727272727272,Summer
FL00881,2023-12-29,AL001,AC039,AP017,AP001,2023-12-29 05:30:00,2023-12-29 07:24:00,114.0,Technical,Delayed,210,6367,300,224,87.0,19488,74.66666666666667,Winter
FL00882,2023-05-05,AL005,AC027,AP008,AP023,2023-05-05 21:30:00,2023-05-05 21:41:00,11.0,Security,Delayed,259,4067,325,237,402.0,95274,72.92307692307692,Spring
FL00883,2024-03-22,AL005,AC013,AP003,AP016,2024-03-22 06:15:00,2024-03-22 06:24:00,9.0,Technical,Delayed,76,1632,325,302,146.0,44092,92.92307692307692,Spring
FL00884,2025-05-13,AL006,AC034,AP011,AP012,2025-05-13 07:00:00,2025-05-13 07:02:00,2.0,Weather,Delayed,641,2258,300,257,552.0,141864,85.66666666666667,Spring
FL00885,2025-12-31,AL005,AC007,AP014,AP004,2025-12-31 22:45:00,2026-01-01 01:01:00,136.0,Technical,Severely Delayed,536,3472,300,232,591.0,137112,77.33333333333333,Winter
FL00886,2023-12-22,AL005,AC031,AP012,AP010,2023-12-22 12:15:00,2023-12-22 12:29:00,14.0,Security,Delayed,148,8280,300,265,611.0,161915,88.33333333333333,Winter
FL00887,2024-04-19,AL006,AC032,AP009,AP018,2024-04-19 08:00:00,2024-04-19 08:10:00,10.0,Weather,Delayed,247,6081,396,224,85.0,19040,56.56565656565656,Spring
FL00888,2025-10-16,AL003,AC006,AP016,AP021,2025-10-16 09:00:00,2025-10-16 09:10:00,10.0,Late Aircraft,Delayed,682,2829,300,283,259.0,73297,94.33333333333334,Autumn
FL00889,2023-10-10,AL010,AC001,AP014,AP010,2023-10-10 21:15:00,2023-10-10 21:17:00,2.0,Technical,Delayed,93,6022,325,279,452.0,126108,85.84615384615385,Autumn
FL00890,2025-12-16,AL010,AC014,AP003,AP018,2025-12-16 15:30:00,2025-12-16 15:43:00,13.0,Weather,Delayed,664,2097,325,224,362.0,81088,68.92307692307692,Winter
FL00891,2024-09-09,AL004,AC037,AP013,AP025,2024-09-09 22:45:00,2024-09-09 22:50:00,5.0,Technical,Delayed,194,5328,220,154,182.0,28028,70.0,Autumn
FL00892,2025-07-07,AL004,AC007,AP009,AP001,2025-07-07 10:00:00,2025-07-07 10:09:00,9.0,Late Aircraft,Delayed,482,4170,300,223,120.0,26760,74.33333333333333,Summer
FL00893,2023-06-01,AL007,AC027,AP021,AP024,2023-06-01 19:15:00,2023-06-01 19:16:00,1.0,Technical,Delayed,341,3162,325,281,492.0,138252,86.46153846153845,Summer
FL00894,2024-07-22,AL009,AC010,AP030,AP014,2024-07-22 09:00:00,2024-07-22 09:15:00,15.0,Late Aircraft,Delayed,87,4286,396,326,209.0,68134,82.32323232323232,Summer
FL00895,2025-11-14,AL008,AC001,AP009,AP011,2025-11-14 20:00:00,2025-11-14 20:10:00,10.0,Air Traffic,Delayed,171,5461,325,168,566.0,95088,51.69230769230769,Autumn
FL00896,2025-01-10,AL008,AC018,AP024,AP027,2025-01-10 15:45:00,2025-01-10 15:54:00,9.0,Technical,Delayed,394,6459,189,167,331.0,55277,88.35978835978835,Winter
FL00897,2025-06-05,AL004,AC019,AP003,AP004,2025-06-05 07:00:00,2025-06-05 07:15:00,15.0,Crew,Delayed,372,2081,296,219,379.0,83001,73.98648648648648,Summer
FL00898,2023-04-22,AL009,AC037,AP020,AP021,2023-04-22 06:30:00,2023-04-22 09:16:00,166.0,Weather,Severely Delayed,89,2236,220,200,160.0,32000,90.9090909090909,Spring
FL00899,2024-02-21,AL003,AC029,AP011,AP024,2024-02-21 08:15:00,2024-02-21 08:30:00,15.0,Security,Delayed,344,6717,220,217,74.0,16058,98.63636363636364,Winter
FL00900,2024-09-16,AL003,AC006,AP017,AP005,2024-09-16 15:15:00,2024-09-16 15:24:00,9.0,Weather,Delayed,550,2195,300,219,623.0,136437,73.0,Autumn
FL00901,2023-11-18,AL008,AC011,AP008,AP017,2023-11-18 16:45:00,2023-11-18 16:49:00,4.0,Security,Delayed,338,5362,300,233,288.0,67104,77.66666666666666,Autumn
FL00902,2024-05-02,AL001,AC039,AP009,AP012,2024-05-02 11:15:00,2024-05-02 11:19:00,4.0,Late Aircraft,Delayed,496,2071,300,162,234.0,37908,54.0,Spring
FL00903,2025-02-09,AL002,AC007,AP021,AP015,2025-02-09 11:45:00,2025-02-09 13:22:00,97.0,Late Aircraft,Delayed,139,2042,300,187,168.0,31416,62.33333333333333,Winter
FL00904,2024-12-28,AL009,AC039,AP030,AP013,2024-12-28 07:00:00,2024-12-28 07:11:00,11.0,Weather,Delayed,174,1473,300,200,515.0,103000,66.66666666666666,Winter
FL00905,2024-08-07,AL007,AC003,AP014,AP005,2024-08-07 20:45:00,2024-08-07 20:45:00,0.0,No Delay,On Time,146,6376,396,266,272.0,72352,67.17171717171718,Summer
FL00906,2023-01-04,AL006,AC033,AP014,AP029,2023-01-04 07:00:00,2023-01-04 07:06:00,6.0,Weather,Delayed,603,8434,220,162,136.0,22032,73.63636363636363,Winter
FL00907,2024-10-06,AL006,AC031,AP020,AP021,2024-10-06 07:45:00,2024-10-06 08:34:00,49.0,Security,Delayed,467,3145,300,222,313.0,69486,74.0,Autumn
FL00908,2023-02-22,AL001,AC017,AP004,AP009,2023-02-22 20:15:00,2023-02-22 20:17:00,2.0,Technical,Delayed,473,2861,296,260,413.0,107380,87.83783783783784,Winter
FL00909,2024-08-10,AL003,AC037,AP026,AP009,2024-08-10 13:30:00,2024-08-10 13:38:00,8.0,Security,Delayed,151,5275,220,168,450.0,75600,76.36363636363637,Summer
FL00910,2023-06-22,AL002,AC016,AP004,AP029,2023-06-22 10:30:00,2023-06-22 10:41:00,11.0,Security,Delayed,615,8443,189,162,384.0,62208,85.71428571428571,Summer
FL00911,2024-12-26,AL008,AC023,AP030,AP020,2024-12-26 12:45:00,2024-12-26 13:50:00,65.0,Weather,Delayed,307,7775,180,148,486.0,71928,82.22222222222221,Winter
FL00912,2025-02-09,AL005,AC022,AP028,AP026,2025-02-09 14:15:00,2025-02-09 16:47:00,152.0,Air Traffic,Severely Delayed,103,5177,300,236,158.0,37288,78.66666666666666,Winter
FL00913,2024-10-12,AL005,AC001,AP012,AP006,2024-10-12 22:45:00,2024-10-13 01:38:00,173.0,Air Traffic,Severely Delayed,651,3029,325,222,571.0,126762,68.3076923076923,Autumn
FL00914,2023-01-28,AL008,AC019,AP009,AP002,2023-01-28 17:45:00,2023-01-28 18:00:00,15.0,Late Aircraft,Delayed,513,7557,296,218,85.0,18530,73.64864864864865,Winter
FL00915,2025-07-13,AL005,AC007,AP028,AP019,2025-07-13 21:30:00,2025-07-14 00:30:00,180.0,Technical,Severely Delayed,411,1642,300,245,360.0,88200,81.66666666666667,Summer
FL00916,2024-04-02,AL002,AC033,AP029,AP028,2024-04-02 07:30:00,2024-04-02 07:44:00,14.0,Security,Delayed,110,2406,220,158,604.0,95432,71.81818181818181,Spring
FL00917,2024-02-17,AL009,AC002,AP022,AP026,2024-02-17 17:15:00,2024-02-17 17:29:00,14.0,Crew,Delayed,122,3767,300,214,119.0,25466,71.33333333333334,Winter
FL00918,2025-09-25,AL009,AC021,AP007,AP006,2025-09-25 16:15:00,2025-09-25 16:17:00,2.0,Security,Delayed,198,3022,325,237,161.0,38157,72.92307692307692,Autumn
FL00919,2024-09-12,AL001,AC027,AP008,AP017,2024-09-12 06:00:00,2024-09-12 06:07:00,7.0,Late Aircraft,Delayed,269,2221,325,209,618.0,129162,64.3076923076923,Autumn
FL00920,2023-06-01,AL001,AC013,AP003,AP016,2023-06-01 05:00:00,2023-06-01 05:14:00,14.0,Weather,Delayed,73,2184,325,253,490.0,123970,77.84615384615384,Summer
FL00921,2024-09-23,AL010,AC032,AP012,AP016,2024-09-23 21:45:00,2024-09-23 21:51:00,6.0,Late Aircraft,Delayed,639,1494,396,281,111.0,31191,70.95959595959596,Autumn
FL00922,2025-03-04,AL010,AC032,AP011,AP023,2025-03-04 20:30:00,2025-03-04 20:38:00,8.0,Crew,Delayed,668,3696,396,378,338.0,127764,95.45454545454544,Spring
FL00923,2023-07-22,AL003,AC001,AP026,AP001,2023-07-22 21:30:00,2023-07-22 21:33:00,3.0,Security,Delayed,481,7202,325,321,387.0,124227,98.76923076923076,Summer
FL00924,2023-05-19,AL004,AC029,AP018,AP022,2023-05-19 12:45:00,2023-05-19 15:29:00,164.0,Crew,Severely Delayed,446,2671,220,209,395.0,82555,95.0,Spring
FL00925,2024-11-17,AL002,AC002,AP016,AP026,2024-11-17 15:15:00,2024-11-17 15:22:00,7.0,Late Aircraft,Delayed,275,3716,300,297,278.0,82566,99.0,Autumn
FL00926,2025-12-11,AL010,AC039,AP022,AP002,2025-12-11 11:00:00,2025-12-11 11:01:00,1.0,Crew,Delayed,175,2141,300,203,408.0,82824,67.66666666666666,Winter
FL00927,2023-02-02,AL008,AC039,AP010,AP017,2023-02-02 06:15:00,2023-02-02 06:29:00,14.0,Weather,Delayed,464,8012,300,215,121.0,26015,71.66666666666667,Winter
FL00928,2025-01-22,AL006,AC030,AP017,AP013,2025-01-22 12:45:00,2025-01-22 12:56:00,11.0,Late Aircraft,Delayed,263,6026,325,251,439.0,110189,77.23076923076924,Winter
FL00929,2024-10-18,AL001,AC026,AP029,AP012,2024-10-18 15:45:00,2024-10-18 15:47:00,2.0,Late Aircraft,Delayed,354,7931,189,122,626.0,76372,64.55026455026454,Autumn
FL00930,2023-10-23,AL006,AC027,AP007,AP015,2023-10-23 22:15:00,2023-10-23 22:16:00,1.0,Security,Delayed,556,340,325,212,567.0,120204,65.23076923076923,Autumn
FL00931,2024-10-19,AL004,AC012,AP003,AP023,2024-10-19 21:30:00,2024-10-19 23:17:00,107.0,Weather,Delayed,260,7333,189,153,556.0,85068,80.95238095238095,Autumn
FL00932,2024-09-14,AL005,AC003,AP030,AP014,2024-09-14 18:00:00,2024-09-14 18:41:00,41.0,Weather,Delayed,261,861,396,216,503.0,108648,54.54545454545454,Autumn
FL00933,2023-09-17,AL010,AC008,AP008,AP029,2023-09-17 09:15:00,2023-09-17 09:23:00,8.0,Late Aircraft,Delayed,102,789,300,182,108.0,19656,60.66666666666667,Autumn
FL00934,2023-12-22,AL004,AC020,AP020,AP005,2023-12-22 19:45:00,2023-12-22 19:46:00,1.0,Late Aircraft,Delayed,229,3904,396,338,206.0,69628,85.35353535353535,Winter
FL00935,2025-01-21,AL002,AC003,AP010,AP001,2025-01-21 11:45:00,2025-01-21 14:25:00,160.0,Security,Severely Delayed,102,378,396,392,192.0,75264,98.989898989899,Winter
FL00936,2025-12-16,AL005,AC033,AP015,AP016,2025-12-16 11:45:00,2025-12-16 11:51:00,6.0,Weather,Delayed,433,3918,220,129,504.0,65016,58.63636363636363,Winter
FL00937,2025-08-02,AL002,AC010,AP022,AP007,2025-08-02 08:30:00,2025-08-02 08:30:00,0.0,No Delay,On Time,494,5833,396,280,95.0,26600,70.70707070707071,Summer
FL00938,2024-02-29,AL009,AC009,AP017,AP001,2024-02-29 11:45:00,2024-02-29 11:53:00,8.0,Crew,Delayed,679,4481,296,220,379.0,83380,74.32432432432432,Winter
FL00939,2024-02-21,AL007,AC023,AP008,AP029,2024-02-21 06:30:00,2024-02-21 06:38:00,8.0,Security,Delayed,461,5837,180,156,262.0,40872,86.66666666666667,Winter
FL00940,2024-12-04,AL002,AC038,AP008,AP022,2024-12-04 18:15:00,2024-12-04 18:21:00,6.0,Weather,Delayed,379,3105,189,107,146.0,15622,56.61375661375661,Winter
FL00941,2023-10-11,AL003,AC015,AP015,AP011,2023-10-11 14:15:00,2023-10-11 14:17:00,2.0,Weather,Delayed,338,3631,396,293,204.0,59772,73.98989898989899,Autumn
FL00942,2024-03-11,AL001,AC021,AP003,AP025,2024-03-11 07:00:00,2024-03-11 07:10:00,10.0,Weather,Delayed,276,2546,325,222,233.0,51726,68.3076923076923,Spring
FL00943,2023-06-23,AL001,AC016,AP017,AP001,2023-06-23 21:30:00,2023-06-23 21:32:00,2.0,Weather,Delayed,182,4412,189,146,330.0,48180,77.24867724867724,Summer
FL00944,2025-05-26,AL006,AC006,AP014,AP019,2025-05-26 19:00:00,2025-05-26 19:14:00,14.0,Security,Delayed,302,2265,300,227,70.0,15890,75.66666666666667,Spring
FL00945,2023-04-08,AL004,AC002,AP027,AP024,2023-04-08 15:30:00,2023-04-08 18:14:00,164.0,Crew,Severely Delayed,369,4008,300,140,355.0,49700,46.66666666666666,Spring
FL00946,2025-10-30,AL005,AC038,AP026,AP010,2025-10-30 15:30:00,2025-10-30 15:38:00,8.0,Security,Delayed,595,8081,189,158,344.0,54352,83.5978835978836,Autumn
FL00947,2023-08-19,AL007,AC005,AP016,AP008,2023-08-19 11:15:00,2023-08-19 11:28:00,13.0,Technical,Delayed,138,6306,325,198,276.0,54648,60.92307692307693,Summer
FL00948,2023-02-18,AL004,AC039,AP025,AP016,2023-02-18 20:00:00,2023-02-18 20:12:00,12.0,Security,Delayed,121,7431,300,190,538.0,102220,63.33333333333333,Winter
FL00949,2023-12-01,AL010,AC040,AP020,AP011,2023-12-01 16:00:00,2023-12-01 16:12:00,12.0,Crew,Delayed,652,2470,220,106,550.0,58300,48.18181818181818,Winter
FL00950,2023-06-21,AL001,AC035,AP010,AP013,2023-06-21 15:15:00,2023-06-21 15:16:00,1.0,Security,Delayed,676,3026,189,117,626.0,73242,61.90476190476191,Summer
FL00951,2024-05-14,AL003,AC022,AP019,AP010,2024-05-14 13:15:00,2024-05-14 13:24:00,9.0,Crew,Delayed,111,1527,300,265,490.0,129850,88.33333333333333,Spring
FL00952,2025-01-03,AL009,AC032,AP009,AP027,2025-01-03 06:15:00,2025-01-03 06:24:00,9.0,Late Aircraft,Delayed,601,2670,396,269,196.0,52724,67.92929292929293,Winter
FL00953,2024-05-24,AL005,AC015,AP030,AP009,2024-05-24 12:15:00,2024-05-24 13:14:00,59.0,Crew,Delayed,262,1631,396,355,178.0,63190,89.64646464646465,Spring
FL00954,2025-03-06,AL008,AC009,AP001,AP020,2025-03-06 07:15:00,2025-03-06 07:25:00,10.0,Crew,Delayed,250,5605,296,257,384.0,98688,86.82432432432432,Spring
FL00955,2023-06-16,AL005,AC038,AP029,AP014,2023-06-16 14:45:00,2023-06-16 16:24:00,99.0,Security,Delayed,544,2775,189,137,298.0,40826,72.4867724867725,Summer
FL00956,2024-04-18,AL009,AC028,AP015,AP013,2024-04-18 18:30:00,2024-04-18 18:45:00,15.0,Air Traffic,Delayed,611,8446,296,242,401.0,97042,81.75675675675676,Spring
FL00957,2025-03-04,AL009,AC010,AP016,AP019,2025-03-04 20:30:00,2025-03-04 21:36:00,66.0,Crew,Delayed,687,8004,396,297,483.0,143451,75.0,Spring
FL00958,2025-07-18,AL005,AC003,AP024,AP022,2025-07-18 19:45:00,2025-07-18 19:56:00,11.0,Air Traffic,Delayed,626,658,396,381,294.0,112014,96.21212121212122,Summer
FL00959,2025-06-02,AL005,AC033,AP012,AP004,2025-06-02 06:15:00,2025-06-02 06:16:00,1.0,Weather,Delayed,146,2468,220,138,623.0,85974,62.727272727272734,Summer
FL00960,2025-06-29,AL005,AC011,AP008,AP005,2025-06-29 20:15:00,2025-06-29 20:26:00,11.0,Late Aircraft,Delayed,473,8385,300,213,634.0,135042,71.0,Summer
FL00961,2023-03-07,AL008,AC028,AP010,AP018,2023-03-07 13:30:00,2023-03-07 13:31:00,1.0,Weather,Delayed,622,3987,296,259,505.0,130795,87.5,Spring
FL00962,2024-10-13,AL008,AC008,AP006,AP017,2024-10-13 12:30:00,2024-10-13 12:30:00,0.0,No Delay,On Time,173,3334,300,268,209.0,56012,89.33333333333333,Autumn
FL00963,2024-07-24,AL002,AC008,AP025,AP016,2024-07-24 09:00:00,2024-07-24 10:30:00,90.0,Air Traffic,Delayed,479,6929,300,267,165.0,44055,89.0,Summer
FL00964,2025-08-14,AL007,AC020,AP026,AP016,2025-08-14 08:00:00,2025-08-14 08:12:00,12.0,Security,Delayed,340,916,396,226,220.0,49720,57.07070707070707,Summer
FL00965,2023-06-19,AL001,AC026,AP009,AP022,2023-06-19 08:15:00,2023-06-19 08:27:00,12.0,Technical,Delayed,458,4983,189,152,242.0,36784,80.42328042328042,Summer
FL00966,2025-09-13,AL005,AC012,AP005,AP017,2025-09-13 22:15:00,2025-09-13 22:18:00,3.0,Late Aircraft,Delayed,338,5440,189,146,400.0,58400,77.24867724867724,Autumn
FL00967,2025-07-30,AL008,AC024,AP019,AP012,2025-07-30 19:15:00,2025-07-30 19:17:00,2.0,Security,Delayed,450,5740,296,252,432.0,108864,85.13513513513513,Summer
FL00968,2025-10-11,AL008,AC010,AP016,AP030,2025-10-11 15:30:00,2025-10-11 15:41:00,11.0,Air Traffic,Delayed,458,6551,396,295,244.0,71980,74.4949494949495,Autumn
FL00969,2023-05-31,AL002,AC003,AP009,AP013,2023-05-31 21:00:00,2023-05-31 22:33:00,93.0,Weather,Delayed,183,8325,396,326,566.0,184516,82.32323232323232,Spring
FL00970,2023-05-26,AL007,AC002,AP027,AP002,2023-05-26 14:00:00,2023-05-26 15:44:00,104.0,Late Aircraft,Cancelled,712,412,300,0,117.0,0,0.0,Spring
FL00971,2024-10-22,AL006,AC026,AP002,AP003,2024-10-22 09:45:00,2024-10-22 09:53:00,8.0,Technical,Delayed,69,2919,189,134,124.0,16616,70.8994708994709,Autumn
FL00972,2025-05-20,AL005,AC028,AP008,AP002,2025-05-20 10:45:00,2025-05-20 12:48:00,123.0,Weather,Severely Delayed,439,4246,296,244,526.0,128344,82.43243243243244,Spring
FL00973,2024-10-15,AL004,AC035,AP026,AP016,2024-10-15 11:15:00,2024-10-15 11:19:00,4.0,Weather,Delayed,235,3055,189,140,526.0,73640,74.07407407407408,Autumn
FL00974,2023-11-29,AL009,AC021,AP003,AP008,2023-11-29 21:00:00,2023-11-29 21:01:00,1.0,Air Traffic,Delayed,83,5639,325,256,398.0,101888,78.76923076923077,Autumn
FL00975,2025-03-28,AL007,AC030,AP013,AP021,2025-03-28 09:00:00,2025-03-28 09:06:00,6.0,Weather,Delayed,241,4566,325,246,486.0,119556,75.6923076923077,Spring
FL00976,2023-03-11,AL006,AC012,AP021,AP027,2023-03-11 15:30:00,2023-03-11 17:00:00,90.0,Weather,Delayed,149,848,189,117,568.0,66456,61.90476190476191,Spring
FL00977,2023-01-24,AL009,AC011,AP019,AP005,2023-01-24 22:45:00,2023-01-24 22:56:00,11.0,Weather,Delayed,506,5349,300,251,559.0,140309,83.66666666666667,Winter
FL00978,2025-01-23,AL006,AC035,AP024,AP006,2025-01-23 18:30:00,2025-01-23 21:17:00,167.0,Late Aircraft,Severely Delayed,76,2912,189,125,577.0,72125,66.13756613756614,Winter
FL00979,2025-03-02,AL007,AC010,AP010,AP016,2025-03-02 10:00:00,2025-03-02 10:12:00,12.0,Technical,Delayed,112,8477,396,392,147.0,57624,98.989898989899,Spring
FL00980,2025-08-02,AL001,AC002,AP016,AP001,2025-08-02 13:45:00,2025-08-02 13:45:00,0.0,No Delay,On Time,369,2432,300,245,492.0,120540,81.66666666666667,Summer
FL00981,2025-05-15,AL008,AC034,AP030,AP028,2025-05-15 05:45:00,2025-05-15 05:50:00,5.0,Security,Delayed,674,5917,300,258,313.0,80754,86.0,Spring
FL00982,2025-04-19,AL009,AC026,AP008,AP013,2025-04-19 09:00:00,2025-04-19 09:02:00,2.0,Technical,Delayed,623,1248,189,144,575.0,82800,76.19047619047619,Spring
FL00983,2023-06-11,AL008,AC002,AP001,AP023,2023-06-11 11:15:00,2023-06-11 11:16:00,1.0,Air Traffic,Delayed,336,2936,300,224,569.0,127456,74.66666666666667,Summer
FL00984,2025-06-30,AL010,AC006,AP015,AP007,2025-06-30 17:45:00,2025-06-30 17:59:00,14.0,Technical,Delayed,191,2787,300,241,430.0,103630,80.33333333333333,Summer
FL00985,2024-10-28,AL004,AC001,AP007,AP009,2024-10-28 18:00:00,2024-10-28 18:08:00,8.0,Weather,Cancelled,235,895,325,0,272.0,0,0.0,Autumn
FL00986,2024-03-01,AL008,AC014,AP024,AP012,2024-03-01 19:15:00,2024-03-01 19:26:00,11.0,Crew,Delayed,203,5577,325,271,322.0,87262,83.38461538461537,Spring
FL00987,2023-06-08,AL003,AC037,AP015,AP002,2023-06-08 10:30:00,2023-06-08 10:43:00,13.0,Weather,Delayed,351,8070,220,217,332.0,72044,98.63636363636364,Summer
FL00988,2024-10-15,AL004,AC011,AP009,AP019,2024-10-15 16:30:00,2024-10-15 18:24:00,114.0,Crew,Delayed,563,2761,300,239,324.0,77436,79.66666666666666,Autumn
FL00989,2025-05-16,AL002,AC037,AP018,AP023,2025-05-16 14:00:00,2025-05-16 14:13:00,13.0,Technical,Delayed,614,7090,220,206,189.0,38934,93.63636363636364,Spring
FL00990,2025-06-02,AL002,AC012,AP001,AP014,2025-06-02 05:00:00,2025-06-02 05:11:00,11.0,Air Traffic,Delayed,356,1180,189,128,450.0,57600,67.72486772486772,Summer
FL00991,2023-09-09,AL006,AC026,AP026,AP009,2023-09-09 06:30:00,2023-09-09 06:33:00,3.0,Security,Delayed,451,3399,189,170,230.0,39100,89.94708994708994,Autumn
FL00992,2023-01-20,AL003,AC031,AP003,AP007,2023-01-20 09:00:00,2023-01-20 09:14:00,14.0,Security,Delayed,51,1162,300,231,491.0,113421,77.0,Winter
FL00993,2025-08-11,AL008,AC005,AP018,AP015,2025-08-11 10:15:00,2025-08-11 10:25:00,10.0,Late Aircraft,Delayed,536,3405,325,199,86.0,17114,61.23076923076923,Summer
FL00994,2024-02-16,AL001,AC030,AP008,AP013,2024-02-16 12:15:00,2024-02-16 12:21:00,6.0,Technical,Delayed,514,4246,325,239,434.0,103726,73.53846153846155,Winter
FL00995,2025-03-05,AL004,AC031,AP015,AP006,2025-03-05 20:30:00,2025-03-05 20:37:00,7.0,Late Aircraft,Delayed,194,7264,300,246,174.0,42804,82.0,Spring
FL00996,2025-09-25,AL009,AC008,AP025,AP008,2025-09-25 17:45:00,2025-09-25 19:54:00,129.0,Security,Severely Delayed,66,4298,300,193,404.0,77972,64.33333333333333,Autumn
FL00997,2025-05-17,AL003,AC012,AP017,AP029,2025-05-17 18:30:00,2025-05-17 20:30:00,120.0,Weather,Delayed,343,2765,189,184,623.0,114632,97.35449735449735,Spring
FL00998,2025-06-12,AL004,AC027,AP015,AP006,2025-06-12 14:30:00,2025-06-12 14:34:00,4.0,Technical,Delayed,106,2981,325,309,293.0,90537,95.07692307692308,Summer
FL00999,2024-04-24,AL002,AC029,AP004,AP022,2024-04-24 05:00:00,2024-04-24 05:02:00,2.0,Air Traffic,Delayed,368,6702,220,166,129.0,21414,75.45454545454545,Spring
FL01000,2023-12-06,AL008,AC030,AP029,AP022,2023-12-06 22:45:00,2023-12-06 22:50:00,5.0,Security,Delayed,678,1203,325,267,148.0,39516,82.15384615384616,Winter
FL01001,2023-09-16,AL004,AC016,AP025,AP002,2023-09-16 19:15:00,2023-09-16 19:24:00,9.0,Air Traffic,Delayed,578,5114,189,141,361.0,50901,74.60317460317461,Autumn
FL01002,2023-05-24,AL010,AC005,AP003,AP023,2023-05-24 17:45:00,2023-05-24 17:58:00,13.0,Crew,Delayed,121,8234,325,240,448.0,107520,73.84615384615385,Spring
FL01003,2023-10-30,AL008,AC037,AP009,AP006,2023-10-30 09:15:00,2023-10-30 09:30:00,15.0,Late Aircraft,Delayed,644,3057,220,183,453.0,82899,83.18181818181817,Autumn
FL01004,2023-03-07,AL008,AC027,AP013,AP021,2023-03-07 12:15:00,2023-03-07 12:20:00,5.0,Crew,Delayed,228,587,325,255,189.0,48195,78.46153846153847,Spring
FL01005,2023-02-06,AL010,AC038,AP001,AP024,2023-02-06 12:45:00,2023-02-06 12:46:00,1.0,Crew,Delayed,82,5373,189,152,337.0,51224,80.42328042328042,Winter
FL01006,2023-08-01,AL003,AC008,AP022,AP025,2023-08-01 20:30:00,2023-08-01 20:40:00,10.0,Crew,Delayed,278,5137,300,224,124.0,27776,74.66666666666667,Summer
FL01007,2024-01-22,AL009,AC033,AP017,AP008,2024-01-22 12:30:00,2024-01-22 12:43:00,13.0,Late Aircraft,Delayed,572,2543,220,176,549.0,96624,80.0,Winter
FL01008,2023-11-13,AL001,AC011,AP029,AP013,2023-11-13 13:30:00,2023-11-13 14:48:00,78.0,Weather,Delayed,433,3063,300,225,242.0,54450,75.0,Autumn
FL01009,2025-06-11,AL005,AC002,AP027,AP003,2025-06-11 12:45:00,2025-06-11 12:57:00,12.0,Security,Delayed,138,2395,300,245,137.0,33565,81.66666666666667,Summer
FL01010,2024-10-13,AL008,AC015,AP020,AP001,2024-10-13 06:30:00,2024-10-13 06:43:00,13.0,Weather,Delayed,393,3774,396,383,399.0,152817,96.71717171717172,Autumn
FL01011,2023-12-14,AL010,AC004,AP015,AP012,2023-12-14 18:30:00,2023-12-14 18:39:00,9.0,Crew,Delayed,66,7951,180,147,135.0,19845,81.66666666666667,Winter
FL01012,2024-04-17,AL002,AC008,AP027,AP005,2024-04-17 19:00:00,2024-04-17 21:58:00,178.0,Late Aircraft,Severely Delayed,441,1935,300,286,212.0,60632,95.33333333333334,Spring
FL01013,2025-02-01,AL003,AC033,AP003,AP023,2025-02-01 08:30:00,2025-02-01 10:59:00,149.0,Technical,Severely Delayed,636,4793,220,163,280.0,45640,74.0909090909091,Winter
FL01014,2024-12-20,AL002,AC006,AP015,AP022,2024-12-20 16:15:00,2024-12-20 16:37:00,22.0,Security,Delayed,283,1587,300,202,148.0,29896,67.33333333333333,Winter
FL01015,2024-12-25,AL001,AC036,AP008,AP001,2024-12-25 19:45:00,2024-12-25 20:33:00,48.0,Crew,Delayed,377,1348,180,124,398.0,49352,68.88888888888889,Winter
FL01016,2024-06-07,AL010,AC028,AP015,AP027,2024-06-07 14:45:00,2024-06-07 17:39:00,174.0,Crew,Severely Delayed,462,7368,296,290,401.0,116290,97.97297297297295,Summer
FL01017,2025-02-02,AL005,AC011,AP003,AP021,2025-02-02 18:30:00,2025-02-02 18:42:00,12.0,Late Aircraft,Delayed,228,569,300,257,268.0,68876,85.66666666666667,Winter
FL01018,2023-08-22,AL009,AC020,AP023,AP021,2023-08-22 08:30:00,2023-08-22 08:31:00,1.0,Crew,Delayed,588,5653,396,259,409.0,105931,65.40404040404042,Summer
FL01019,2024-04-27,AL008,AC039,AP029,AP013,2024-04-27 19:00:00,2024-04-27 19:00:00,0.0,No Delay,On Time,66,5972,300,255,462.0,117810,85.0,Spring
FL01020,2023-01-02,AL004,AC010,AP029,AP026,2023-01-02 20:45:00,2023-01-02 21:31:00,46.0,Technical,Delayed,514,5975,396,267,553.0,147651,67.42424242424242,Winter
FL01021,2024-12-01,AL005,AC003,AP001,AP027,2024-12-01 21:15:00,2024-12-01 21:22:00,7.0,Security,Delayed,106,8411,396,261,588.0,153468,65.9090909090909,Winter
FL01022,2023-06-11,AL007,AC003,AP001,AP021,2023-06-11 18:00:00,2023-06-11 18:10:00,10.0,Late Aircraft,Delayed,695,1162,396,295,179.0,52805,74.4949494949495,Summer
FL01023,2025-10-15,AL007,AC035,AP026,AP008,2025-10-15 05:45:00,2025-10-15 05:52:00,7.0,Crew,Delayed,110,2217,189,138,618.0,85284,73.01587301587301,Autumn
FL01024,2023-04-06,AL007,AC014,AP009,AP018,2023-04-06 22:15:00,2023-04-06 22:17:00,2.0,Air Traffic,Delayed,262,4971,325,266,276.0,73416,81.84615384615384,Spring
FL01025,2023-03-18,AL003,AC027,AP006,AP023,2023-03-18 18:30:00,2023-03-18 18:34:00,4.0,Technical,Delayed,511,1959,325,264,590.0,155760,81.23076923076923,Spring
FL01026,2025-09-26,AL003,AC011,AP030,AP008,2025-09-26 05:15:00,2025-09-26 05:19:00,4.0,Crew,Delayed,304,1097,300,231,120.0,27720,77.0,Autumn
FL01027,2023-07-21,AL001,AC008,AP009,AP015,2023-07-21 11:00:00,2023-07-21 11:03:00,3.0,Weather,Delayed,671,7237,300,257,198.0,50886,85.66666666666667,Summer
FL01028,2023-05-11,AL007,AC039,AP015,AP010,2023-05-11 08:45:00,2023-05-11 08:59:00,14.0,Air Traffic,Delayed,286,5184,300,264,423.0,111672,88.0,Spring
FL01029,2023-03-20,AL002,AC040,AP001,AP004,2023-03-20 21:45:00,2023-03-20 21:45:00,0.0,No Delay,On Time,79,7172,220,155,379.0,58745,70.45454545454545,Spring
FL01030,2025-12-22,AL009,AC008,AP006,AP017,2025-12-22 19:15:00,2025-12-22 19:15:00,0.0,No Delay,On Time,203,6292,300,245,508.0,124460,81.66666666666667,Winter
FL01031,2024-04-01,AL006,AC019,AP026,AP008,2024-04-01 17:00:00,2024-04-01 17:01:00,1.0,Late Aircraft,Delayed,197,5759,296,224,435.0,97440,75.67567567567568,Spring
FL01032,2024-03-12,AL001,AC040,AP002,AP022,2024-03-12 18:15:00,2024-03-12 18:16:00,1.0,Security,Delayed,492,3028,220,156,568.0,88608,70.9090909090909,Spring
FL01033,2025-11-05,AL010,AC020,AP009,AP005,2025-11-05 13:45:00,2025-11-05 13:50:00,5.0,Late Aircraft,Delayed,632,6655,396,296,247.0,73112,74.74747474747475,Autumn
FL01034,2025-08-18,AL007,AC010,AP013,AP030,2025-08-18 21:00:00,2025-08-18 21:13:00,13.0,Crew,Delayed,605,7486,396,392,309.0,121128,98.989898989899,Summer
FL01035,2025-08-13,AL007,AC023,AP020,AP006,2025-08-13 12:15:00,2025-08-13 12:21:00,6.0,Late Aircraft,Delayed,342,8053,180,166,269.0,44654,92.22222222222224,Summer
FL01036,2024-07-15,AL005,AC006,AP026,AP003,2024-07-15 18:15:00,2024-07-15 18:16:00,1.0,Air Traffic,Delayed,155,4616,300,278,249.0,69222,92.66666666666666,Summer
FL01037,2025-11-19,AL008,AC005,AP009,AP014,2025-11-19 13:30:00,2025-11-19 13:33:00,3.0,Technical,Delayed,325,4524,325,303,481.0,145743,93.23076923076924,Autumn
FL01038,2023-02-08,AL003,AC010,AP016,AP028,2023-02-08 12:15:00,2023-02-08 12:21:00,6.0,Security,Delayed,65,4962,396,297,541.0,160677,75.0,Winter
FL01039,2024-09-29,AL003,AC026,AP010,AP029,2024-09-29 19:30:00,2024-09-29 19:43:00,13.0,Air Traffic,Delayed,467,8094,189,161,143.0,23023,85.18518518518519,Autumn
FL01040,2025-05-30,AL007,AC026,AP006,AP005,2025-05-30 16:15:00,2025-05-30 16:30:00,15.0,Crew,Delayed,466,7619,189,163,303.0,49389,86.24338624338624,Spring
FL01041,2023-12-12,AL006,AC001,AP029,AP002,2023-12-12 18:30:00,2023-12-12 18:37:00,7.0,Air Traffic,Delayed,595,8251,325,177,529.0,93633,54.46153846153846,Winter
FL01042,2023-12-05,AL002,AC029,AP006,AP014,2023-12-05 19:15:00,2023-12-05 19:27:00,12.0,Weather,Delayed,633,7526,220,207,244.0,50508,94.0909090909091,Winter
FL01043,2024-06-09,AL009,AC016,AP006,AP030,2024-06-09 22:45:00,2024-06-09 22:54:00,9.0,Crew,Delayed,511,7825,189,169,208.0,35152,89.41798941798942,Summer
FL01044,2024-03-14,AL002,AC034,AP017,AP016,2024-03-14 05:15:00,2024-03-14 05:26:00,11.0,Crew,Delayed,275,1983,300,212,224.0,47488,70.66666666666667,Spring
FL01045,2025-11-29,AL008,AC002,AP009,AP005,2025-11-29 08:15:00,2025-11-29 08:20:00,5.0,Technical,Delayed,210,2042,300,254,503.0,127762,84.66666666666667,Autumn
FL01046,2025-09-28,AL005,AC025,AP007,AP012,2025-09-28 21:15:00,2025-09-28 21:22:00,7.0,Air Traffic,Delayed,68,1817,296,242,210.0,50820,81.75675675675676,Autumn
FL01047,2023-11-10,AL002,AC002,AP014,AP005,2023-11-10 07:45:00,2023-11-10 07:51:00,6.0,Air Traffic,Delayed,388,7026,300,222,77.0,17094,74.0,Autumn
FL01048,2024-06-26,AL001,AC005,AP023,AP029,2024-06-26 18:30:00,2024-06-26 18:39:00,9.0,Weather,Delayed,464,3074,325,280,251.0,70280,86.15384615384616,Summer
FL01049,2025-08-11,AL008,AC016,AP007,AP024,2025-08-11 08:15:00,2025-08-11 08:25:00,10.0,Security,Delayed,675,4488,189,141,103.0,14523,74.60317460317461,Summer
FL01050,2024-09-27,AL009,AC021,AP003,AP001,2024-09-27 18:00:00,2024-09-27 18:05:00,5.0,Security,Delayed,265,707,325,203,143.0,29029,62.46153846153846,Autumn
FL01051,2023-03-10,AL009,AC028,AP028,AP001,2023-03-10 15:00:00,2023-03-10 15:14:00,14.0,Technical,Delayed,300,2372,296,220,483.0,106260,74.32432432432432,Spring
FL01052,2023-07-25,AL007,AC010,AP016,AP015,2023-07-25 13:45:00,2023-07-25 13:45:00,0.0,No Delay,On Time,391,4233,396,275,217.0,59675,69.44444444444444,Summer
FL01053,2024-03-19,AL006,AC026,AP019,AP007,2024-03-19 15:00:00,2024-03-19 15:04:00,4.0,Weather,Delayed,135,7614,189,154,625.0,96250,81.48148148148148,Spring
FL01054,2024-06-01,AL004,AC021,AP021,AP009,2024-06-01 05:15:00,2024-06-01 05:20:00,5.0,Crew,Delayed,451,2870,325,189,381.0,72009,58.15384615384615,Summer
FL01055,2024-01-10,AL010,AC006,AP006,AP020,2024-01-10 15:30:00,2024-01-10 15:42:00,12.0,Air Traffic,Delayed,560,7297,300,195,433.0,84435,65.0,Winter
FL01056,2025-01-24,AL006,AC021,AP016,AP007,2025-01-24 13:00:00,2025-01-24 13:10:00,10.0,Late Aircraft,Delayed,423,2553,325,233,118.0,27494,71.6923076923077,Winter
FL01057,2024-09-04,AL006,AC029,AP027,AP019,2024-09-04 20:15:00,2024-09-04 20:50:00,35.0,Security,Delayed,430,7707,220,188,600.0,112800,85.45454545454545,Autumn
FL01058,2025-06-05,AL008,AC027,AP020,AP021,2025-06-05 12:15:00,2025-06-05 12:16:00,1.0,Technical,Delayed,631,752,325,241,190.0,45790,74.15384615384616,Summer
FL01059,2025-06-06,AL004,AC028,AP028,AP008,2025-06-06 18:30:00,2025-06-06 20:43:00,133.0,Weather,Severely Delayed,689,5515,296,252,259.0,65268,85.13513513513513,Summer
FL01060,2024-07-24,AL006,AC034,AP028,AP003,2024-07-24 21:15:00,2024-07-24 23:19:00,124.0,Technical,Severely Delayed,192,7939,300,230,232.0,53360,76.66666666666667,Summer
FL01061,2025-03-22,AL008,AC026,AP028,AP022,2025-03-22 09:45:00,2025-03-22 12:35:00,170.0,Security,Severely Delayed,583,6901,189,116,433.0,50228,61.37566137566137,Spring
FL01062,2023-10-25,AL006,AC010,AP003,AP008,2023-10-25 12:30:00,2023-10-25 12:41:00,11.0,Air Traffic,Delayed,530,7480,396,307,156.0,47892,77.52525252525253,Autumn
FL01063,2024-05-04,AL005,AC003,AP017,AP012,2024-05-04 14:00:00,2024-05-04 14:06:00,6.0,Crew,Delayed,559,7730,396,340,324.0,110160,85.85858585858585,Spring
FL01064,2025-02-03,AL005,AC036,AP002,AP006,2025-02-03 08:15:00,2025-02-03 08:16:00,1.0,Weather,Cancelled,93,1885,180,0,158.0,0,0.0,Winter
FL01065,2023-07-30,AL008,AC023,AP006,AP002,2023-07-30 13:15:00,2023-07-30 13:19:00,4.0,Security,Delayed,50,2386,180,149,218.0,32482,82.77777777777777,Summer
FL01066,2023-06-21,AL006,AC031,AP022,AP007,2023-06-21 10:45:00,2023-06-21 10:51:00,6.0,Late Aircraft,Delayed,616,3534,300,243,182.0,44226,81.0,Summer
FL01067,2023-01-04,AL004,AC005,AP008,AP006,2023-01-04 12:15:00,2023-01-04 12:20:00,5.0,Technical,Delayed,675,1917,325,214,99.0,21186,65.84615384615384,Winter
FL01068,2024-11-07,AL004,AC008,AP020,AP019,2024-11-07 18:30:00,2024-11-07 18:59:00,29.0,Weather,Delayed,630,3554,300,244,131.0,31964,81.33333333333333,Autumn
FL01069,2024-11-16,AL008,AC012,AP004,AP014,2024-11-16 11:45:00,2024-11-16 11:54:00,9.0,Technical,Delayed,708,8225,189,133,603.0,80199,70.37037037037037,Autumn
FL01070,2024-10-31,AL007,AC021,AP004,AP010,2024-10-31 11:30:00,2024-10-31 11:37:00,7.0,Technical,Delayed,575,4180,325,256,187.0,47872,78.76923076923077,Autumn
FL01071,2023-07-05,AL005,AC007,AP024,AP008,2023-07-05 16:00:00,2023-07-05 17:11:00,71.0,Crew,Delayed,336,2224,300,193,146.0,28178,64.33333333333333,Summer
FL01072,2025-05-27,AL008,AC039,AP015,AP022,2025-05-27 11:00:00,2025-05-27 11:00:00,0.0,No Delay,On Time,173,672,300,188,388.0,72944,62.66666666666667,Spring
FL01073,2025-09-07,AL008,AC001,AP017,AP004,2025-09-07 12:15:00,2025-09-07 12:29:00,14.0,Technical,Delayed,430,1151,325,205,399.0,81795,63.07692307692307,Autumn
FL01074,2023-11-19,AL008,AC015,AP024,AP028,2023-11-19 21:15:00,2023-11-19 21:23:00,8.0,Air Traffic,Cancelled,496,349,396,0,564.0,0,0.0,Autumn
FL01075,2024-04-17,AL001,AC032,AP007,AP012,2024-04-17 11:45:00,2024-04-17 11:50:00,5.0,Crew,Delayed,114,6469,396,348,326.0,113448,87.87878787878788,Spring
FL01076,2025-06-17,AL006,AC028,AP012,AP010,2025-06-17 17:45:00,2025-06-17 17:47:00,2.0,Technical,Delayed,411,2414,296,193,494.0,95342,65.2027027027027,Summer
FL01077,2025-04-22,AL002,AC017,AP030,AP018,2025-04-22 16:00:00,2025-04-22 16:03:00,3.0,Weather,Delayed,358,7364,296,225,312.0,70200,76.01351351351352,Spring
FL01078,2025-07-21,AL010,AC023,AP028,AP018,2025-07-21 13:45:00,2025-07-21 13:53:00,8.0,Weather,Delayed,365,3184,180,144,213.0,30672,80.0,Summer
FL01079,2025-01-31,AL010,AC015,AP019,AP016,2025-01-31 12:45:00,2025-01-31 12:59:00,14.0,Air Traffic,Delayed,624,6254,396,392,489.0,191688,98.989898989899,Winter
FL01080,2025-05-26,AL001,AC024,AP027,AP023,2025-05-26 20:15:00,2025-05-26 20:15:00,0.0,No Delay,On Time,112,6863,296,253,627.0,158631,85.47297297297297,Spring
FL01081,2025-05-29,AL007,AC039,AP015,AP001,2025-05-29 12:30:00,2025-05-29 12:40:00,10.0,Weather,Delayed,638,3261,300,188,167.0,31396,62.66666666666667,Spring
FL01082,2025-10-20,AL008,AC031,AP021,AP023,2025-10-20 20:15:00,2025-10-20 20:19:00,4.0,Air Traffic,Delayed,509,1519,300,152,500.0,76000,50.66666666666667,Autumn
FL01083,2024-05-01,AL010,AC020,AP006,AP025,2024-05-01 14:00:00,2024-05-01 14:14:00,14.0,Weather,Delayed,222,619,396,337,266.0,89642,85.1010101010101,Spring
FL01084,2025-05-23,AL003,AC039,AP010,AP017,2025-05-23 06:45:00,2025-05-23 06:52:00,7.0,Technical,Delayed,432,3851,300,275,313.0,86075,91.66666666666666,Spring
FL01085,2025-09-17,AL001,AC007,AP019,AP008,2025-09-17 16:30:00,2025-09-17 16:40:00,10.0,Security,Delayed,90,3832,300,208,278.0,57824,69.33333333333334,Autumn
FL01086,2024-04-09,AL007,AC013,AP028,AP024,2024-04-09 06:00:00,2024-04-09 06:00:00,0.0,No Delay,On Time,696,4584,325,274,529.0,144946,84.3076923076923,Spring
FL01087,2025-05-05,AL005,AC036,AP019,AP030,2025-05-05 16:30:00,2025-05-05 16:48:00,18.0,Crew,Delayed,484,6198,180,104,135.0,14040,57.77777777777777,Spring
FL01088,2023-07-06,AL003,AC029,AP003,AP002,2023-07-06 11:30:00,2023-07-06 13:17:00,107.0,Technical,Delayed,364,8065,220,146,555.0,81030,66.36363636363637,Summer
FL01089,2025-01-07,AL010,AC007,AP007,AP030,2025-01-07 08:45:00,2025-01-07 09:00:00,15.0,Security,Delayed,403,8424,300,271,424.0,114904,90.33333333333331,Winter
FL01090,2023-01-18,AL008,AC030,AP014,AP025,2023-01-18 14:45:00,2023-01-18 14:55:00,10.0,Crew,Delayed,119,542,325,254,648.0,164592,78.15384615384615,Winter
FL01091,2025-02-21,AL005,AC031,AP021,AP007,2025-02-21 14:15:00,2025-02-21 14:26:00,11.0,Air Traffic,Delayed,188,4010,300,297,264.0,78408,99.0,Winter
FL01092,2023-10-30,AL010,AC036,AP002,AP020,2023-10-30 12:30:00,2023-10-30 12:42:00,12.0,Technical,Delayed,714,6635,180,175,617.0,107975,97.2222222222222,Autumn
FL01093,2023-05-02,AL008,AC039,AP020,AP016,2023-05-02 10:15:00,2023-05-02 10:18:00,3.0,Air Traffic,Delayed,650,5013,300,262,615.0,161130,87.33333333333333,Spring
FL01094,2024-08-15,AL002,AC033,AP019,AP003,2024-08-15 05:00:00,2024-08-15 08:00:00,180.0,Technical,Severely Delayed,187,3772,220,175,419.0,73325,79.54545454545455,Summer
FL01095,2024-10-14,AL007,AC016,AP022,AP023,2024-10-14 09:45:00,2024-10-14 12:00:00,135.0,Late Aircraft,Severely Delayed,213,3857,189,130,223.0,28990,68.78306878306879,Autumn
FL01096,2023-05-26,AL007,AC039,AP004,AP020,2023-05-26 11:45:00,2023-05-26 14:29:00,164.0,Security,Severely Delayed,333,1462,300,224,333.0,74592,74.66666666666667,Spring
FL01097,2023-07-23,AL007,AC028,AP006,AP029,2023-07-23 17:45:00,2023-07-23 17:53:00,8.0,Security,Delayed,606,2395,296,243,167.0,40581,82.0945945945946,Summer
FL01098,2024-07-02,AL008,AC020,AP026,AP004,2024-07-02 12:30:00,2024-07-02 12:30:00,0.0,No Delay,On Time,682,1303,396,305,207.0,63135,77.02020202020202,Summer
FL01099,2023-02-14,AL010,AC030,AP002,AP026,2023-02-14 22:15:00,2023-02-14 22:49:00,34.0,Crew,Delayed,547,1048,325,268,189.0,50652,82.46153846153847,Winter
FL01100,2024-01-30,AL005,AC029,AP015,AP008,2024-01-30 13:30:00,2024-01-30 13:35:00,5.0,Security,Delayed,647,5377,220,149,83.0,12367,67.72727272727272,Winter
FL01101,2024-07-20,AL006,AC001,AP001,AP005,2024-07-20 18:45:00,2024-07-20 18:59:00,14.0,Security,Delayed,196,438,325,176,534.0,93984,54.15384615384615,Summer
FL01102,2025-02-25,AL010,AC031,AP025,AP002,2025-02-25 15:30:00,2025-02-25 15:37:00,7.0,Crew,Delayed,631,1584,300,297,113.0,33561,99.0,Winter
FL01103,2024-10-06,AL005,AC016,AP013,AP018,2024-10-06 12:00:00,2024-10-06 14:12:00,132.0,Air Traffic,Severely Delayed,282,8384,189,124,259.0,32116,65.60846560846561,Autumn
FL01104,2023-09-20,AL006,AC020,AP027,AP015,2023-09-20 11:15:00,2023-09-20 11:27:00,12.0,Technical,Cancelled,350,1972,396,0,438.0,0,0.0,Autumn
FL01105,2023-06-04,AL004,AC039,AP028,AP019,2023-06-04 09:30:00,2023-06-04 10:25:00,55.0,Air Traffic,Delayed,302,1353,300,292,332.0,96944,97.33333333333334,Summer
FL01106,2023-06-08,AL004,AC016,AP003,AP019,2023-06-08 10:15:00,2023-06-08 10:24:00,9.0,Air Traffic,Delayed,466,7557,189,162,473.0,76626,85.71428571428571,Summer
FL01107,2024-05-03,AL010,AC012,AP001,AP021,2024-05-03 15:00:00,2024-05-03 15:05:00,5.0,Security,Delayed,388,6238,189,140,397.0,55580,74.07407407407408,Spring
FL01108,2023-09-13,AL006,AC003,AP001,AP016,2023-09-13 12:00:00,2023-09-13 12:04:00,4.0,Crew,Delayed,441,4344,396,179,339.0,60681,45.20202020202021,Autumn
FL01109,2024-11-27,AL006,AC026,AP011,AP006,2024-11-27 14:45:00,2024-11-27 14:54:00,9.0,Security,Delayed,148,2825,189,132,152.0,20064,69.84126984126983,Autumn
FL01110,2025-09-10,AL002,AC008,AP016,AP012,2025-09-10 10:00:00,2025-09-10 10:03:00,3.0,Weather,Delayed,586,4713,300,171,231.0,39501,56.99999999999999,Autumn
FL01111,2023-05-14,AL009,AC013,AP030,AP001,2023-05-14 16:45:00,2023-05-14 17:57:00,72.0,Air Traffic,Delayed,123,547,325,207,179.0,37053,63.69230769230769,Spring
FL01112,2024-05-29,AL006,AC006,AP017,AP013,2024-05-29 08:30:00,2024-05-29 08:32:00,2.0,Security,Delayed,456,1938,300,176,81.0,14256,58.66666666666666,Spring
FL01113,2024-06-06,AL008,AC027,AP016,AP028,2024-06-06 06:00:00,2024-06-06 06:00:00,0.0,No Delay,On Time,546,411,325,251,270.0,67770,77.23076923076924,Summer
FL01114,2023-08-19,AL008,AC014,AP021,AP030,2023-08-19 14:45:00,2023-08-19 17:13:00,148.0,Weather,Severely Delayed,552,3103,325,203,84.0,17052,62.46153846153846,Summer
FL01115,2025-12-21,AL002,AC012,AP012,AP020,2025-12-21 20:15:00,2025-12-21 20:29:00,14.0,Security,Delayed,157,4648,189,127,275.0,34925,67.1957671957672,Winter
FL01116,2023-01-24,AL004,AC025,AP001,AP028,2023-01-24 16:45:00,2023-01-24 16:55:00,10.0,Crew,Delayed,258,1066,296,208,430.0,89440,70.27027027027027,Winter
FL01117,2024-11-17,AL004,AC022,AP030,AP007,2024-11-17 12:30:00,2024-11-17 12:43:00,13.0,Weather,Delayed,656,719,300,259,113.0,29267,86.33333333333333,Autumn
FL01118,2023-10-19,AL006,AC010,AP026,AP011,2023-10-19 19:00:00,2023-10-19 19:12:00,12.0,Air Traffic,Delayed,561,5067,396,157,292.0,45844,39.64646464646464,Autumn
FL01119,2025-03-05,AL009,AC006,AP020,AP007,2025-03-05 08:15:00,2025-03-05 09:03:00,48.0,Technical,Delayed,367,4716,300,204,161.0,32844,68.0,Spring
FL01120,2025-10-21,AL002,AC022,AP020,AP026,2025-10-21 14:30:00,2025-10-21 14:44:00,14.0,Technical,Delayed,91,6073,300,274,561.0,153714,91.33333333333331,Autumn
FL01121,2024-11-10,AL005,AC008,AP003,AP004,2024-11-10 13:45:00,2024-11-10 14:08:00,23.0,Security,Delayed,624,4518,300,160,540.0,86400,53.333333333333336,Autumn
FL01122,2024-12-27,AL010,AC036,AP018,AP014,2024-12-27 09:15:00,2024-12-27 10:36:00,81.0,Crew,Delayed,290,3620,180,133,105.0,13965,73.88888888888889,Winter
FL01123,2024-08-05,AL006,AC010,AP009,AP026,2024-08-05 07:30:00,2024-08-05 07:40:00,10.0,Weather,Delayed,613,1878,396,329,533.0,175357,83.08080808080808,Summer
FL01124,2024-04-20,AL009,AC039,AP028,AP016,2024-04-20 05:00:00,2024-04-20 05:02:00,2.0,Crew,Delayed,68,1070,300,160,210.0,33600,53.333333333333336,Spring
FL01125,2025-02-26,AL002,AC030,AP004,AP021,2025-02-26 22:15:00,2025-02-26 22:23:00,8.0,Air Traffic,Delayed,174,7124,325,225,320.0,72000,69.23076923076923,Winter
FL01126,2023-10-14,AL008,AC013,AP013,AP001,2023-10-14 15:45:00,2023-10-14 15:55:00,10.0,Weather,Delayed,588,6110,325,230,409.0,94070,70.76923076923077,Autumn
FL01127,2024-06-27,AL007,AC031,AP030,AP027,2024-06-27 20:15:00,2024-06-27 20:21:00,6.0,Air Traffic,Delayed,152,6336,300,239,96.0,22944,79.66666666666666,Summer
FL01128,2024-04-30,AL008,AC004,AP024,AP005,2024-04-30 16:30:00,2024-04-30 17:32:00,62.0,Air Traffic,Delayed,244,3776,180,108,243.0,26244,60.0,Spring
FL01129,2025-07-01,AL007,AC031,AP004,AP012,2025-07-01 06:00:00,2025-07-01 08:20:00,140.0,Technical,Severely Delayed,357,8371,300,177,455.0,80535,59.0,Summer
FL01130,2023-10-26,AL004,AC030,AP024,AP027,2023-10-26 05:15:00,2023-10-26 05:29:00,14.0,Air Traffic,Delayed,331,3577,325,245,353.0,86485,75.38461538461539,Autumn
FL01131,2024-04-12,AL006,AC011,AP006,AP012,2024-04-12 12:00:00,2024-04-12 12:01:00,1.0,Security,Delayed,385,3979,300,228,587.0,133836,76.0,Spring
FL01132,2025-11-20,AL008,AC013,AP014,AP004,2025-11-20 10:15:00,2025-11-20 10:19:00,4.0,Security,Delayed,151,6164,325,226,350.0,79100,69.53846153846153,Autumn
FL01133,2024-06-04,AL001,AC017,AP030,AP003,2024-06-04 17:45:00,2024-06-04 17:45:00,0.0,No Delay,On Time,348,3108,296,234,541.0,126594,79.05405405405406,Summer
FL01134,2024-09-27,AL001,AC037,AP022,AP013,2024-09-27 16:15:00,2024-09-27 16:26:00,11.0,Technical,Delayed,364,7797,220,150,372.0,55800,68.18181818181817,Autumn
FL01135,2024-01-18,AL006,AC003,AP011,AP017,2024-01-18 05:30:00,2024-01-18 05:43:00,13.0,Air Traffic,Delayed,100,7827,396,233,77.0,17941,58.83838383838384,Winter
FL01136,2024-04-15,AL008,AC014,AP009,AP020,2024-04-15 08:45:00,2024-04-15 08:57:00,12.0,Late Aircraft,Delayed,656,2183,325,269,287.0,77203,82.76923076923077,Spring
FL01137,2025-07-16,AL008,AC034,AP015,AP018,2025-07-16 21:15:00,2025-07-16 21:20:00,5.0,Technical,Delayed,569,1180,300,261,626.0,163386,87.0,Summer
FL01138,2023-03-29,AL004,AC012,AP028,AP021,2023-03-29 16:45:00,2023-03-29 18:14:00,89.0,Late Aircraft,Delayed,361,2818,189,104,493.0,51272,55.02645502645503,Spring
FL01139,2023-04-04,AL007,AC027,AP021,AP012,2023-04-04 15:45:00,2023-04-04 17:57:00,132.0,Late Aircraft,Severely Delayed,407,7084,325,277,74.0,20498,85.23076923076923,Spring
FL01140,2025-11-10,AL010,AC028,AP004,AP008,2025-11-10 17:45:00,2025-11-10 17:57:00,12.0,Air Traffic,Delayed,218,4902,296,276,463.0,127788,93.24324324324324,Autumn
FL01141,2023-04-26,AL001,AC031,AP015,AP030,2023-04-26 20:45:00,2023-04-26 20:45:00,0.0,No Delay,On Time,423,7006,300,202,604.0,122008,67.33333333333333,Spring
FL01142,2025-08-23,AL003,AC007,AP027,AP014,2025-08-23 05:15:00,2025-08-23 05:29:00,14.0,Technical,Delayed,80,6729,300,237,104.0,24648,79.0,Summer
FL01143,2024-12-01,AL002,AC009,AP025,AP027,2024-12-01 14:45:00,2024-12-01 14:45:00,0.0,No Delay,On Time,123,7460,296,220,459.0,100980,74.32432432432432,Winter
FL01144,2023-01-15,AL002,AC007,AP005,AP012,2023-01-15 12:45:00,2023-01-15 12:56:00,11.0,Security,Delayed,222,2401,300,262,556.0,145672,87.33333333333333,Winter
FL01145,2025-12-09,AL004,AC033,AP007,AP025,2025-12-09 07:30:00,2025-12-09 10:22:00,172.0,Security,Severely Delayed,604,6416,220,188,105.0,19740,85.45454545454545,Winter
FL01146,2025-04-04,AL008,AC010,AP026,AP024,2025-04-04 11:45:00,2025-04-04 11:46:00,1.0,Late Aircraft,Delayed,582,3666,396,268,505.0,135340,67.67676767676768,Spring
FL01147,2023-02-04,AL006,AC036,AP008,AP014,2023-02-04 17:45:00,2023-02-04 17:59:00,14.0,Air Traffic,Delayed,86,4424,180,147,285.0,41895,81.66666666666667,Winter
FL01148,2023-12-26,AL009,AC011,AP003,AP029,2023-12-26 16:15:00,2023-12-26 16:24:00,9.0,Air Traffic,Delayed,645,2973,300,206,577.0,118862,68.66666666666667,Winter
FL01149,2024-12-09,AL006,AC018,AP015,AP017,2024-12-09 09:15:00,2024-12-09 11:54:00,159.0,Technical,Severely Delayed,531,3195,189,103,647.0,66641,54.4973544973545,Winter
FL01150,2023-11-17,AL010,AC024,AP017,AP006,2023-11-17 07:00:00,2023-11-17 07:13:00,13.0,Crew,Delayed,112,1912,296,238,447.0,106386,80.4054054054054,Autumn
FL01151,2023-06-18,AL004,AC013,AP011,AP024,2023-06-18 21:45:00,2023-06-18 21:51:00,6.0,Weather,Delayed,494,8115,325,310,442.0,137020,95.3846153846154,Summer
FL01152,2025-04-08,AL006,AC008,AP029,AP006,2025-04-08 19:00:00,2025-04-08 20:47:00,107.0,Security,Delayed,403,2007,300,239,516.0,123324,79.66666666666666,Spring
FL01153,2023-09-19,AL004,AC020,AP026,AP021,2023-09-19 14:30:00,2023-09-19 14:41:00,11.0,Security,Delayed,331,2032,396,392,398.0,156016,98.989898989899,Autumn
FL01154,2025-10-23,AL001,AC018,AP022,AP014,2025-10-23 07:00:00,2025-10-23 07:01:00,1.0,Security,Delayed,682,4426,189,149,76.0,11324,78.83597883597884,Autumn
FL01155,2023-10-29,AL007,AC020,AP017,AP004,2023-10-29 18:45:00,2023-10-29 18:53:00,8.0,Security,Delayed,120,3163,396,350,293.0,102550,88.38383838383838,Autumn
FL01156,2025-04-13,AL009,AC002,AP024,AP013,2025-04-13 16:45:00,2025-04-13 16:50:00,5.0,Air Traffic,Delayed,481,5383,300,240,177.0,42480,80.0,Spring
FL01157,2023-05-17,AL003,AC032,AP029,AP003,2023-05-17 17:45:00,2023-05-17 19:06:00,81.0,Weather,Delayed,386,2754,396,310,359.0,111290,78.28282828282829,Spring
FL01158,2025-11-27,AL009,AC005,AP003,AP029,2025-11-27 19:00:00,2025-11-27 19:25:00,25.0,Crew,Delayed,512,6081,325,288,362.0,31104,88.61538461538461,Autumn
FL01159,2024-02-29,AL007,AC001,AP013,AP011,2024-02-29 14:45:00,2024-02-29 14:47:00,2.0,Weather,Delayed,251,3562,325,232,321.0,74472,71.38461538461539,Winter
FL01160,2025-08-05,AL002,AC008,AP030,AP012,2025-08-05 07:15:00,2025-08-05 07:24:00,9.0,Security,Delayed,348,2831,300,225,296.0,66600,75.0,Summer
FL01161,2023-05-06,AL006,AC009,AP029,AP030,2023-05-06 22:00:00,2023-05-06 22:11:00,11.0,Air Traffic,Delayed,176,7804,296,230,361.0,83030,77.7027027027027,Spring
FL01162,2024-04-13,AL005,AC021,AP008,AP004,2024-04-13 22:15:00,2024-04-13 23:38:00,83.0,Crew,Delayed,121,5247,325,296,247.0,73112,91.07692307692308,Spring
FL01163,2024-07-25,AL001,AC007,AP029,AP004,2024-07-25 07:30:00,2024-07-25 07:39:00,9.0,Late Aircraft,Delayed,215,6961,300,297,350.0,103950,99.0,Summer
FL01164,2023-06-28,AL010,AC035,AP001,AP023,2023-06-28 20:00:00,2023-06-28 20:00:00,0.0,No Delay,On Time,224,5523,189,180,434.0,78120,95.23809523809524,Summer
FL01165,2023-08-15,AL002,AC009,AP030,AP018,2023-08-15 17:30:00,2023-08-15 17:42:00,12.0,Technical,Delayed,605,4600,296,271,248.0,67208,91.55405405405406,Summer
FL01166,2025-01-07,AL005,AC023,AP018,AP015,2025-01-07 12:45:00,2025-01-07 13:00:00,15.0,Technical,Delayed,346,5964,180,159,370.0,58830,88.33333333333333,Winter
FL01167,2025-06-09,AL008,AC015,AP027,AP017,2025-06-09 06:15:00,2025-06-09 06:20:00,5.0,Air Traffic,Delayed,211,2734,396,365,173.0,63145,92.17171717171718,Summer
FL01168,2025-06-06,AL003,AC032,AP023,AP017,2025-06-06 22:45:00,2025-06-06 22:57:00,12.0,Technical,Delayed,525,6230,396,392,336.0,131712,98.989898989899,Summer
FL01169,2023-05-11,AL004,AC031,AP012,AP018,2023-05-11 10:00:00,2023-05-11 10:00:00,0.0,No Delay,On Time,240,3248,300,227,245.0,55615,75.66666666666667,Spring
FL01170,2023-05-28,AL009,AC034,AP005,AP015,2023-05-28 13:00:00,2023-05-28 13:07:00,7.0,Security,Delayed,93,544,300,226,416.0,94016,75.33333333333333,Spring
FL01171,2023-10-05,AL003,AC031,AP026,AP003,2023-10-05 11:15:00,2023-10-05 11:23:00,8.0,Security,Delayed,451,507,300,234,605.0,141570,78.0,Autumn
FL01172,2023-02-12,AL008,AC020,AP005,AP025,2023-02-12 11:30:00,2023-02-12 11:45:00,15.0,Weather,Delayed,576,1550,396,356,395.0,140620,89.8989898989899,Winter
FL01173,2024-03-08,AL004,AC012,AP025,AP015,2024-03-08 22:45:00,2024-03-08 23:50:00,65.0,Crew,Delayed,658,742,189,135,535.0,72225,71.42857142857143,Spring
FL01174,2024-11-05,AL009,AC009,AP028,AP027,2024-11-05 16:45:00,2024-11-05 16:54:00,9.0,Crew,Delayed,64,3517,296,179,606.0,108474,60.47297297297297,Autumn
FL01175,2024-04-15,AL005,AC016,AP010,AP030,2024-04-15 22:00:00,2024-04-16 00:24:00,144.0,Crew,Severely Delayed,57,7724,189,158,439.0,69362,83.5978835978836,Spring
FL01176,2025-12-16,AL007,AC026,AP021,AP025,2025-12-16 14:15:00,2025-12-16 14:18:00,3.0,Air Traffic,Delayed,690,2990,189,115,590.0,67850,60.84656084656085,Winter
FL01177,2024-07-04,AL004,AC016,AP014,AP026,2024-07-04 06:00:00,2024-07-04 06:06:00,6.0,Air Traffic,Delayed,418,2196,189,185,98.0,18130,97.88359788359789,Summer
FL01178,2024-04-26,AL009,AC014,AP029,AP009,2024-04-26 08:30:00,2024-04-26 08:36:00,6.0,Technical,Delayed,171,5883,325,277,94.0,26038,85.23076923076923,Spring
FL01179,2024-09-06,AL009,AC036,AP009,AP005,2024-09-06 09:15:00,2024-09-06 09:16:00,1.0,Technical,Delayed,309,6924,180,110,268.0,29480,61.11111111111112,Autumn
FL01180,2023-03-21,AL008,AC025,AP017,AP019,2023-03-21 20:30:00,2023-03-21 20:45:00,15.0,Technical,Delayed,673,1420,296,260,387.0,100620,87.83783783783784,Spring
FL01181,2023-07-12,AL009,AC026,AP012,AP002,2023-07-12 09:45:00,2023-07-12 09:48:00,3.0,Late Aircraft,Delayed,78,4516,189,116,488.0,56608,61.37566137566137,Summer
FL01182,2024-06-17,AL004,AC021,AP001,AP002,2024-06-17 22:30:00,2024-06-17 22:42:00,12.0,Crew,Delayed,78,3289,325,273,349.0,95277,84.0,Summer
FL01183,2024-02-02,AL007,AC011,AP002,AP030,2024-02-02 18:00:00,2024-02-02 18:10:00,10.0,Late Aircraft,Delayed,599,4571,300,186,196.0,36456,62.0,Winter
FL01184,2025-02-20,AL001,AC018,AP009,AP006,2025-02-20 08:00:00,2025-02-20 08:39:00,39.0,Security,Delayed,715,4548,189,106,337.0,35722,56.08465608465608,Winter
FL01185,2024-01-10,AL008,AC016,AP006,AP025,2024-01-10 18:15:00,2024-01-10 18:27:00,12.0,Air Traffic,Delayed,718,6255,189,152,387.0,58824,80.42328042328042,Winter
FL01186,2024-01-05,AL005,AC028,AP023,AP007,2024-01-05 08:15:00,2024-01-05 08:18:00,3.0,Technical,Delayed,326,1141,296,219,477.0,104463,73.98648648648648,Winter
FL01187,2024-03-29,AL002,AC030,AP001,AP027,2024-03-29 22:15:00,2024-03-29 22:15:00,0.0,No Delay,On Time,306,2800,325,282,503.0,141846,86.76923076923076,Spring
FL01188,2023-02-14,AL006,AC019,AP024,AP029,2023-02-14 21:45:00,2023-02-14 22:34:00,49.0,Technical,Delayed,652,384,296,262,318.0,83316,88.51351351351352,Winter
FL01189,2023-09-04,AL009,AC016,AP003,AP021,2023-09-04 09:45:00,2023-09-04 09:49:00,4.0,Weather,Delayed,90,7162,189,118,248.0,29264,62.43386243386243,Autumn
FL01190,2024-06-06,AL006,AC013,AP008,AP013,2024-06-06 14:30:00,2024-06-06 14:34:00,4.0,Technical,Delayed,159,7599,325,300,640.0,192000,92.3076923076923,Summer
FL01191,2023-03-01,AL002,AC039,AP013,AP027,2023-03-01 11:45:00,2023-03-01 14:22:00,157.0,Technical,Severely Delayed,200,870,300,274,253.0,69322,91.33333333333331,Spring
FL01192,2023-07-23,AL006,AC025,AP012,AP017,2023-07-23 16:15:00,2023-07-23 16:20:00,5.0,Air Traffic,Delayed,388,3203,296,190,351.0,66690,64.1891891891892,Summer
FL01193,2023-11-09,AL003,AC004,AP004,AP028,2023-11-09 07:15:00,2023-11-09 07:24:00,9.0,Crew,Delayed,113,5559,180,127,609.0,77343,70.55555555555556,Autumn
FL01194,2025-04-11,AL007,AC005,AP006,AP007,2025-04-11 14:15:00,2025-04-11 14:18:00,3.0,Air Traffic,Delayed,505,3941,325,263,358.0,94154,80.92307692307692,Spring
FL01195,2024-08-22,AL001,AC010,AP018,AP019,2024-08-22 05:45:00,2024-08-22 05:49:00,4.0,Air Traffic,Delayed,195,5017,396,329,224.0,73696,83.08080808080808,Summer
FL01196,2025-02-01,AL006,AC017,AP007,AP002,2025-02-01 05:30:00,2025-02-01 07:35:00,125.0,Air Traffic,Severely Delayed,140,2632,296,264,569.0,150216,89.1891891891892,Winter
FL01197,2025-11-13,AL005,AC027,AP029,AP019,2025-11-13 09:00:00,2025-11-13 09:10:00,10.0,Late Aircraft,Cancelled,129,1629,325,0,569.0,0,0.0,Autumn
FL01198,2025-05-14,AL006,AC030,AP020,AP010,2025-05-14 09:00:00,2025-05-14 09:03:00,3.0,Weather,Delayed,506,5395,325,259,523.0,135457,79.6923076923077,Spring
FL01199,2024-10-19,AL007,AC037,AP028,AP008,2024-10-19 15:30:00,2024-10-19 18:06:00,156.0,Air Traffic,Severely Delayed,299,6170,220,187,408.0,76296,85.0,Autumn
FL01200,2023-01-21,AL006,AC035,AP022,AP015,2023-01-21 21:30:00,2023-01-21 21:41:00,11.0,Security,Delayed,518,7209,189,138,451.0,62238,73.01587301587301,Winter
FL01201,2024-12-26,AL004,AC040,AP021,AP016,2024-12-26 20:45:00,2024-12-26 20:55:00,10.0,Weather,Delayed,471,7600,220,163,154.0,25102,74.0909090909091,Winter
FL01202,2024-05-02,AL006,AC024,AP016,AP001,2024-05-02 05:15:00,2024-05-02 05:19:00,4.0,Air Traffic,Delayed,414,1541,296,259,89.0,23051,87.5,Spring
FL01203,2023-02-24,AL006,AC023,AP022,AP018,2023-02-24 19:30:00,2023-02-24 19:42:00,12.0,Technical,Delayed,484,7953,180,140,641.0,89740,77.77777777777779,Winter
FL01204,2024-12-03,AL008,AC034,AP026,AP024,2024-12-03 22:15:00,2024-12-03 22:24:00,9.0,Air Traffic,Delayed,513,2702,300,237,250.0,59250,79.0,Winter
FL01205,2025-07-10,AL002,AC025,AP010,AP021,2025-07-10 17:45:00,2025-07-10 20:36:00,171.0,Crew,Severely Delayed,569,3016,296,201,534.0,107334,67.9054054054054,Summer
FL01206,2025-02-17,AL006,AC027,AP024,AP021,2025-02-17 11:00:00,2025-02-17 11:14:00,14.0,Technical,Delayed,86,2300,325,264,259.0,68376,81.23076923076923,Winter
FL01207,2024-08-23,AL001,AC008,AP024,AP030,2024-08-23 21:15:00,2024-08-23 21:16:00,1.0,Late Aircraft,Delayed,695,3142,300,194,164.0,31816,64.66666666666666,Summer
FL01208,2024-04-23,AL003,AC028,AP029,AP017,2024-04-23 13:45:00,2024-04-23 13:50:00,5.0,Technical,Delayed,134,2494,296,293,509.0,149137,98.98648648648648,Spring
FL01209,2023-06-08,AL005,AC023,AP017,AP026,2023-06-08 07:30:00,2023-06-08 07:45:00,15.0,Crew,Delayed,75,2812,180,127,129.0,16383,70.55555555555556,Summer
FL01210,2023-06-08,AL009,AC023,AP011,AP027,2023-06-08 14:45:00,2023-06-08 15:00:00,15.0,Technical,Delayed,645,7288,180,149,98.0,14602,82.77777777777777,Summer
FL01211,2024-07-15,AL010,AC040,AP016,AP012,2024-07-15 14:45:00,2024-07-15 14:47:00,2.0,Security,Delayed,601,3011,220,181,231.0,41811,82.27272727272728,Summer
FL01212,2023-11-22,AL010,AC015,AP029,AP016,2023-11-22 10:00:00,2023-11-22 10:14:00,14.0,Air Traffic,Delayed,176,7341,396,381,431.0,164211,96.21212121212122,Autumn
FL01213,2023-09-18,AL006,AC015,AP007,AP019,2023-09-18 17:30:00,2023-09-18 17:31:00,1.0,Technical,Delayed,159,7954,396,219,106.0,23214,55.3030303030303,Autumn
FL01214,2025-07-27,AL006,AC007,AP017,AP019,2025-07-27 09:30:00,2025-07-27 09:43:00,13.0,Technical,Delayed,109,3711,300,206,506.0,104236,68.66666666666667,Summer
FL01215,2023-11-28,AL003,AC002,AP012,AP018,2023-11-28 15:30:00,2023-11-28 15:43:00,13.0,Weather,Delayed,291,5834,300,246,164.0,40344,82.0,Autumn
FL01216,2023-07-11,AL007,AC040,AP015,AP006,2023-07-11 11:00:00,2023-07-11 11:22:00,22.0,Security,Delayed,159,6362,220,190,280.0,53200,86.36363636363636,Summer
FL01217,2025-02-21,AL010,AC016,AP015,AP011,2025-02-21 17:30:00,2025-02-21 17:40:00,10.0,Late Aircraft,Delayed,371,2467,189,149,570.0,84930,78.83597883597884,Winter
FL01218,2023-11-08,AL004,AC035,AP020,AP023,2023-11-08 15:45:00,2023-11-08 15:50:00,5.0,Weather,Delayed,278,3384,189,159,427.0,67893,84.12698412698413,Autumn
FL01219,2023-04-10,AL010,AC015,AP016,AP011,2023-04-10 10:00:00,2023-04-10 10:11:00,11.0,Late Aircraft,Cancelled,127,2557,396,0,159.0,0,0.0,Spring
FL01220,2025-10-02,AL002,AC003,AP030,AP016,2025-10-02 06:00:00,2025-10-02 08:08:00,128.0,Late Aircraft,Severely Delayed,252,6305,396,228,251.0,57228,57.57575757575758,Autumn
FL01221,2023-03-11,AL005,AC029,AP010,AP017,2023-03-11 12:15:00,2023-03-11 12:25:00,10.0,Air Traffic,Delayed,679,5807,220,177,427.0,75579,80.45454545454545,Spring
FL01222,2025-02-17,AL006,AC003,AP023,AP029,2025-02-17 10:00:00,2025-02-17 10:44:00,44.0,Security,Delayed,643,1734,396,281,542.0,152302,70.95959595959596,Winter
FL01223,2024-02-18,AL001,AC027,AP001,AP007,2024-02-18 10:45:00,2024-02-18 10:53:00,8.0,Air Traffic,Delayed,384,8165,325,266,635.0,168910,81.84615384615384,Winter
FL01224,2023-03-08,AL005,AC015,AP016,AP004,2023-03-08 05:15:00,2023-03-08 07:28:00,133.0,Crew,Severely Delayed,308,6626,396,324,412.0,133488,81.81818181818183,Spring
FL01225,2023-01-07,AL004,AC033,AP009,AP030,2023-01-07 21:00:00,2023-01-07 21:05:00,5.0,Air Traffic,Delayed,701,6840,220,146,508.0,74168,66.36363636363637,Winter
FL01226,2023-05-12,AL006,AC037,AP001,AP007,2023-05-12 16:00:00,2023-05-12 16:08:00,8.0,Air Traffic,Delayed,526,1881,220,194,190.0,36860,88.18181818181819,Spring
FL01227,2025-11-21,AL002,AC029,AP012,AP023,2025-11-21 05:15:00,2025-11-21 05:28:00,13.0,Late Aircraft,Delayed,684,3781,220,195,336.0,65520,88.63636363636364,Autumn
FL01228,2023-04-24,AL007,AC024,AP002,AP028,2023-04-24 07:45:00,2023-04-24 07:57:00,12.0,Late Aircraft,Delayed,487,4500,296,198,316.0,62568,66.8918918918919,Spring
FL01229,2023-10-10,AL007,AC022,AP018,AP008,2023-10-10 11:00:00,2023-10-10 11:08:00,8.0,Crew,Delayed,405,2028,300,239,608.0,145312,79.66666666666666,Autumn
FL01230,2023-07-17,AL001,AC032,AP015,AP014,2023-07-17 16:30:00,2023-07-17 16:33:00,3.0,Weather,Delayed,208,6684,396,231,505.0,116655,58.333333333333336,Summer
FL01231,2024-09-26,AL005,AC030,AP013,AP011,2024-09-26 11:00:00,2024-09-26 11:13:00,13.0,Weather,Delayed,398,7339,325,303,195.0,59085,93.23076923076924,Autumn
FL01232,2024-07-16,AL010,AC001,AP028,AP010,2024-07-16 11:30:00,2024-07-16 11:38:00,8.0,Technical,Delayed,274,7191,325,246,436.0,107256,75.6923076923077,Summer
FL01233,2025-07-17,AL009,AC001,AP022,AP014,2025-07-17 16:45:00,2025-07-17 16:45:00,0.0,No Delay,On Time,553,2844,325,225,396.0,89100,69.23076923076923,Summer
FL01234,2023-08-01,AL007,AC020,AP009,AP010,2023-08-01 12:00:00,2023-08-01 12:02:00,2.0,Security,Delayed,641,2536,396,313,646.0,202198,79.04040404040404,Summer
FL01235,2024-01-08,AL002,AC021,AP002,AP020,2024-01-08 06:15:00,2024-01-08 06:24:00,9.0,Crew,Delayed,483,2072,325,274,78.0,21372,84.3076923076923,Winter
FL01236,2024-10-25,AL002,AC031,AP004,AP025,2024-10-25 22:00:00,2024-10-25 22:09:00,9.0,Weather,Delayed,667,4903,300,264,388.0,102432,88.0,Autumn
FL01237,2024-06-19,AL007,AC009,AP020,AP011,2024-06-19 11:00:00,2024-06-19 11:05:00,5.0,Weather,Delayed,628,5607,296,180,604.0,108720,60.810810810810814,Summer
FL01238,2024-07-27,AL010,AC005,AP014,AP023,2024-07-27 12:45:00,2024-07-27 12:51:00,6.0,Crew,Delayed,410,2184,325,279,156.0,43524,85.84615384615385,Summer
FL01239,2023-10-24,AL004,AC020,AP019,AP018,2023-10-24 13:45:00,2023-10-24 13:51:00,6.0,Air Traffic,Delayed,425,4653,396,300,456.0,136800,75.75757575757575,Autumn
FL01240,2023-10-14,AL009,AC006,AP001,AP017,2023-10-14 08:45:00,2023-10-14 09:00:00,15.0,Air Traffic,Delayed,672,8142,300,206,368.0,75808,68.66666666666667,Autumn
FL01241,2025-10-23,AL003,AC036,AP030,AP017,2025-10-23 11:30:00,2025-10-23 11:30:00,0.0,No Delay,On Time,410,6296,180,94,223.0,20962,52.22222222222223,Autumn
FL01242,2025-02-26,AL009,AC029,AP030,AP015,2025-02-26 11:00:00,2025-02-26 11:02:00,2.0,Air Traffic,Delayed,313,6335,220,169,545.0,92105,76.81818181818181,Winter
FL01243,2025-02-11,AL004,AC023,AP015,AP023,2025-02-11 18:45:00,2025-02-11 18:48:00,3.0,Late Aircraft,Delayed,639,4676,180,169,560.0,94640,93.88888888888889,Winter
FL01244,2025-09-13,AL001,AC026,AP001,AP002,2025-09-13 09:30:00,2025-09-13 09:39:00,9.0,Air Traffic,Delayed,503,2800,189,145,392.0,56840,76.71957671957672,Autumn
FL01245,2023-03-03,AL010,AC002,AP010,AP017,2023-03-03 10:45:00,2023-03-03 11:00:00,15.0,Weather,Delayed,406,2149,300,240,432.0,103680,80.0,Spring
FL01246,2024-12-19,AL003,AC004,AP011,AP023,2024-12-19 11:15:00,2024-12-19 13:19:00,124.0,Security,Severely Delayed,566,7615,180,158,649.0,102542,87.77777777777777,Winter
FL01247,2023-09-03,AL006,AC008,AP025,AP009,2023-09-03 21:00:00,2023-09-03 21:10:00,10.0,Weather,Delayed,229,2113,300,232,648.0,150336,77.33333333333333,Autumn
FL01248,2025-11-07,AL005,AC015,AP018,AP012,2025-11-07 16:45:00,2025-11-07 16:51:00,6.0,Technical,Delayed,506,2321,396,276,98.0,27048,69.6969696969697,Autumn
FL01249,2023-10-24,AL005,AC025,AP027,AP019,2023-10-24 07:15:00,2023-10-24 07:19:00,4.0,Late Aircraft,Delayed,303,6803,296,244,491.0,119804,82.43243243243244,Autumn
FL01250,2023-10-29,AL001,AC021,AP011,AP015,2023-10-29 14:15:00,2023-10-29 14:19:00,4.0,Crew,Delayed,137,7416,325,291,325.0,94575,89.53846153846153,Autumn
FL01251,2025-10-10,AL010,AC011,AP028,AP027,2025-10-10 08:00:00,2025-10-10 08:14:00,14.0,Late Aircraft,Delayed,208,5550,300,233,343.0,79919,77.66666666666666,Autumn
FL01252,2025-08-04,AL001,AC027,AP018,AP021,2025-08-04 07:15:00,2025-08-04 07:22:00,7.0,Air Traffic,Delayed,276,1508,325,256,545.0,139520,78.76923076923077,Summer
FL01253,2023-01-07,AL007,AC013,AP010,AP020,2023-01-07 07:30:00,2023-01-07 07:35:00,5.0,Technical,Delayed,129,3161,325,164,463.0,75932,50.46153846153846,Winter
FL01254,2024-05-05,AL005,AC005,AP008,AP006,2024-05-05 13:15:00,2024-05-05 14:31:00,76.0,Technical,Delayed,357,6705,325,251,562.0,141062,77.23076923076924,Spring
FL01255,2023-01-01,AL006,AC030,AP018,AP019,2023-01-01 14:30:00,2023-01-01 14:32:00,2.0,Weather,Delayed,254,2966,325,187,184.0,34408,57.53846153846154,Winter
FL01256,2023-03-11,AL005,AC025,AP002,AP019,2023-03-11 10:15:00,2023-03-11 10:29:00,14.0,Crew,Delayed,557,3085,296,225,644.0,144900,76.01351351351352,Spring
FL01257,2023-01-30,AL006,AC013,AP002,AP030,2023-01-30 12:15:00,2023-01-30 14:39:00,144.0,Technical,Severely Delayed,116,6697,325,277,97.0,26869,85.23076923076923,Winter
FL01258,2023-11-03,AL009,AC002,AP004,AP020,2023-11-03 17:30:00,2023-11-03 19:46:00,136.0,Technical,Severely Delayed,138,2878,300,236,562.0,132632,78.66666666666666,Autumn
FL01259,2025-02-11,AL005,AC011,AP021,AP009,2025-02-11 08:45:00,2025-02-11 08:53:00,8.0,Late Aircraft,Delayed,514,6065,300,254,504.0,128016,84.66666666666667,Winter
FL01260,2024-09-20,AL010,AC019,AP004,AP027,2024-09-20 15:15:00,2024-09-20 15:16:00,1.0,Security,Delayed,650,3572,296,201,347.0,69747,67.9054054054054,Autumn
FL01261,2023-10-06,AL001,AC037,AP026,AP015,2023-10-06 07:00:00,2023-10-06 09:56:00,176.0,Late Aircraft,Severely Delayed,137,774,220,185,218.0,40330,84.0909090909091,Autumn
FL01262,2025-08-09,AL009,AC037,AP015,AP012,2025-08-09 21:00:00,2025-08-09 21:09:00,9.0,Security,Delayed,690,5185,220,207,471.0,97497,94.0909090909091,Summer
FL01263,2023-06-04,AL010,AC012,AP026,AP010,2023-06-04 15:30:00,2023-06-04 15:40:00,10.0,Technical,Delayed,171,5468,189,164,254.0,41656,86.77248677248677,Summer
FL01264,2025-06-18,AL006,AC031,AP002,AP003,2025-06-18 19:30:00,2025-06-18 19:30:00,0.0,No Delay,On Time,308,7083,300,200,517.0,103400,66.66666666666666,Summer
FL01265,2024-12-11,AL007,AC014,AP014,AP019,2024-12-11 20:45:00,2024-12-11 20:50:00,5.0,Crew,Delayed,67,6634,325,302,137.0,41374,92.92307692307692,Winter
FL01266,2025-02-02,AL009,AC014,AP021,AP024,2025-02-02 10:15:00,2025-02-02 10:18:00,3.0,Air Traffic,Delayed,523,432,325,253,365.0,92345,77.84615384615384,Winter
FL01267,2024-10-21,AL008,AC030,AP016,AP013,2024-10-21 22:45:00,2024-10-21 22:53:00,8.0,Technical,Delayed,348,3919,325,248,463.0,114824,76.3076923076923,Autumn
FL01268,2025-10-14,AL004,AC024,AP021,AP024,2025-10-14 07:00:00,2025-10-14 07:00:00,0.0,No Delay,On Time,612,8384,296,238,586.0,139468,80.4054054054054,Autumn
FL01269,2023-04-01,AL010,AC013,AP030,AP014,2023-04-01 21:30:00,2023-04-01 21:34:00,4.0,Crew,Delayed,681,4650,325,248,313.0,77624,76.3076923076923,Spring
FL01270,2023-10-18,AL010,AC037,AP007,AP018,2023-10-18 15:15:00,2023-10-18 15:16:00,1.0,Crew,Delayed,103,5329,220,145,192.0,27840,65.9090909090909,Autumn
FL01271,2023-02-17,AL001,AC030,AP004,AP014,2023-02-17 22:15:00,2023-02-17 22:28:00,13.0,Weather,Delayed,597,374,325,235,284.0,66740,72.3076923076923,Winter
FL01272,2025-04-20,AL009,AC020,AP006,AP008,2025-04-20 18:45:00,2025-04-20 18:52:00,7.0,Late Aircraft,Delayed,153,5499,396,346,534.0,184764,87.37373737373737,Spring
FL01273,2024-02-05,AL003,AC016,AP004,AP006,2024-02-05 19:45:00,2024-02-05 19:49:00,4.0,Weather,Delayed,384,7629,189,121,95.0,11495,64.02116402116403,Winter
FL01274,2025-04-24,AL005,AC033,AP004,AP009,2025-04-24 13:30:00,2025-04-24 13:45:00,15.0,Late Aircraft,Delayed,452,3066,220,217,269.0,58373,98.63636363636364,Spring
FL01275,2023-07-29,AL007,AC035,AP011,AP021,2023-07-29 12:15:00,2023-07-29 12:16:00,1.0,Crew,Delayed,367,1815,189,131,293.0,38383,69.31216931216932,Summer
FL01276,2025-03-12,AL005,AC003,AP014,AP018,2025-03-12 15:45:00,2025-03-12 15:46:00,1.0,Technical,Delayed,343,4825,396,281,233.0,65473,70.95959595959596,Spring
FL01277,2023-07-25,AL008,AC024,AP018,AP008,2023-07-25 09:30:00,2023-07-25 09:40:00,10.0,Air Traffic,Delayed,478,4574,296,226,87.0,19662,76.35135135135135,Summer
FL01278,2025-10-08,AL005,AC020,AP014,AP007,2025-10-08 13:15:00,2025-10-08 13:18:00,3.0,Technical,Delayed,129,3605,396,258,256.0,66048,65.15151515151516,Autumn
FL01279,2025-11-05,AL001,AC019,AP025,AP010,2025-11-05 07:30:00,2025-11-05 07:38:00,8.0,Technical,Delayed,698,4864,296,171,77.0,13167,57.770270270270274,Autumn
FL01280,2025-05-24,AL009,AC010,AP014,AP004,2025-05-24 07:00:00,2025-05-24 07:01:00,1.0,Weather,Delayed,403,8414,396,254,303.0,76962,64.14141414141415,Spring
FL01281,2023-05-27,AL005,AC015,AP021,AP004,2023-05-27 14:15:00,2023-05-27 14:15:00,0.0,No Delay,On Time,422,8306,396,350,469.0,164150,88.38383838383838,Spring
FL01282,2023-10-12,AL001,AC006,AP002,AP004,2023-10-12 19:45:00,2023-10-12 19:59:00,14.0,Crew,Delayed,104,6019,300,225,588.0,132300,75.0,Autumn
FL01283,2023-09-12,AL002,AC020,AP020,AP027,2023-09-12 21:15:00,2023-09-12 21:16:00,1.0,Security,Delayed,80,7951,396,323,478.0,154394,81.56565656565657,Autumn
FL01284,2023-09-08,AL005,AC038,AP011,AP017,2023-09-08 11:15:00,2023-09-08 11:30:00,15.0,Crew,Delayed,536,3796,189,187,248.0,46376,98.94179894179894,Autumn
FL01285,2024-01-21,AL003,AC023,AP013,AP010,2024-01-21 22:15:00,2024-01-21 22:28:00,13.0,Technical,Delayed,678,2770,180,155,649.0,100595,86.11111111111111,Winter
FL01286,2025-02-13,AL010,AC026,AP019,AP007,2025-02-13 10:30:00,2025-02-13 10:44:00,14.0,Crew,Delayed,341,6435,189,183,595.0,108885,96.82539682539682,Winter
FL01287,2025-11-25,AL002,AC025,AP004,AP018,2025-11-25 08:30:00,2025-11-25 08:42:00,12.0,Technical,Delayed,605,5317,296,228,485.0,110580,77.02702702702703,Autumn
FL01288,2024-12-25,AL004,AC023,AP002,AP025,2024-12-25 09:15:00,2024-12-25 09:18:00,3.0,Security,Delayed,351,4825,180,156,138.0,21528,86.66666666666667,Winter
FL01289,2023-04-10,AL006,AC002,AP015,AP014,2023-04-10 19:15:00,2023-04-10 19:54:00,39.0,Air Traffic,Delayed,121,4758,300,212,414.0,87768,70.66666666666667,Spring
FL01290,2024-02-16,AL003,AC028,AP030,AP007,2024-02-16 08:00:00,2024-02-16 08:52:00,52.0,Late Aircraft,Delayed,520,3340,296,222,422.0,93684,75.0,Winter
FL01291,2025-06-13,AL002,AC034,AP007,AP020,2025-06-13 13:45:00,2025-06-13 13:58:00,13.0,Security,Delayed,188,5559,300,141,233.0,32853,47.0,Summer
FL01292,2025-04-27,AL006,AC017,AP019,AP022,2025-04-27 15:15:00,2025-04-27 18:13:00,178.0,Technical,Severely Delayed,256,7352,296,252,152.0,38304,85.13513513513513,Spring
FL01293,2024-03-26,AL003,AC027,AP003,AP015,2024-03-26 11:45:00,2024-03-26 11:48:00,3.0,Weather,Delayed,97,6597,325,321,331.0,106251,98.76923076923076,Spring
FL01294,2025-12-19,AL004,AC032,AP028,AP027,2025-12-19 21:45:00,2025-12-19 23:30:00,105.0,Weather,Delayed,448,4294,396,273,443.0,120939,68.93939393939394,Winter
FL01295,2023-07-02,AL001,AC029,AP011,AP026,2023-07-02 13:30:00,2023-07-02 16:14:00,164.0,Air Traffic,Severely Delayed,174,5450,220,204,473.0,96492,92.72727272727272,Summer
FL01296,2023-05-09,AL006,AC036,AP027,AP026,2023-05-09 14:15:00,2023-05-09 16:06:00,111.0,Security,Delayed,217,1773,180,117,281.0,32877,65.0,Spring
FL01297,2023-03-06,AL009,AC018,AP025,AP030,2023-03-06 13:15:00,2023-03-06 13:17:00,2.0,Technical,Delayed,605,7331,189,176,381.0,67056,93.12169312169311,Spring
FL01298,2023-10-16,AL007,AC038,AP016,AP012,2023-10-16 19:15:00,2023-10-16 19:18:00,3.0,Late Aircraft,Delayed,253,904,189,125,459.0,57375,66.13756613756614,Autumn
FL01299,2024-01-25,AL010,AC029,AP015,AP009,2024-01-25 14:15:00,2024-01-25 14:29:00,14.0,Weather,Delayed,719,4807,220,197,164.0,32308,89.54545454545455,Winter
FL01300,2023-10-09,AL001,AC029,AP022,AP007,2023-10-09 16:45:00,2023-10-09 18:37:00,112.0,Air Traffic,Delayed,117,5656,220,147,230.0,33810,66.81818181818183,Autumn
FL01301,2024-01-01,AL003,AC017,AP007,AP012,2024-01-01 16:15:00,2024-01-01 18:04:00,109.0,Air Traffic,Delayed,272,5792,296,227,79.0,17933,76.6891891891892,Winter
FL01302,2023-06-20,AL009,AC020,AP029,AP006,2023-06-20 05:00:00,2023-06-20 05:02:00,2.0,Weather,Delayed,471,6429,396,346,322.0,111412,87.37373737373737,Summer
FL01303,2025-08-05,AL005,AC009,AP021,AP016,2025-08-05 11:00:00,2025-08-05 11:06:00,6.0,Air Traffic,Delayed,507,4733,296,231,530.0,122430,78.04054054054053,Summer
FL01304,2024-11-22,AL009,AC018,AP009,AP003,2024-11-22 20:30:00,2024-11-22 20:34:00,4.0,Late Aircraft,Delayed,609,4200,189,121,146.0,17666,64.02116402116403,Autumn
FL01305,2023-11-04,AL003,AC025,AP023,AP016,2023-11-04 21:00:00,2023-11-04 21:07:00,7.0,Weather,Delayed,179,6420,296,253,209.0,52877,85.47297297297297,Autumn
FL01306,2024-03-13,AL008,AC009,AP010,AP003,2024-03-13 07:15:00,2024-03-13 07:15:00,0.0,No Delay,On Time,305,1948,296,224,156.0,34944,75.67567567567568,Spring
FL01307,2023-03-18,AL003,AC017,AP005,AP016,2023-03-18 19:45:00,2023-03-18 19:57:00,12.0,Weather,Delayed,335,5425,296,193,589.0,113677,65.2027027027027,Spring
FL01308,2023-03-23,AL006,AC029,AP030,AP016,2023-03-23 12:45:00,2023-03-23 12:46:00,1.0,Late Aircraft,Delayed,337,4425,220,180,579.0,104220,81.81818181818183,Spring
FL01309,2023-06-06,AL007,AC026,AP008,AP003,2023-06-06 14:30:00,2023-06-06 14:35:00,5.0,Technical,Delayed,336,2979,189,154,480.0,73920,81.48148148148148,Summer
FL01310,2025-03-07,AL003,AC030,AP026,AP007,2025-03-07 19:15:00,2025-03-07 19:17:00,2.0,Technical,Delayed,360,7339,325,306,574.0,175644,94.15384615384616,Spring
FL01311,2024-07-06,AL003,AC031,AP020,AP015,2024-07-06 17:15:00,2024-07-06 17:22:00,7.0,Late Aircraft,Delayed,719,3524,300,251,534.0,134034,83.66666666666667,Summer
FL01312,2023-07-01,AL009,AC035,AP018,AP028,2023-07-01 20:45:00,2023-07-01 20:53:00,8.0,Late Aircraft,Delayed,574,6953,189,150,256.0,38400,79.36507936507937,Summer
FL01313,2025-12-06,AL001,AC032,AP007,AP017,2025-12-06 08:15:00,2025-12-06 08:30:00,15.0,Air Traffic,Delayed,694,1296,396,392,434.0,170128,98.989898989899,Winter
FL01314,2024-08-02,AL004,AC026,AP006,AP019,2024-08-02 10:15:00,2024-08-02 10:24:00,9.0,Late Aircraft,Delayed,605,1966,189,157,192.0,30144,83.06878306878306,Summer
FL01315,2024-03-03,AL006,AC020,AP015,AP030,2024-03-03 06:30:00,2024-03-03 06:37:00,7.0,Security,Delayed,689,2702,396,306,208.0,63648,77.27272727272727,Spring
FL01316,2025-01-20,AL007,AC027,AP024,AP021,2025-01-20 17:45:00,2025-01-20 17:47:00,2.0,Air Traffic,Delayed,112,2951,325,273,463.0,126399,84.0,Winter
FL01317,2025-04-01,AL010,AC018,AP019,AP026,2025-04-01 08:30:00,2025-04-01 08:35:00,5.0,Late Aircraft,Delayed,290,4345,189,125,638.0,79750,66.13756613756614,Spring
FL01318,2024-05-27,AL007,AC028,AP020,AP013,2024-05-27 18:30:00,2024-05-27 18:37:00,7.0,Air Traffic,Delayed,554,3185,296,219,127.0,27813,73.98648648648648,Spring
FL01319,2025-02-03,AL003,AC016,AP015,AP008,2025-02-03 14:45:00,2025-02-03 16:09:00,84.0,Security,Delayed,507,1612,189,158,230.0,36340,83.5978835978836,Winter
FL01320,2025-12-31,AL002,AC003,AP025,AP009,2025-12-31 17:15:00,2025-12-31 17:22:00,7.0,Late Aircraft,Delayed,464,3076,396,335,546.0,182910,84.59595959595958,Winter
FL01321,2023-07-21,AL006,AC034,AP002,AP016,2023-07-21 10:45:00,2023-07-21 10:53:00,8.0,Late Aircraft,Delayed,293,3954,300,236,396.0,93456,78.66666666666666,Summer
FL01322,2024-06-01,AL001,AC003,AP016,AP018,2024-06-01 17:45:00,2024-06-01 20:12:00,147.0,Late Aircraft,Severely Delayed,452,2134,396,323,351.0,113373,81.56565656565657,Summer
FL01323,2025-05-09,AL010,AC032,AP018,AP001,2025-05-09 17:45:00,2025-05-09 17:47:00,2.0,Security,Delayed,276,2261,396,260,224.0,58240,65.65656565656566,Spring
FL01324,2025-08-06,AL002,AC014,AP006,AP004,2025-08-06 12:30:00,2025-08-06 12:41:00,11.0,Weather,Delayed,480,3395,325,286,494.0,141284,88.0,Summer
FL01325,2025-01-11,AL002,AC020,AP002,AP026,2025-01-11 19:15:00,2025-01-11 19:24:00,9.0,Air Traffic,Delayed,468,4390,396,287,172.0,49364,72.47474747474747,Winter
FL01326,2025-01-17,AL008,AC016,AP009,AP023,2025-01-17 14:00:00,2025-01-17 14:07:00,7.0,Weather,Delayed,202,5755,189,111,72.0,7992,58.730158730158735,Winter
FL01327,2023-02-08,AL007,AC015,AP013,AP014,2023-02-08 12:30:00,2023-02-08 12:37:00,7.0,Late Aircraft,Delayed,70,8140,396,341,126.0,42966,86.11111111111111,Winter
FL01328,2025-12-11,AL001,AC029,AP006,AP014,2025-12-11 14:15:00,2025-12-11 14:21:00,6.0,Technical,Delayed,519,4839,220,174,621.0,108054,79.0909090909091,Winter
FL01329,2025-12-06,AL002,AC029,AP010,AP022,2025-12-06 22:30:00,2025-12-06 22:43:00,13.0,Late Aircraft,Delayed,447,8257,220,164,496.0,81344,74.54545454545455,Winter
FL01330,2024-12-17,AL002,AC013,AP029,AP016,2024-12-17 14:30:00,2024-12-17 14:34:00,4.0,Late Aircraft,Cancelled,599,5315,325,0,498.0,0,0.0,Winter
FL01331,2025-04-07,AL002,AC032,AP006,AP022,2025-04-07 22:00:00,2025-04-07 22:11:00,11.0,Technical,Delayed,60,2576,396,282,247.0,69654,71.21212121212122,Spring
FL01332,2025-03-07,AL003,AC033,AP005,AP011,2025-03-07 09:45:00,2025-03-07 09:46:00,1.0,Security,Delayed,242,7505,220,171,593.0,101403,77.72727272727272,Spring
FL01333,2025-11-13,AL004,AC002,AP026,AP014,2025-11-13 05:00:00,2025-11-13 05:14:00,14.0,Crew,Delayed,706,4957,300,247,458.0,113126,82.33333333333334,Autumn
FL01334,2025-05-21,AL003,AC019,AP016,AP027,2025-05-21 05:45:00,2025-05-21 05:55:00,10.0,Weather,Delayed,291,6160,296,216,359.0,77544,72.97297297297297,Spring
FL01335,2024-02-20,AL008,AC030,AP004,AP018,2024-02-20 06:15:00,2024-02-20 06:19:00,4.0,Crew,Delayed,419,6152,325,202,589.0,118978,62.15384615384615,Winter
FL01336,2025-06-11,AL005,AC011,AP017,AP023,2025-06-11 09:45:00,2025-06-11 12:24:00,159.0,Technical,Severely Delayed,470,5339,300,226,501.0,113226,75.33333333333333,Summer
FL01337,2024-11-12,AL006,AC024,AP009,AP017,2024-11-12 21:15:00,2024-11-12 23:14:00,119.0,Weather,Delayed,161,7500,296,252,479.0,120708,85.13513513513513,Autumn
FL01338,2025-03-06,AL010,AC025,AP019,AP020,2025-03-06 22:15:00,2025-03-06 22:20:00,5.0,Air Traffic,Delayed,339,7806,296,245,612.0,149940,82.77027027027027,Spring
FL01339,2023-12-23,AL007,AC019,AP013,AP001,2023-12-23 20:00:00,2023-12-23 20:05:00,5.0,Technical,Delayed,640,588,296,218,279.0,60822,73.64864864864865,Winter
FL01340,2023-12-28,AL004,AC017,AP005,AP016,2023-12-28 14:00:00,2023-12-28 14:09:00,9.0,Air Traffic,Delayed,618,8171,296,264,399.0,105336,89.1891891891892,Winter
FL01341,2024-08-23,AL004,AC003,AP017,AP007,2024-08-23 19:00:00,2024-08-23 19:13:00,13.0,Security,Delayed,94,580,396,230,443.0,101890,58.08080808080808,Summer
FL01342,2023-08-07,AL008,AC022,AP017,AP014,2023-08-07 07:30:00,2023-08-07 07:30:00,0.0,No Delay,On Time,524,5662,300,281,297.0,83457,93.66666666666669,Summer
FL01343,2023-10-01,AL006,AC035,AP003,AP018,2023-10-01 17:00:00,2023-10-01 17:11:00,11.0,Air Traffic,Delayed,232,7693,189,148,87.0,12876,78.3068783068783,Autumn
FL01344,2024-08-01,AL010,AC022,AP008,AP004,2024-08-01 14:45:00,2024-08-01 14:46:00,1.0,Crew,Delayed,450,560,300,213,201.0,42813,71.0,Summer
FL01345,2024-10-14,AL003,AC017,AP005,AP028,2024-10-14 15:30:00,2024-10-14 15:30:00,0.0,No Delay,On Time,580,6108,296,209,470.0,98230,70.6081081081081,Autumn
FL01346,2024-04-06,AL009,AC021,AP020,AP026,2024-04-06 17:45:00,2024-04-06 18:55:00,70.0,Technical,Delayed,312,1539,325,281,126.0,35406,86.46153846153845,Spring
FL01347,2023-04-09,AL007,AC004,AP001,AP016,2023-04-09 09:00:00,2023-04-09 09:08:00,8.0,Security,Delayed,613,4066,180,131,620.0,81220,72.77777777777777,Spring
FL01348,2024-01-06,AL004,AC034,AP016,AP003,2024-01-06 14:00:00,2024-01-06 14:04:00,4.0,Late Aircraft,Delayed,465,765,300,240,168.0,40320,80.0,Winter
FL01349,2025-10-04,AL008,AC040,AP008,AP011,2025-10-04 07:30:00,2025-10-04 07:32:00,2.0,Late Aircraft,Delayed,139,7277,220,167,225.0,37575,75.9090909090909,Autumn
FL01350,2023-04-24,AL008,AC004,AP002,AP005,2023-04-24 09:00:00,2023-04-24 09:04:00,4.0,Unknown,Delayed,210,7466,180,135,95.0,12825,75.0,Spring
FL01351,2024-10-30,AL002,AC020,AP001,AP023,2024-10-30 06:45:00,2024-10-30 06:57:00,12.0,Crew,Delayed,556,6816,396,334,385.0,128590,84.34343434343434,Autumn
FL01352,2024-02-03,AL001,AC008,AP028,AP006,2024-02-03 15:45:00,2024-02-03 15:58:00,13.0,Security,Delayed,282,855,300,254,426.0,108204,84.66666666666667,Winter
FL01353,2023-10-13,AL004,AC030,AP021,AP024,2023-10-13 20:30:00,2023-10-13 20:42:00,12.0,Weather,Delayed,573,7691,325,229,101.0,23129,70.46153846153847,Autumn
FL01354,2025-02-19,AL001,AC027,AP021,AP023,2025-02-19 17:30:00,2025-02-19 17:59:00,29.0,Security,Delayed,222,6612,325,233,358.0,83414,71.6923076923077,Winter
FL01355,2023-01-12,AL001,AC026,AP024,AP022,2023-01-12 19:30:00,2023-01-12 21:29:00,119.0,Late Aircraft,Delayed,533,854,189,126,304.0,38304,66.66666666666666,Winter
FL01356,2023-08-02,AL002,AC002,AP023,AP012,2023-08-02 14:15:00,2023-08-02 14:16:00,1.0,Security,Delayed,504,1712,300,277,278.0,77006,92.33333333333331,Summer
FL01357,2023-09-19,AL006,AC011,AP021,AP028,2023-09-19 19:45:00,2023-09-19 20:59:00,74.0,Late Aircraft,Delayed,499,1297,300,204,628.0,128112,68.0,Autumn
FL01358,2025-10-27,AL009,AC005,AP009,AP004,2025-10-27 14:30:00,2025-10-27 14:33:00,3.0,Security,Delayed,609,968,325,220,275.0,60500,67.6923076923077,Autumn
FL01359,2023-10-13,AL008,AC030,AP014,AP008,2023-10-13 14:00:00,2023-10-13 14:02:00,2.0,Security,Delayed,325,3075,325,207,310.0,64170,63.69230769230769,Autumn
FL01360,2023-06-09,AL001,AC016,AP015,AP020,2023-06-09 21:45:00,2023-06-09 21:53:00,8.0,Security,Delayed,152,6482,189,126,87.0,10962,66.66666666666666,Summer
FL01361,2025-10-06,AL009,AC002,AP013,AP024,2025-10-06 11:30:00,2025-10-06 11:30:00,0.0,No Delay,On Time,677,3508,300,198,78.0,15444,66.0,Autumn
FL01362,2025-12-08,AL009,AC027,AP019,AP006,2025-12-08 18:00:00,2025-12-08 19:19:00,79.0,Crew,Delayed,222,4653,325,217,565.0,122605,66.76923076923077,Winter
FL01363,2025-07-28,AL009,AC012,AP002,AP010,2025-07-28 21:15:00,2025-07-28 23:40:00,145.0,Technical,Severely Delayed,263,7564,189,159,549.0,87291,84.12698412698413,Summer
FL01364,2023-09-25,AL004,AC013,AP005,AP019,2023-09-25 09:00:00,2023-09-25 09:05:00,5.0,Crew,Delayed,142,3735,325,228,513.0,116964,70.15384615384616,Autumn
FL01365,2023-09-11,AL005,AC039,AP022,AP007,2023-09-11 14:45:00,2023-09-11 14:58:00,13.0,Crew,Delayed,170,1208,300,176,174.0,30624,58.66666666666666,Autumn
FL01366,2025-08-23,AL001,AC001,AP027,AP015,2025-08-23 07:00:00,2025-08-23 07:05:00,5.0,Late Aircraft,Delayed,278,2698,325,222,326.0,72372,68.3076923076923,Summer
FL01367,2025-04-10,AL009,AC001,AP007,AP027,2025-04-10 06:30:00,2025-04-10 07:21:00,51.0,Weather,Delayed,522,5606,325,283,482.0,136406,87.07692307692308,Spring
FL01368,2024-02-27,AL005,AC007,AP016,AP026,2024-02-27 11:45:00,2024-02-27 11:52:00,7.0,Security,Delayed,205,4036,300,285,640.0,182400,95.0,Winter
FL01369,2023-01-24,AL009,AC005,AP019,AP006,2023-01-24 11:45:00,2023-01-24 11:52:00,7.0,Technical,Delayed,468,6107,325,273,556.0,151788,84.0,Winter
FL01370,2024-09-23,AL006,AC010,AP007,AP023,2024-09-23 17:00:00,2024-09-23 17:03:00,3.0,Technical,Delayed,616,8256,396,333,415.0,138195,84.0909090909091,Autumn
FL01371,2025-09-08,AL001,AC032,AP019,AP024,2025-09-08 06:30:00,2025-09-08 06:39:00,9.0,Crew,Delayed,151,5943,396,270,527.0,142290,68.18181818181817,Autumn
FL01372,2023-06-02,AL004,AC038,AP026,AP001,2023-06-02 05:30:00,2023-06-02 05:39:00,9.0,Crew,Delayed,545,3247,189,133,154.0,20482,70.37037037037037,Summer
FL01373,2023-10-25,AL006,AC028,AP014,AP021,2023-10-25 07:45:00,2023-10-25 09:11:00,86.0,Technical,Cancelled,378,3484,296,0,417.0,0,0.0,Autumn
FL01374,2023-12-24,AL004,AC013,AP026,AP017,2023-12-24 13:45:00,2023-12-24 13:58:00,13.0,Air Traffic,Cancelled,424,4714,325,0,645.0,0,0.0,Winter
FL01375,2025-11-27,AL002,AC015,AP021,AP026,2025-11-27 15:45:00,2025-11-27 15:45:00,0.0,No Delay,On Time,489,4036,396,311,161.0,50071,78.53535353535354,Autumn
FL01376,2023-07-29,AL005,AC013,AP013,AP010,2023-07-29 19:00:00,2023-07-29 19:02:00,2.0,Late Aircraft,Delayed,316,859,325,295,560.0,165200,90.76923076923076,Summer
FL01377,2023-05-23,AL002,AC023,AP013,AP005,2023-05-23 06:00:00,2023-05-23 06:13:00,13.0,Crew,Delayed,135,2939,180,162,285.0,46170,90.0,Spring
FL01378,2023-08-07,AL004,AC031,AP002,AP025,2023-08-07 16:00:00,2023-08-07 16:01:00,1.0,Crew,Delayed,539,6667,300,231,590.0,136290,77.0,Summer
FL01379,2024-04-03,AL006,AC033,AP003,AP001,2024-04-03 19:30:00,2024-04-03 19:44:00,14.0,Air Traffic,Delayed,557,6106,220,140,485.0,67900,63.63636363636363,Spring
FL01380,2023-02-05,AL008,AC036,AP019,AP012,2023-02-05 21:30:00,2023-02-06 00:23:00,173.0,Weather,Severely Delayed,339,7175,180,109,233.0,25397,60.55555555555555,Winter
FL01381,2023-02-26,AL003,AC030,AP022,AP028,2023-02-26 21:00:00,2023-02-26 21:03:00,3.0,Security,Delayed,616,8182,325,254,621.0,157734,78.15384615384615,Winter
FL01382,2023-08-18,AL010,AC011,AP024,AP015,2023-08-18 21:30:00,2023-08-18 21:33:00,3.0,Crew,Delayed,180,7813,300,231,181.0,41811,77.0,Summer
FL01383,2024-08-26,AL009,AC019,AP014,AP024,2024-08-26 08:15:00,2024-08-26 08:26:00,11.0,Crew,Delayed,207,4264,296,216,636.0,137376,72.97297297297297,Summer
FL01384,2025-02-11,AL006,AC015,AP020,AP004,2025-02-11 21:30:00,2025-02-11 21:37:00,7.0,Weather,Delayed,316,686,396,264,325.0,85800,66.66666666666666,Winter
FL01385,2025-04-16,AL003,AC016,AP026,AP025,2025-04-16 10:00:00,2025-04-16 10:04:00,4.0,Weather,Delayed,558,6719,189,155,549.0,85095,82.01058201058201,Spring
FL01386,2024-06-18,AL008,AC032,AP023,AP017,2024-06-18 10:00:00,2024-06-18 11:30:00,90.0,Technical,Delayed,709,792,396,311,96.0,29856,78.53535353535354,Summer
FL01387,2024-05-29,AL003,AC027,AP010,AP018,2024-05-29 13:30:00,2024-05-29 16:29:00,179.0,Security,Severely Delayed,445,3704,325,278,481.0,133718,85.53846153846155,Spring
FL01388,2025-01-04,AL003,AC003,AP023,AP001,2025-01-04 12:30:00,2025-01-04 12:33:00,3.0,Air Traffic,Delayed,318,4324,396,252,253.0,63756,63.63636363636363,Winter
FL01389,2025-08-26,AL001,AC030,AP011,AP027,2025-08-26 05:45:00,2025-08-26 05:57:00,12.0,Technical,Delayed,336,5933,325,241,326.0,78566,74.15384615384616,Summer
FL01390,2023-11-26,AL004,AC024,AP002,AP008,2023-11-26 18:30:00,2023-11-26 19:50:00,80.0,Late Aircraft,Delayed,165,4975,296,224,468.0,104832,75.67567567567568,Autumn
FL01391,2023-06-07,AL003,AC002,AP011,AP019,2023-06-07 11:30:00,2023-06-07 14:22:00,172.0,Late Aircraft,Severely Delayed,545,5211,300,246,342.0,84132,82.0,Summer
FL01392,2025-05-27,AL002,AC038,AP015,AP002,2025-05-27 14:00:00,2025-05-27 14:09:00,9.0,Weather,Delayed,227,6124,189,77,225.0,17325,40.74074074074074,Spring
FL01393,2025-01-26,AL003,AC033,AP030,AP026,2025-01-26 19:45:00,2025-01-26 22:18:00,153.0,Weather,Severely Delayed,306,1165,220,206,125.0,25750,93.63636363636364,Winter
FL01394,2023-05-07,AL008,AC027,AP005,AP003,2023-05-07 06:15:00,2023-05-07 06:30:00,15.0,Late Aircraft,Delayed,429,5095,325,211,236.0,49796,64.92307692307693,Spring
FL01395,2023-02-19,AL008,AC039,AP020,AP027,2023-02-19 14:00:00,2023-02-19 16:45:00,165.0,Security,Severely Delayed,152,1153,300,185,92.0,17020,61.66666666666667,Winter
FL01396,2024-03-29,AL010,AC002,AP019,AP025,2024-03-29 10:30:00,2024-03-29 11:41:00,71.0,Crew,Delayed,707,7738,300,180,222.0,39960,60.0,Spring
FL01397,2025-07-22,AL009,AC014,AP010,AP007,2025-07-22 09:45:00,2025-07-22 09:46:00,1.0,Air Traffic,Delayed,112,2272,325,295,362.0,160480,90.76923076923076,Summer
FL01398,2024-02-20,AL003,AC035,AP011,AP008,2024-02-20 10:30:00,2024-02-20 10:38:00,8.0,Weather,Delayed,200,5067,189,161,245.0,39445,85.18518518518519,Winter
FL01399,2023-01-20,AL006,AC025,AP006,AP005,2023-01-20 05:00:00,2023-01-20 05:01:00,1.0,Late Aircraft,Cancelled,562,2534,296,0,302.0,0,0.0,Winter
FL01400,2024-09-15,AL007,AC008,AP028,AP026,2024-09-15 22:15:00,2024-09-15 22:29:00,14.0,Late Aircraft,Delayed,473,1857,300,227,142.0,32234,75.66666666666667,Autumn
FL01401,2024-12-16,AL006,AC040,AP006,AP003,2024-12-16 11:30:00,2024-12-16 11:34:00,4.0,Air Traffic,Delayed,635,3193,220,134,389.0,52126,60.909090909090914,Winter
FL01402,2025-01-09,AL007,AC023,AP003,AP027,2025-01-09 16:45:00,2025-01-09 16:58:00,13.0,Weather,Delayed,204,6810,180,132,400.0,52800,73.33333333333333,Winter
FL01403,2024-08-29,AL002,AC026,AP001,AP019,2024-08-29 16:30:00,2024-08-29 16:31:00,1.0,Weather,Delayed,258,6657,189,160,118.0,18880,84.65608465608466,Summer
FL01404,2024-01-22,AL009,AC028,AP028,AP012,2024-01-22 15:30:00,2024-01-22 16:00:00,30.0,Late Aircraft,Delayed,202,4142,296,205,369.0,75645,69.25675675675676,Winter
FL01405,2025-09-06,AL009,AC007,AP016,AP025,2025-09-06 20:15:00,2025-09-06 20:18:00,3.0,Security,Delayed,605,4738,300,224,120.0,26880,74.66666666666667,Autumn
FL01406,2025-08-20,AL010,AC023,AP001,AP006,2025-08-20 05:15:00,2025-08-20 07:48:00,153.0,Weather,Severely Delayed,109,5218,180,114,253.0,28842,63.33333333333333,Summer
FL01407,2025-01-23,AL010,AC007,AP012,AP004,2025-01-23 07:45:00,2025-01-23 07:54:00,9.0,Unknown,Delayed,652,4903,300,214,152.0,32528,71.33333333333334,Winter
FL01408,2023-12-16,AL006,AC036,AP023,AP001,2023-12-16 09:45:00,2023-12-16 09:55:00,10.0,Crew,Delayed,308,2390,180,166,226.0,37516,92.22222222222224,Winter
FL01409,2024-04-01,AL002,AC004,AP008,AP016,2024-04-01 07:45:00,2024-04-01 07:54:00,9.0,Security,Delayed,494,1771,180,139,582.0,80898,77.22222222222223,Spring
FL01410,2025-08-21,AL009,AC029,AP029,AP024,2025-08-21 13:15:00,2025-08-21 13:28:00,13.0,Crew,Delayed,332,539,220,150,110.0,16500,68.18181818181817,Summer
FL01411,2025-10-19,AL005,AC021,AP024,AP011,2025-10-19 22:15:00,2025-10-19 22:20:00,5.0,Air Traffic,Delayed,543,3622,325,150,425.0,63750,46.15384615384615,Autumn
FL01412,2024-12-22,AL009,AC019,AP016,AP024,2024-12-22 17:30:00,2024-12-22 17:43:00,13.0,Air Traffic,Delayed,290,7512,296,258,81.0,20898,87.16216216216216,Winter
FL01413,2023-07-07,AL008,AC005,AP016,AP021,2023-07-07 21:45:00,2023-07-07 23:02:00,77.0,Air Traffic,Delayed,564,6056,325,284,228.0,64752,87.38461538461539,Summer
FL01414,2023-12-05,AL006,AC010,AP002,AP003,2023-12-05 20:00:00,2023-12-05 21:55:00,115.0,Late Aircraft,Delayed,65,7567,396,218,362.0,28994,55.05050505050505,Winter
FL01415,2025-06-11,AL002,AC004,AP019,AP029,2025-06-11 05:00:00,2025-06-11 05:04:00,4.0,Air Traffic,Delayed,267,2558,180,144,626.0,90144,80.0,Summer
FL01416,2023-02-17,AL008,AC011,AP029,AP020,2023-02-17 08:30:00,2023-02-17 08:35:00,5.0,Late Aircraft,Delayed,523,1211,300,240,258.0,61920,80.0,Winter
FL01417,2023-12-28,AL008,AC028,AP011,AP014,2023-12-28 06:15:00,2023-12-28 06:15:00,0.0,No Delay,On Time,295,5407,296,261,477.0,124497,88.17567567567568,Winter
FL01418,2023-12-14,AL009,AC026,AP014,AP013,2023-12-14 09:00:00,2023-12-14 09:11:00,11.0,Late Aircraft,Delayed,148,6921,189,150,250.0,37500,79.36507936507937,Winter
FL01419,2023-10-04,AL009,AC027,AP006,AP013,2023-10-04 19:15:00,2023-10-04 19:26:00,11.0,Weather,Delayed,416,2746,325,321,570.0,182970,98.76923076923076,Autumn
FL01420,2023-10-22,AL006,AC024,AP001,AP030,2023-10-22 13:45:00,2023-10-22 13:57:00,12.0,Security,Delayed,352,6401,296,201,303.0,60903,67.9054054054054,Autumn
FL01421,2023-04-08,AL008,AC018,AP009,AP028,2023-04-08 18:45:00,2023-04-08 18:45:00,0.0,No Delay,On Time,242,3376,189,130,622.0,80860,68.78306878306879,Spring
FL01422,2024-11-09,AL007,AC039,AP008,AP001,2024-11-09 05:00:00,2024-11-09 05:00:00,0.0,No Delay,On Time,416,4067,300,274,495.0,135630,91.33333333333331,Autumn
FL01423,2025-07-29,AL003,AC023,AP024,AP028,2025-07-29 06:45:00,2025-07-29 06:52:00,7.0,Crew,Delayed,645,7084,180,140,622.0,87080,77.77777777777779,Summer
FL01424,2023-01-08,AL009,AC025,AP020,AP025,2023-01-08 14:30:00,2023-01-08 14:38:00,8.0,Weather,Delayed,398,2456,296,169,646.0,109174,57.0945945945946,Winter
FL01425,2023-07-30,AL005,AC009,AP017,AP022,2023-07-30 10:45:00,2023-07-30 12:51:00,126.0,Security,Severely Delayed,349,3243,296,222,75.0,16650,75.0,Summer
FL01426,2023-04-13,AL007,AC025,AP013,AP001,2023-04-13 22:30:00,2023-04-13 22:35:00,5.0,Security,Delayed,301,6522,296,246,187.0,46002,83.1081081081081,Spring
FL01427,2024-09-22,AL002,AC029,AP023,AP005,2024-09-22 08:00:00,2024-09-22 08:03:00,3.0,Late Aircraft,Delayed,255,7319,220,118,352.0,41536,53.63636363636364,Autumn
FL01428,2024-05-06,AL002,AC031,AP009,AP004,2024-05-06 11:30:00,2024-05-06 11:42:00,12.0,Crew,Delayed,149,1532,300,210,387.0,81270,70.0,Spring
FL01429,2023-02-07,AL007,AC018,AP005,AP013,2023-02-07 08:00:00,2023-02-07 08:00:00,0.0,No Delay,On Time,529,7564,189,169,127.0,21463,89.41798941798942,Winter
FL01430,2025-02-07,AL003,AC017,AP005,AP015,2025-02-07 05:30:00,2025-02-07 05:37:00,7.0,Security,Delayed,337,5329,296,256,598.0,153088,86.48648648648648,Winter
FL01431,2023-06-27,AL009,AC029,AP027,AP030,2023-06-27 07:45:00,2023-06-27 07:45:00,0.0,No Delay,On Time,415,3614,220,171,228.0,38988,77.72727272727272,Summer
FL01432,2025-01-24,AL001,AC030,AP016,AP004,2025-01-24 22:00:00,2025-01-24 22:04:00,4.0,Late Aircraft,Delayed,326,1012,325,266,87.0,23142,81.84615384615384,Winter
FL01433,2025-11-19,AL003,AC018,AP026,AP029,2025-11-19 12:45:00,2025-11-19 13:20:00,35.0,Late Aircraft,Delayed,576,6655,189,134,626.0,83884,70.8994708994709,Autumn
FL01434,2024-06-22,AL007,AC032,AP012,AP017,2024-06-22 12:00:00,2024-06-22 12:15:00,15.0,Late Aircraft,Delayed,167,7095,396,213,585.0,124605,53.78787878787878,Summer
FL01435,2024-02-11,AL009,AC009,AP018,AP015,2024-02-11 16:00:00,2024-02-11 17:43:00,103.0,Air Traffic,Delayed,638,3316,296,265,327.0,86655,89.52702702702703,Winter
FL01436,2024-11-18,AL003,AC001,AP023,AP002,2024-11-18 21:00:00,2024-11-18 21:18:00,18.0,Security,Delayed,184,1115,325,276,625.0,172500,84.92307692307692,Autumn
FL01437,2024-12-02,AL003,AC019,AP014,AP021,2024-12-02 17:15:00,2024-12-02 19:40:00,145.0,Late Aircraft,Severely Delayed,694,2877,296,248,80.0,19840,83.78378378378379,Winter
FL01438,2025-06-10,AL009,AC013,AP020,AP022,2025-06-10 19:00:00,2025-06-10 19:10:00,10.0,Security,Delayed,403,1918,325,239,203.0,48517,73.53846153846155,Summer
FL01439,2023-07-12,AL005,AC001,AP025,AP028,2023-07-12 13:30:00,2023-07-12 13:42:00,12.0,Crew,Delayed,201,6429,325,268,279.0,74772,82.46153846153847,Summer
FL01440,2024-02-14,AL010,AC004,AP005,AP019,2024-02-14 08:30:00,2024-02-14 08:39:00,9.0,Weather,Delayed,717,2459,180,102,112.0,11424,56.66666666666666,Winter
FL01441,2024-03-06,AL008,AC001,AP005,AP030,2024-03-06 14:00:00,2024-03-06 15:38:00,98.0,Late Aircraft,Delayed,251,5173,325,230,520.0,119600,70.76923076923077,Spring
FL01442,2024-05-15,AL001,AC023,AP016,AP030,2024-05-15 11:30:00,2024-05-15 11:32:00,2.0,Air Traffic,Cancelled,236,1429,180,0,159.0,0,0.0,Spring
FL01443,2025-07-04,AL002,AC031,AP029,AP012,2025-07-04 13:30:00,2025-07-04 14:20:00,50.0,Security,Delayed,428,3080,300,252,123.0,30996,84.0,Summer
FL01444,2023-03-15,AL008,AC011,AP029,AP021,2023-03-15 21:15:00,2023-03-15 23:38:00,143.0,Air Traffic,Severely Delayed,57,5424,300,233,342.0,79686,77.66666666666666,Spring
FL01445,2023-06-19,AL007,AC036,AP020,AP013,2023-06-19 06:45:00,2023-06-19 06:50:00,5.0,Crew,Delayed,465,3912,180,150,503.0,75450,83.33333333333334,Summer
FL01446,2023-06-05,AL008,AC026,AP002,AP009,2023-06-05 12:00:00,2023-06-05 14:16:00,136.0,Crew,Severely Delayed,51,5640,189,156,422.0,65832,82.53968253968253,Summer
FL01447,2023-07-03,AL005,AC022,AP013,AP018,2023-07-03 22:00:00,2023-07-04 00:06:00,126.0,Security,Severely Delayed,135,4746,300,187,285.0,53295,62.33333333333333,Summer
FL01448,2025-02-03,AL005,AC002,AP022,AP021,2025-02-03 13:30:00,2025-02-03 13:34:00,4.0,Technical,Delayed,403,573,300,178,621.0,110538,59.333333333333336,Winter
FL01449,2023-01-18,AL003,AC031,AP020,AP013,2023-01-18 06:15:00,2023-01-18 08:58:00,163.0,Weather,Severely Delayed,275,1486,300,287,545.0,156415,95.66666666666669,Winter
FL01450,2023-03-24,AL009,AC026,AP003,AP025,2023-03-24 12:15:00,2023-03-24 13:13:00,58.0,Technical,Delayed,297,5838,189,173,111.0,19203,91.53439153439152,Spring
FL01451,2025-07-17,AL006,AC032,AP005,AP006,2025-07-17 12:45:00,2025-07-17 12:49:00,4.0,Technical,Delayed,316,7358,396,297,190.0,56430,75.0,Summer
FL01452,2023-03-02,AL007,AC034,AP004,AP023,2023-03-02 13:45:00,2023-03-02 16:11:00,146.0,Air Traffic,Severely Delayed,625,8162,300,215,556.0,119540,71.66666666666667,Spring
FL01453,2024-07-29,AL009,AC003,AP002,AP019,2024-07-29 12:00:00,2024-07-29 12:13:00,13.0,Weather,Delayed,409,1369,396,308,149.0,45892,77.77777777777779,Summer
FL01454,2024-07-18,AL006,AC018,AP020,AP019,2024-07-18 05:45:00,2024-07-18 05:46:00,1.0,Security,Delayed,579,4513,189,129,375.0,48375,68.25396825396825,Summer
FL01455,2023-03-11,AL010,AC001,AP010,AP001,2023-03-11 11:00:00,2023-03-11 11:14:00,14.0,Weather,Delayed,456,3903,325,316,543.0,171588,97.23076923076924,Spring
FL01456,2023-03-18,AL008,AC031,AP001,AP022,2023-03-18 18:15:00,2023-03-18 18:27:00,12.0,Late Aircraft,Delayed,99,749,300,225,646.0,145350,75.0,Spring
FL01457,2024-01-24,AL002,AC020,AP030,AP015,2024-01-24 08:45:00,2024-01-24 09:10:00,25.0,Air Traffic,Delayed,168,4021,396,272,581.0,158032,68.68686868686868,Winter
FL01458,2025-11-06,AL004,AC021,AP028,AP015,2025-11-06 17:00:00,2025-11-06 17:11:00,11.0,Security,Delayed,564,5666,325,218,203.0,44254,67.07692307692308,Autumn
FL01459,2024-07-14,AL010,AC029,AP012,AP023,2024-07-14 09:15:00,2024-07-14 09:15:00,0.0,No Delay,On Time,518,2086,220,165,280.0,46200,75.0,Summer
FL01460,2024-02-26,AL001,AC001,AP003,AP022,2024-02-26 10:45:00,2024-02-26 13:17:00,152.0,Security,Severely Delayed,201,1992,325,302,517.0,156134,92.92307692307692,Winter
FL01461,2023-11-05,AL003,AC031,AP015,AP019,2023-11-05 11:15:00,2023-11-05 11:28:00,13.0,Air Traffic,Delayed,134,3398,300,217,369.0,80073,72.33333333333334,Autumn
FL01462,2024-02-15,AL008,AC006,AP010,AP023,2024-02-15 15:00:00,2024-02-15 15:03:00,3.0,Late Aircraft,Delayed,385,2597,300,224,517.0,115808,74.66666666666667,Winter
FL01463,2024-03-09,AL009,AC020,AP024,AP008,2024-03-09 16:00:00,2024-03-09 16:05:00,5.0,Crew,Delayed,629,5500,396,392,123.0,48216,98.989898989899,Spring
FL01464,2024-08-22,AL006,AC013,AP027,AP014,2024-08-22 15:15:00,2024-08-22 15:19:00,4.0,Air Traffic,Delayed,674,7437,325,210,361.0,75810,64.61538461538461,Summer
FL01465,2025-01-10,AL003,AC039,AP015,AP012,2025-01-10 18:45:00,2025-01-10 21:31:00,166.0,Crew,Severely Delayed,247,3049,300,297,271.0,80487,99.0,Winter
FL01466,2025-09-05,AL002,AC037,AP015,AP023,2025-09-05 13:15:00,2025-09-05 13:20:00,5.0,Technical,Delayed,292,3696,220,166,574.0,95284,75.45454545454545,Autumn
FL01467,2024-02-04,AL005,AC013,AP001,AP008,2024-02-04 21:30:00,2024-02-04 21:30:00,0.0,No Delay,On Time,572,7523,325,287,333.0,95571,88.3076923076923,Winter
FL01468,2023-02-07,AL006,AC008,AP014,AP015,2023-02-07 14:00:00,2023-02-07 14:15:00,15.0,Air Traffic,Delayed,346,6698,300,297,201.0,59697,99.0,Winter
FL01469,2024-12-27,AL005,AC009,AP002,AP006,2024-12-27 12:45:00,2024-12-27 12:57:00,12.0,Late Aircraft,Delayed,657,2959,296,246,467.0,114882,83.1081081081081,Winter
FL01470,2024-04-26,AL003,AC029,AP025,AP029,2024-04-26 12:30:00,2024-04-26 12:38:00,8.0,Security,Delayed,135,4078,220,147,123.0,18081,66.81818181818183,Spring
FL01471,2025-11-03,AL009,AC017,AP014,AP015,2025-11-03 16:00:00,2025-11-03 16:05:00,5.0,Security,Delayed,178,3081,296,293,416.0,121888,98.98648648648648,Autumn
FL01472,2024-05-30,AL002,AC033,AP029,AP027,2024-05-30 19:15:00,2024-05-30 19:20:00,5.0,Crew,Delayed,437,1231,220,199,175.0,34825,90.45454545454544,Spring
FL01473,2023-02-11,AL008,AC029,AP021,AP010,2023-02-11 07:00:00,2023-02-11 07:10:00,10.0,Weather,Delayed,83,4414,220,89,460.0,40940,40.45454545454545,Winter
FL01474,2023-10-01,AL003,AC025,AP028,AP007,2023-10-01 14:45:00,2023-10-01 14:56:00,11.0,Security,Delayed,611,3318,296,280,485.0,135800,94.5945945945946,Autumn
FL01475,2023-01-11,AL009,AC019,AP025,AP017,2023-01-11 14:30:00,2023-01-11 16:50:00,140.0,Security,Severely Delayed,625,386,296,187,139.0,25993,63.17567567567568,Winter
FL01476,2025-12-14,AL010,AC001,AP027,AP019,2025-12-14 10:30:00,2025-12-14 10:43:00,13.0,Crew,Delayed,495,6208,325,258,643.0,165894,79.38461538461539,Winter
FL01477,2024-02-05,AL001,AC003,AP022,AP021,2024-02-05 17:45:00,2024-02-05 20:41:00,176.0,Security,Severely Delayed,84,3534,396,306,160.0,48960,77.27272727272727,Winter
FL01478,2025-02-20,AL006,AC010,AP011,AP027,2025-02-20 06:30:00,2025-02-20 06:33:00,3.0,Air Traffic,Delayed,163,6749,396,282,258.0,72756,71.21212121212122,Winter
FL01479,2024-04-09,AL008,AC019,AP005,AP007,2024-04-09 09:45:00,2024-04-09 09:59:00,14.0,Air Traffic,Delayed,659,1636,296,232,648.0,150336,78.37837837837837,Spring
FL01480,2023-11-22,AL009,AC029,AP019,AP014,2023-11-22 18:00:00,2023-11-22 18:32:00,32.0,Security,Delayed,106,6101,220,148,599.0,88652,67.27272727272727,Autumn
FL01481,2024-09-27,AL005,AC007,AP019,AP005,2024-09-27 11:45:00,2024-09-27 11:46:00,1.0,Security,Delayed,83,386,300,255,531.0,135405,85.0,Autumn
FL01482,2025-04-12,AL010,AC006,AP007,AP008,2025-04-12 09:00:00,2025-04-12 09:01:00,1.0,Late Aircraft,Delayed,123,4812,300,251,448.0,112448,83.66666666666667,Spring
FL01483,2025-01-25,AL004,AC021,AP029,AP017,2025-01-25 10:15:00,2025-01-25 10:22:00,7.0,Crew,Delayed,179,1556,325,204,301.0,61404,62.76923076923077,Winter
FL01484,2024-04-28,AL004,AC025,AP012,AP030,2024-04-28 20:00:00,2024-04-28 21:57:00,117.0,Late Aircraft,Delayed,546,1067,296,281,282.0,79242,94.93243243243244,Spring
FL01485,2023-08-23,AL007,AC016,AP022,AP001,2023-08-23 15:30:00,2023-08-23 15:50:00,20.0,Weather,Delayed,306,6976,189,123,384.0,47232,65.07936507936508,Summer
FL01486,2024-05-22,AL008,AC022,AP020,AP022,2024-05-22 09:15:00,2024-05-22 12:06:00,171.0,Crew,Severely Delayed,638,7814,300,237,485.0,114945,79.0,Spring
FL01487,2024-03-20,AL007,AC018,AP018,AP014,2024-03-20 13:00:00,2024-03-20 14:29:00,89.0,Late Aircraft,Cancelled,278,522,189,0,336.0,0,0.0,Spring
FL01488,2023-04-11,AL005,AC016,AP009,AP024,2023-04-11 12:15:00,2023-04-11 13:38:00,83.0,Security,Delayed,434,6049,189,170,112.0,19040,89.94708994708994,Spring
FL01489,2024-07-09,AL004,AC039,AP017,AP018,2024-07-09 20:30:00,2024-07-09 20:35:00,5.0,Unknown,Delayed,208,2550,300,196,488.0,95648,65.33333333333333,Summer
FL01490,2025-07-15,AL007,AC003,AP008,AP013,2025-07-15 05:30:00,2025-07-15 05:40:00,10.0,Unknown,Delayed,91,3785,396,262,380.0,99560,66.16161616161617,Summer
FL01491,2025-05-08,AL006,AC019,AP023,AP009,2025-05-08 20:15:00,2025-05-08 20:29:00,14.0,Air Traffic,Delayed,264,6406,296,259,326.0,84434,87.5,Spring
FL01492,2024-10-01,AL008,AC010,AP018,AP002,2024-10-01 05:15:00,2024-10-01 05:25:00,10.0,Air Traffic,Delayed,473,5537,396,253,255.0,64515,63.888888888888886,Autumn
FL01493,2024-05-03,AL001,AC008,AP001,AP020,2024-05-03 10:15:00,2024-05-03 10:27:00,12.0,Crew,Delayed,154,3202,300,277,630.0,174510,92.33333333333331,Spring
FL01494,2023-02-22,AL004,AC025,AP013,AP021,2023-02-22 07:15:00,2023-02-22 08:01:00,46.0,Late Aircraft,Delayed,414,3301,296,253,328.0,82984,85.47297297297297,Winter
FL01495,2024-08-08,AL009,AC026,AP013,AP025,2024-08-08 08:15:00,2024-08-08 08:24:00,9.0,Air Traffic,Cancelled,381,8003,189,0,373.0,0,0.0,Summer
FL01496,2024-03-28,AL003,AC036,AP007,AP029,2024-03-28 22:45:00,2024-03-28 22:55:00,10.0,Air Traffic,Delayed,126,2099,180,176,541.0,95216,97.77777777777776,Spring
FL01497,2025-12-08,AL009,AC030,AP003,AP014,2025-12-08 16:15:00,2025-12-08 16:15:00,0.0,No Delay,On Time,183,2586,325,274,588.0,161112,84.3076923076923,Winter
FL01498,2024-09-04,AL005,AC026,AP030,AP005,2024-09-04 09:00:00,2024-09-04 09:06:00,6.0,Air Traffic,Delayed,652,7828,189,101,394.0,39794,53.43915343915344,Autumn
FL01499,2024-08-31,AL004,AC028,AP019,AP016,2024-08-31 16:30:00,2024-08-31 16:44:00,14.0,Crew,Delayed,289,6866,296,241,515.0,124115,81.41891891891892,Summer
FL01500,2024-07-09,AL001,AC012,AP018,AP004,2024-07-09 05:15:00,2024-07-09 06:42:00,87.0,Air Traffic,Delayed,580,4193,189,148,585.0,86580,78.3068783068783,Summer
FL01501,2025-01-08,AL004,AC005,AP001,AP017,2025-01-08 05:15:00,2025-01-08 05:16:00,1.0,Security,Delayed,436,4857,325,237,307.0,72759,72.92307692307692,Winter
FL01502,2025-05-15,AL005,AC013,AP020,AP002,2025-05-15 12:00:00,2025-05-15 12:09:00,9.0,Air Traffic,Delayed,632,3833,325,258,306.0,78948,79.38461538461539,Spring
FL01503,2023-05-28,AL006,AC011,AP023,AP018,2023-05-28 12:30:00,2023-05-28 12:41:00,11.0,Late Aircraft,Delayed,575,6467,300,223,73.0,16279,74.33333333333333,Spring
FL01504,2024-05-28,AL006,AC040,AP027,AP024,2024-05-28 10:15:00,2024-05-28 12:04:00,109.0,Security,Delayed,81,7519,220,163,641.0,104483,74.0909090909091,Spring
FL01505,2023-06-01,AL003,AC002,AP004,AP001,2023-06-01 19:45:00,2023-06-01 20:55:00,70.0,Air Traffic,Delayed,306,7847,300,230,386.0,88780,76.66666666666667,Summer
FL01506,2025-02-11,AL009,AC034,AP025,AP003,2025-02-11 09:45:00,2025-02-11 09:46:00,1.0,Crew,Delayed,100,2517,300,260,346.0,89960,86.66666666666667,Winter
FL01507,2025-05-08,AL010,AC035,AP008,AP014,2025-05-08 12:30:00,2025-05-08 12:30:00,0.0,No Delay,On Time,484,4273,189,122,461.0,56242,64.55026455026454,Spring
FL01508,2024-04-06,AL007,AC001,AP009,AP018,2024-04-06 06:45:00,2024-04-06 06:55:00,10.0,Crew,Delayed,236,3691,325,195,238.0,46410,60.0,Spring
FL01509,2023-04-02,AL007,AC023,AP005,AP017,2023-04-02 17:45:00,2023-04-02 17:53:00,8.0,Crew,Delayed,236,1776,180,147,101.0,14847,81.66666666666667,Spring
FL01510,2023-07-07,AL008,AC009,AP005,AP027,2023-07-07 22:00:00,2023-07-07 22:02:00,2.0,Weather,Delayed,580,3205,296,233,611.0,142363,78.71621621621621,Summer
FL01511,2025-09-05,AL002,AC032,AP020,AP007,2025-09-05 10:30:00,2025-09-05 10:30:00,0.0,No Delay,On Time,93,1798,396,273,387.0,105651,68.93939393939394,Autumn
FL01512,2024-02-01,AL004,AC016,AP009,AP020,2024-02-01 22:00:00,2024-02-01 22:09:00,9.0,Weather,Delayed,545,6340,189,121,545.0,65945,64.02116402116403,Winter
FL01513,2024-08-27,AL009,AC026,AP020,AP015,2024-08-27 08:45:00,2024-08-27 08:52:00,7.0,Crew,Delayed,165,1515,189,138,349.0,48162,73.01587301587301,Summer
FL01514,2023-06-23,AL002,AC028,AP018,AP025,2023-06-23 19:00:00,2023-06-23 19:15:00,15.0,Weather,Delayed,256,1647,296,196,203.0,39788,66.21621621621621,Summer
FL01515,2024-12-23,AL007,AC018,AP008,AP029,2024-12-23 08:15:00,2024-12-23 10:54:00,159.0,Air Traffic,Severely Delayed,74,7404,189,139,309.0,42951,73.54497354497354,Winter
FL01516,2024-11-26,AL007,AC003,AP012,AP017,2024-11-26 12:30:00,2024-11-26 15:28:00,178.0,Technical,Severely Delayed,126,5947,396,285,586.0,167010,71.96969696969697,Autumn
FL01517,2024-08-15,AL005,AC033,AP007,AP021,2024-08-15 05:15:00,2024-08-15 05:20:00,5.0,Security,Delayed,520,1762,220,155,291.0,45105,70.45454545454545,Summer
FL01518,2025-05-27,AL002,AC008,AP015,AP018,2025-05-27 12:00:00,2025-05-27 15:00:00,180.0,Crew,Severely Delayed,276,3393,300,214,99.0,21186,71.33333333333334,Spring
FL01519,2025-01-25,AL006,AC002,AP012,AP021,2025-01-25 18:00:00,2025-01-25 18:08:00,8.0,Weather,Delayed,199,4720,300,277,439.0,121603,92.33333333333331,Winter
FL01520,2024-04-06,AL010,AC036,AP002,AP024,2024-04-06 19:45:00,2024-04-06 19:47:00,2.0,Technical,Delayed,96,909,180,152,203.0,30856,84.44444444444444,Spring
FL01521,2023-10-20,AL001,AC005,AP012,AP017,2023-10-20 20:45:00,2023-10-20 22:47:00,122.0,Crew,Severely Delayed,616,5712,325,258,583.0,150414,79.38461538461539,Autumn
FL01522,2023-01-31,AL009,AC007,AP009,AP025,2023-01-31 21:30:00,2023-01-31 22:07:00,37.0,Technical,Delayed,168,1973,300,197,376.0,74072,65.66666666666666,Winter
FL01523,2025-10-26,AL006,AC010,AP026,AP013,2025-10-26 06:45:00,2025-10-26 06:56:00,11.0,Crew,Delayed,467,4924,396,292,223.0,65116,73.73737373737373,Autumn
FL01524,2023-05-01,AL007,AC028,AP019,AP013,2023-05-01 21:30:00,2023-05-01 21:38:00,8.0,Crew,Delayed,612,6972,296,188,214.0,40232,63.51351351351351,Spring
FL01525,2023-12-13,AL004,AC021,AP029,AP003,2023-12-13 19:45:00,2023-12-13 20:43:00,58.0,Security,Delayed,140,8183,325,258,235.0,60630,79.38461538461539,Winter
FL01526,2023-01-15,AL001,AC005,AP012,AP014,2023-01-15 12:15:00,2023-01-15 12:27:00,12.0,Security,Delayed,676,3833,325,236,341.0,80476,72.61538461538461,Winter
FL01527,2025-08-28,AL004,AC037,AP011,AP005,2025-08-28 16:45:00,2025-08-28 16:49:00,4.0,Air Traffic,Delayed,497,7574,220,186,144.0,26784,84.54545454545455,Summer
FL01528,2025-05-07,AL001,AC035,AP021,AP026,2025-05-07 10:45:00,2025-05-07 10:49:00,4.0,Crew,Delayed,270,1392,189,163,455.0,74165,86.24338624338624,Spring
FL01529,2024-11-08,AL003,AC035,AP020,AP022,2024-11-08 19:45:00,2024-11-08 19:58:00,13.0,Security,Delayed,649,7661,189,137,79.0,10823,72.4867724867725,Autumn
FL01530,2025-09-10,AL006,AC036,AP025,AP003,2025-09-10 20:00:00,2025-09-10 20:11:00,11.0,Late Aircraft,Delayed,661,2248,180,121,643.0,77803,67.22222222222223,Autumn
FL01531,2023-05-11,AL008,AC039,AP013,AP029,2023-05-11 08:15:00,2023-05-11 08:22:00,7.0,Late Aircraft,Delayed,155,738,300,158,398.0,62884,52.66666666666666,Spring
FL01532,2024-06-13,AL005,AC006,AP021,AP005,2024-06-13 15:30:00,2024-06-13 15:44:00,14.0,Weather,Delayed,237,7850,300,170,260.0,44200,56.66666666666666,Summer
FL01533,2024-10-05,AL008,AC021,AP017,AP027,2024-10-05 13:15:00,2024-10-05 14:39:00,84.0,Security,Delayed,625,5850,325,308,294.0,90552,94.76923076923076,Autumn
FL01534,2024-06-13,AL006,AC035,AP020,AP002,2024-06-13 05:15:00,2024-06-13 05:30:00,15.0,Late Aircraft,Delayed,619,1707,189,158,458.0,72364,83.5978835978836,Summer
FL01535,2024-12-19,AL002,AC025,AP021,AP027,2024-12-19 11:00:00,2024-12-19 12:35:00,95.0,Air Traffic,Delayed,115,3104,296,190,625.0,118750,64.1891891891892,Winter
FL01536,2023-03-08,AL001,AC022,AP018,AP001,2023-03-08 08:45:00,2023-03-08 08:52:00,7.0,Technical,Delayed,589,6877,300,248,196.0,48608,82.66666666666667,Spring
FL01537,2024-02-03,AL001,AC027,AP008,AP003,2024-02-03 20:15:00,2024-02-03 20:22:00,7.0,Crew,Delayed,517,6804,325,225,536.0,120600,69.23076923076923,Winter
FL01538,2025-11-26,AL004,AC029,AP029,AP015,2025-11-26 09:30:00,2025-11-26 09:38:00,8.0,Late Aircraft,Delayed,314,6435,220,172,470.0,80840,78.18181818181819,Autumn
FL01539,2023-07-17,AL010,AC031,AP001,AP028,2023-07-17 14:30:00,2023-07-17 14:34:00,4.0,Late Aircraft,Delayed,543,5109,300,225,146.0,32850,75.0,Summer
FL01540,2024-02-27,AL008,AC017,AP004,AP008,2024-02-27 21:00:00,2024-02-27 23:23:00,143.0,Crew,Severely Delayed,641,6914,296,231,323.0,74613,78.04054054054053,Winter
FL01541,2025-06-22,AL004,AC010,AP004,AP022,2025-06-22 17:45:00,2025-06-22 17:53:00,8.0,Crew,Delayed,437,962,396,331,396.0,131076,83.58585858585859,Summer
FL01542,2024-05-05,AL003,AC020,AP022,AP023,2024-05-05 16:45:00,2024-05-05 16:47:00,2.0,Technical,Delayed,691,5623,396,289,367.0,106063,72.97979797979798,Spring
FL01543,2024-12-09,AL006,AC037,AP028,AP001,2024-12-09 18:00:00,2024-12-09 18:08:00,8.0,Crew,Delayed,106,1869,220,176,400.0,70400,80.0,Winter
FL01544,2025-07-02,AL009,AC001,AP024,AP027,2025-07-02 10:15:00,2025-07-02 10:39:00,24.0,Crew,Delayed,322,6968,325,245,315.0,77175,75.38461538461539,Summer
FL01545,2023-12-14,AL002,AC022,AP023,AP012,2023-12-14 06:00:00,2023-12-14 06:15:00,15.0,Technical,Delayed,696,5718,300,255,515.0,131325,85.0,Winter
FL01546,2024-09-11,AL001,AC020,AP010,AP030,2024-09-11 15:00:00,2024-09-11 15:11:00,11.0,Technical,Delayed,352,5978,396,362,586.0,212132,91.4141414141414,Autumn
FL01547,2025-08-19,AL003,AC021,AP027,AP005,2025-08-19 12:15:00,2025-08-19 12:16:00,1.0,Security,Delayed,516,423,325,182,644.0,117208,56.00000000000001,Summer
FL01548,2024-11-09,AL005,AC022,AP008,AP021,2024-11-09 22:45:00,2024-11-09 22:45:00,0.0,No Delay,On Time,58,1763,300,213,135.0,28755,71.0,Autumn
FL01549,2025-07-08,AL002,AC007,AP010,AP002,2025-07-08 22:30:00,2025-07-08 22:44:00,14.0,Crew,Delayed,167,7189,300,234,130.0,30420,78.0,Summer
FL01550,2024-10-10,AL008,AC001,AP028,AP019,2024-10-10 06:45:00,2024-10-10 06:59:00,14.0,Air Traffic,Delayed,676,7277,325,271,368.0,99728,83.38461538461537,Autumn
FL01551,2024-03-13,AL002,AC030,AP027,AP012,2024-03-13 22:45:00,2024-03-13 22:49:00,4.0,Security,Delayed,487,1321,325,203,486.0,98658,62.46153846153846,Spring
FL01552,2024-06-20,AL004,AC013,AP002,AP016,2024-06-20 07:45:00,2024-06-20 07:59:00,14.0,Air Traffic,Delayed,399,7281,325,247,364.0,89908,76.0,Summer
FL01553,2023-05-23,AL006,AC004,AP013,AP017,2023-05-23 18:00:00,2023-05-23 18:14:00,14.0,Crew,Delayed,245,5655,180,136,422.0,57392,75.55555555555556,Spring
FL01554,2025-03-01,AL004,AC032,AP023,AP022,2025-03-01 13:00:00,2025-03-01 13:02:00,2.0,Air Traffic,Delayed,350,2012,396,312,71.0,22152,78.78787878787878,Spring
FL01555,2025-07-02,AL003,AC039,AP030,AP012,2025-07-02 16:15:00,2025-07-02 16:45:00,30.0,Weather,Delayed,712,478,300,276,119.0,32844,92.0,Summer
FL01556,2023-12-16,AL009,AC013,AP019,AP026,2023-12-16 11:15:00,2023-12-16 11:28:00,13.0,Late Aircraft,Delayed,642,2548,325,230,352.0,80960,70.76923076923077,Winter
FL01557,2024-06-04,AL001,AC030,AP012,AP014,2024-06-04 13:45:00,2024-06-04 13:49:00,4.0,Late Aircraft,Delayed,312,1341,325,232,535.0,124120,71.38461538461539,Summer
FL01558,2025-06-05,AL007,AC019,AP019,AP005,2025-06-05 11:15:00,2025-06-05 11:22:00,7.0,Air Traffic,Delayed,62,2707,296,222,394.0,87468,75.0,Summer
FL01559,2023-04-02,AL007,AC009,AP024,AP026,2023-04-02 12:45:00,2023-04-02 12:59:00,14.0,Late Aircraft,Delayed,506,7455,296,170,614.0,104380,57.43243243243244,Spring
FL01560,2024-11-17,AL006,AC020,AP022,AP014,2024-11-17 13:30:00,2024-11-17 13:44:00,14.0,Crew,Delayed,588,5729,396,261,491.0,128151,65.9090909090909,Autumn
FL01561,2025-11-18,AL008,AC024,AP023,AP018,2025-11-18 22:15:00,2025-11-18 23:53:00,98.0,Late Aircraft,Delayed,466,7396,296,257,442.0,113594,86.82432432432432,Autumn
FL01562,2024-05-05,AL005,AC036,AP001,AP011,2024-05-05 13:15:00,2024-05-05 13:20:00,5.0,Security,Delayed,204,8051,180,142,300.0,42600,78.88888888888889,Spring
FL01563,2025-10-30,AL006,AC039,AP006,AP001,2025-10-30 19:00:00,2025-10-30 21:21:00,141.0,Weather,Severely Delayed,263,2377,300,235,575.0,135125,78.33333333333333,Autumn
FL01564,2025-01-11,AL010,AC024,AP026,AP020,2025-01-11 11:15:00,2025-01-11 11:29:00,14.0,Weather,Delayed,336,7635,296,210,100.0,21000,70.94594594594594,Winter
FL01565,2025-05-17,AL001,AC020,AP028,AP025,2025-05-17 06:30:00,2025-05-17 06:43:00,13.0,Security,Delayed,199,350,396,293,145.0,42485,73.98989898989899,Spring
FL01566,2024-05-05,AL009,AC004,AP011,AP023,2024-05-05 14:15:00,2024-05-05 15:16:00,61.0,Crew,Delayed,375,4323,180,136,114.0,15504,75.55555555555556,Spring
FL01567,2025-09-27,AL010,AC018,AP016,AP018,2025-09-27 05:15:00,2025-09-27 05:29:00,14.0,Crew,Cancelled,546,5623,189,0,291.0,0,0.0,Autumn
FL01568,2023-12-19,AL002,AC031,AP027,AP022,2023-12-19 19:00:00,2023-12-19 21:59:00,179.0,Air Traffic,Severely Delayed,158,518,300,193,376.0,72568,64.33333333333333,Winter
FL01569,2024-06-06,AL005,AC027,AP008,AP022,2024-06-06 19:00:00,2024-06-06 20:01:00,61.0,Late Aircraft,Delayed,424,468,325,227,179.0,40633,69.84615384615384,Summer
FL01570,2024-10-24,AL005,AC024,AP019,AP007,2024-10-24 22:30:00,2024-10-24 22:42:00,12.0,Weather,Delayed,312,3485,296,211,645.0,136095,71.28378378378379,Autumn
FL01571,2023-11-21,AL002,AC004,AP026,AP009,2023-11-21 05:15:00,2023-11-21 07:03:00,108.0,Technical,Delayed,86,4370,180,139,527.0,73253,77.22222222222223,Autumn
FL01572,2025-11-04,AL003,AC002,AP003,AP012,2025-11-04 10:00:00,2025-11-04 12:33:00,153.0,Crew,Severely Delayed,343,5391,300,228,561.0,127908,76.0,Autumn
FL01573,2025-08-17,AL008,AC030,AP008,AP009,2025-08-17 19:00:00,2025-08-17 19:01:00,1.0,Air Traffic,Delayed,202,7816,325,218,390.0,85020,67.07692307692308,Summer
FL01574,2025-10-17,AL003,AC011,AP025,AP007,2025-10-17 07:45:00,2025-10-17 08:00:00,15.0,Late Aircraft,Delayed,641,4705,300,193,135.0,26055,64.33333333333333,Autumn
FL01575,2025-10-12,AL006,AC003,AP024,AP019,2025-10-12 06:30:00,2025-10-12 06:32:00,2.0,Technical,Delayed,144,6148,396,268,291.0,77988,67.67676767676768,Autumn
FL01576,2023-02-23,AL002,AC037,AP030,AP002,2023-02-23 09:30:00,2023-02-23 09:33:00,3.0,Crew,Delayed,285,517,220,149,484.0,72116,67.72727272727272,Winter
FL01577,2025-09-02,AL010,AC027,AP006,AP018,2025-09-02 09:30:00,2025-09-02 09:36:00,6.0,Weather,Delayed,191,2943,325,257,617.0,158569,79.07692307692308,Autumn
FL01578,2024-01-02,AL002,AC004,AP012,AP023,2024-01-02 22:45:00,2024-01-02 22:59:00,14.0,Technical,Delayed,87,2578,180,137,352.0,48224,76.11111111111111,Winter
FL01579,2023-01-14,AL010,AC028,AP027,AP002,2023-01-14 06:30:00,2023-01-14 07:02:00,32.0,Security,Delayed,295,5967,296,178,645.0,114810,60.13513513513513,Winter
FL01580,2025-12-13,AL006,AC018,AP016,AP004,2025-12-13 16:00:00,2025-12-13 16:07:00,7.0,Security,Delayed,130,7233,189,141,106.0,14946,74.60317460317461,Winter
FL01581,2024-08-26,AL003,AC019,AP025,AP023,2024-08-26 21:15:00,2024-08-26 21:21:00,6.0,Technical,Delayed,599,5103,296,270,311.0,83970,91.2162162162162,Summer
FL01582,2024-04-26,AL005,AC012,AP029,AP008,2024-04-26 05:30:00,2024-04-26 08:12:00,162.0,Weather,Severely Delayed,664,7214,189,120,601.0,72120,63.49206349206349,Spring
FL01583,2023-08-21,AL005,AC017,AP021,AP017,2023-08-21 19:45:00,2023-08-21 20:00:00,15.0,Weather,Delayed,660,2813,296,218,588.0,128184,73.64864864864865,Summer
FL01584,2024-04-09,AL006,AC022,AP016,AP017,2024-04-09 16:00:00,2024-04-09 16:02:00,2.0,Air Traffic,Delayed,285,8229,300,233,252.0,58716,77.66666666666666,Spring
FL01585,2023-11-24,AL006,AC002,AP020,AP009,2023-11-24 15:30:00,2023-11-24 15:34:00,4.0,Security,Delayed,93,7625,300,233,89.0,20737,77.66666666666666,Autumn
FL01586,2025-05-07,AL008,AC006,AP008,AP002,2025-05-07 21:30:00,2025-05-07 21:36:00,6.0,Security,Delayed,193,1691,300,272,312.0,84864,90.66666666666666,Spring
FL01587,2024-03-02,AL010,AC031,AP024,AP030,2024-03-02 11:00:00,2024-03-02 11:44:00,44.0,Security,Delayed,372,4292,300,229,167.0,38243,76.33333333333333,Spring
FL01588,2023-10-06,AL009,AC018,AP019,AP029,2023-10-06 15:30:00,2023-10-06 17:10:00,100.0,Technical,Delayed,219,3083,189,131,463.0,60653,69.31216931216932,Autumn
FL01589,2025-12-31,AL001,AC016,AP018,AP017,2025-12-31 10:00:00,2025-12-31 12:25:00,145.0,Air Traffic,Severely Delayed,578,7349,189,155,552.0,85560,82.01058201058201,Winter
FL01590,2025-09-05,AL006,AC027,AP002,AP028,2025-09-05 10:00:00,2025-09-05 11:14:00,74.0,Late Aircraft,Delayed,134,4249,325,280,79.0,22120,86.15384615384616,Autumn
FL01591,2024-08-02,AL007,AC005,AP022,AP001,2024-08-02 15:15:00,2024-08-02 15:54:00,39.0,Technical,Delayed,198,6636,325,280,348.0,97440,86.15384615384616,Summer
FL01592,2023-02-16,AL010,AC028,AP019,AP011,2023-02-16 12:45:00,2023-02-16 12:50:00,5.0,Late Aircraft,Delayed,638,5262,296,171,538.0,91998,57.770270270270274,Winter
FL01593,2023-12-13,AL004,AC037,AP002,AP014,2023-12-13 22:15:00,2023-12-13 22:16:00,1.0,Air Traffic,Delayed,523,1119,220,185,419.0,77515,84.0909090909091,Winter
FL01594,2023-11-29,AL005,AC040,AP028,AP001,2023-11-29 06:30:00,2023-11-29 06:37:00,7.0,Security,Delayed,624,5655,220,189,88.0,16632,85.9090909090909,Autumn
FL01595,2025-02-24,AL004,AC030,AP026,AP028,2025-02-24 17:45:00,2025-02-24 17:58:00,13.0,Weather,Delayed,198,2877,325,191,150.0,28650,58.76923076923077,Winter
FL01596,2024-11-14,AL002,AC022,AP009,AP025,2024-11-14 16:45:00,2024-11-14 16:55:00,10.0,Security,Delayed,140,7263,300,169,561.0,94809,56.333333333333336,Autumn
FL01597,2024-02-06,AL003,AC009,AP005,AP025,2024-02-06 16:45:00,2024-02-06 16:57:00,12.0,Weather,Delayed,457,5790,296,222,565.0,125430,75.0,Winter
FL01598,2024-10-22,AL010,AC035,AP008,AP007,2024-10-22 13:15:00,2024-10-22 13:27:00,12.0,Security,Delayed,690,4817,189,133,327.0,43491,70.37037037037037,Autumn
FL01599,2023-11-17,AL009,AC007,AP020,AP012,2023-11-17 09:30:00,2023-11-17 09:31:00,1.0,Air Traffic,Delayed,426,4794,300,221,601.0,132821,73.66666666666667,Autumn
FL01600,2023-01-27,AL003,AC008,AP003,AP010,2023-01-27 13:30:00,2023-01-27 13:43:00,13.0,Weather,Cancelled,155,4715,300,0,362.0,0,0.0,Winter
FL01601,2025-07-16,AL004,AC031,AP018,AP016,2025-07-16 08:00:00,2025-07-16 08:42:00,42.0,Air Traffic,Delayed,287,3437,300,272,117.0,31824,90.66666666666666,Summer
FL01602,2024-01-12,AL010,AC001,AP005,AP020,2024-01-12 15:00:00,2024-01-12 15:08:00,8.0,Security,Delayed,411,8037,325,265,522.0,138330,81.53846153846153,Winter
FL01603,2024-05-17,AL008,AC040,AP003,AP021,2024-05-17 14:00:00,2024-05-17 14:00:00,0.0,No Delay,On Time,473,778,220,181,556.0,100636,82.27272727272728,Spring
FL01604,2024-10-21,AL004,AC005,AP007,AP028,2024-10-21 22:15:00,2024-10-21 22:16:00,1.0,Weather,Delayed,312,4891,325,249,448.0,111552,76.61538461538461,Autumn
FL01605,2024-05-20,AL001,AC039,AP013,AP002,2024-05-20 12:15:00,2024-05-20 14:03:00,108.0,Air Traffic,Delayed,229,7411,300,233,381.0,88773,77.66666666666666,Spring
FL01606,2023-07-12,AL003,AC037,AP007,AP029,2023-07-12 21:45:00,2023-07-12 21:50:00,5.0,Technical,Delayed,603,1524,220,195,209.0,40755,88.63636363636364,Summer
FL01607,2025-11-09,AL004,AC038,AP019,AP003,2025-11-09 07:30:00,2025-11-09 07:35:00,5.0,Air Traffic,Delayed,466,4281,189,117,561.0,65637,61.90476190476191,Autumn
FL01608,2024-03-27,AL005,AC014,AP019,AP025,2024-03-27 05:15:00,2024-03-27 05:21:00,6.0,Weather,Delayed,344,1757,325,272,542.0,147424,83.6923076923077,Spring
FL01609,2024-02-06,AL007,AC020,AP021,AP016,2024-02-06 08:15:00,2024-02-06 08:20:00,5.0,Weather,Delayed,161,1792,396,289,613.0,177157,72.97979797979798,Winter
FL01610,2025-09-04,AL006,AC032,AP004,AP024,2025-09-04 22:00:00,2025-09-04 22:14:00,14.0,Technical,Delayed,217,5873,396,290,532.0,154280,73.23232323232324,Autumn
FL01611,2023-02-02,AL008,AC035,AP010,AP018,2023-02-02 22:45:00,2023-02-02 22:56:00,11.0,Weather,Delayed,82,2516,189,165,637.0,105105,87.3015873015873,Winter
FL01612,2023-08-08,AL004,AC023,AP010,AP018,2023-08-08 06:30:00,2023-08-08 06:44:00,14.0,Technical,Delayed,169,2436,180,139,570.0,79230,77.22222222222223,Summer
FL01613,2024-01-11,AL006,AC034,AP003,AP002,2024-01-11 07:45:00,2024-01-11 07:58:00,13.0,Crew,Delayed,410,5972,300,208,358.0,74464,69.33333333333334,Winter
FL01614,2025-07-20,AL010,AC027,AP001,AP003,2025-07-20 08:30:00,2025-07-20 08:33:00,3.0,Technical,Delayed,584,2153,325,175,639.0,111825,53.84615384615385,Summer
FL01615,2024-01-30,AL004,AC031,AP011,AP002,2024-01-30 06:15:00,2024-01-30 06:55:00,40.0,Crew,Delayed,241,5128,300,246,212.0,52152,82.0,Winter
FL01616,2024-07-02,AL009,AC015,AP005,AP028,2024-07-02 05:30:00,2024-07-02 06:51:00,81.0,Air Traffic,Delayed,286,5677,396,304,72.0,21888,76.76767676767676,Summer
FL01617,2025-08-23,AL008,AC015,AP012,AP023,2025-08-23 10:45:00,2025-08-23 13:25:00,160.0,Security,Severely Delayed,166,5213,396,261,256.0,66816,65.9090909090909,Summer
FL01618,2025-02-28,AL006,AC004,AP020,AP025,2025-02-28 14:15:00,2025-02-28 14:23:00,8.0,Late Aircraft,Delayed,715,929,180,146,581.0,84826,81.11111111111111,Winter
FL01619,2024-09-11,AL006,AC014,AP003,AP007,2024-09-11 17:30:00,2024-09-11 17:41:00,11.0,Air Traffic,Delayed,227,2295,325,255,210.0,53550,78.46153846153847,Autumn
FL01620,2023-12-17,AL009,AC014,AP026,AP004,2023-12-17 19:45:00,2023-12-17 19:51:00,6.0,Crew,Delayed,343,7201,325,292,234.0,68328,89.84615384615384,Winter
FL01621,2025-06-25,AL008,AC040,AP024,AP011,2025-06-25 21:15:00,2025-06-25 21:15:00,0.0,No Delay,On Time,454,6717,220,168,478.0,80304,76.36363636363637,Summer
FL01622,2025-06-11,AL006,AC004,AP024,AP018,2025-06-11 15:00:00,2025-06-11 15:06:00,6.0,Technical,Delayed,670,4833,180,151,87.0,13137,83.88888888888889,Summer
FL01623,2023-05-14,AL003,AC029,AP016,AP028,2023-05-14 20:15:00,2023-05-14 20:18:00,3.0,Late Aircraft,Cancelled,484,6109,220,0,379.0,0,0.0,Spring
FL01624,2023-08-19,AL007,AC016,AP013,AP023,2023-08-19 18:45:00,2023-08-19 18:56:00,11.0,Technical,Delayed,690,435,189,151,364.0,54964,79.8941798941799,Summer
FL01625,2023-02-20,AL004,AC030,AP020,AP021,2023-02-20 11:45:00,2023-02-20 12:00:00,15.0,Technical,Cancelled,476,4935,325,0,120.0,0,0.0,Winter
FL01626,2025-01-19,AL007,AC023,AP009,AP023,2025-01-19 15:00:00,2025-01-19 15:11:00,11.0,Crew,Delayed,717,5535,180,128,347.0,44416,71.11111111111111,Winter
FL01627,2023-07-13,AL002,AC019,AP020,AP018,2023-07-13 10:45:00,2023-07-13 10:59:00,14.0,Crew,Delayed,697,7775,296,188,573.0,107724,63.51351351351351,Summer
FL01628,2024-04-09,AL001,AC032,AP002,AP011,2024-04-09 06:45:00,2024-04-09 07:48:00,63.0,Crew,Delayed,642,7676,396,367,299.0,109733,92.67676767676768,Spring
FL01629,2025-09-09,AL001,AC030,AP002,AP016,2025-09-09 17:15:00,2025-09-09 18:58:00,103.0,Air Traffic,Delayed,401,1036,325,273,111.0,30303,84.0,Autumn
FL01630,2024-05-20,AL004,AC035,AP021,AP027,2024-05-20 11:45:00,2024-05-20 12:34:00,49.0,Weather,Delayed,694,5453,189,130,401.0,52130,68.78306878306879,Spring
FL01631,2023-08-04,AL002,AC030,AP013,AP028,2023-08-04 12:00:00,2023-08-04 12:07:00,7.0,Crew,Delayed,202,860,325,259,157.0,40663,79.6923076923077,Summer
FL01632,2023-09-24,AL003,AC006,AP020,AP013,2023-09-24 18:15:00,2023-09-24 18:25:00,10.0,Technical,Delayed,254,1728,300,230,289.0,66470,76.66666666666667,Autumn
FL01633,2025-08-13,AL009,AC023,AP026,AP023,2025-08-13 11:00:00,2025-08-13 11:15:00,15.0,Crew,Delayed,519,4739,180,122,600.0,73200,67.77777777777779,Summer
FL01634,2024-11-06,AL002,AC031,AP007,AP027,2024-11-06 05:30:00,2024-11-06 05:37:00,7.0,Security,Delayed,70,623,300,248,351.0,87048,82.66666666666667,Autumn
FL01635,2025-10-28,AL008,AC001,AP016,AP009,2025-10-28 10:30:00,2025-10-28 10:45:00,15.0,Security,Delayed,335,4659,325,213,234.0,49842,65.53846153846153,Autumn
FL01636,2025-03-24,AL005,AC018,AP021,AP028,2025-03-24 10:45:00,2025-03-24 12:48:00,123.0,Security,Severely Delayed,657,6843,189,132,275.0,36300,69.84126984126983,Spring
FL01637,2024-12-11,AL009,AC039,AP004,AP011,2024-12-11 08:45:00,2024-12-11 08:53:00,8.0,Security,Delayed,697,4178,300,241,76.0,18316,80.33333333333333,Winter
FL01638,2024-03-06,AL005,AC032,AP015,AP001,2024-03-06 16:30:00,2024-03-06 18:56:00,146.0,Weather,Severely Delayed,599,6049,396,364,623.0,226772,91.91919191919192,Spring
FL01639,2023-10-29,AL007,AC021,AP009,AP005,2023-10-29 19:00:00,2023-10-29 20:07:00,67.0,Security,Delayed,318,1600,325,243,358.0,86994,74.76923076923076,Autumn
FL01640,2023-09-19,AL009,AC027,AP011,AP029,2023-09-19 12:45:00,2023-09-19 14:57:00,132.0,Air Traffic,Severely Delayed,614,5817,325,232,473.0,109736,71.38461538461539,Autumn
FL01641,2025-04-06,AL007,AC019,AP014,AP028,2025-04-06 05:30:00,2025-04-06 05:37:00,7.0,Security,Delayed,107,7390,296,270,203.0,54810,91.2162162162162,Spring
FL01642,2025-10-23,AL007,AC017,AP002,AP015,2025-10-23 11:15:00,2025-10-23 11:26:00,11.0,Late Aircraft,Delayed,286,3152,296,273,363.0,99099,92.22972972972973,Autumn
FL01643,2024-06-16,AL005,AC029,AP025,AP010,2024-06-16 09:00:00,2024-06-16 09:07:00,7.0,Technical,Delayed,127,909,220,217,544.0,118048,98.63636363636364,Summer
FL01644,2025-05-20,AL003,AC007,AP007,AP012,2025-05-20 13:00:00,2025-05-20 13:02:00,2.0,Air Traffic,Delayed,390,4475,300,233,553.0,128849,77.66666666666666,Spring
FL01645,2025-06-25,AL007,AC005,AP001,AP020,2025-06-25 22:45:00,2025-06-25 22:51:00,6.0,Security,Cancelled,327,5242,325,0,601.0,0,0.0,Summer
FL01646,2025-11-29,AL006,AC039,AP014,AP020,2025-11-29 19:00:00,2025-11-29 19:03:00,3.0,Air Traffic,Delayed,568,620,300,200,445.0,89000,66.66666666666666,Autumn
FL01647,2024-10-12,AL001,AC038,AP018,AP021,2024-10-12 10:30:00,2024-10-12 11:31:00,61.0,Weather,Delayed,389,7914,189,120,425.0,51000,63.49206349206349,Autumn
FL01648,2024-09-09,AL004,AC040,AP005,AP029,2024-09-09 13:30:00,2024-09-09 15:39:00,129.0,Air Traffic,Severely Delayed,426,733,220,146,467.0,68182,66.36363636363637,Autumn
FL01649,2023-02-10,AL004,AC035,AP022,AP004,2023-02-10 13:00:00,2023-02-10 13:13:00,13.0,Weather,Delayed,473,6647,189,187,94.0,17578,98.94179894179894,Winter
FL01650,2023-01-21,AL005,AC007,AP019,AP014,2023-01-21 09:00:00,2023-01-21 09:14:00,14.0,Security,Delayed,143,6283,300,177,266.0,47082,59.0,Winter
FL01651,2025-11-08,AL001,AC008,AP029,AP015,2025-11-08 15:00:00,2025-11-08 16:32:00,92.0,Late Aircraft,Delayed,581,8279,300,248,247.0,61256,82.66666666666667,Autumn
FL01652,2023-11-08,AL008,AC015,AP016,AP007,2023-11-08 15:00:00,2023-11-08 15:09:00,9.0,Late Aircraft,Delayed,497,5068,396,285,646.0,184110,71.96969696969697,Autumn
FL01653,2025-07-28,AL002,AC029,AP026,AP015,2025-07-28 20:30:00,2025-07-28 20:44:00,14.0,Weather,Delayed,365,7921,220,177,270.0,47790,80.45454545454545,Summer
FL01654,2024-05-04,AL006,AC003,AP012,AP024,2024-05-04 07:45:00,2024-05-04 07:50:00,5.0,Weather,Delayed,295,7884,396,248,378.0,93744,62.62626262626263,Spring
FL01655,2023-09-13,AL008,AC036,AP023,AP010,2023-09-13 22:15:00,2023-09-13 22:30:00,15.0,Security,Delayed,132,6706,180,116,415.0,48140,64.44444444444444,Autumn
FL01656,2023-03-13,AL008,AC040,AP023,AP025,2023-03-13 08:00:00,2023-03-13 08:06:00,6.0,Technical,Delayed,189,1901,220,179,303.0,54237,81.36363636363636,Spring
FL01657,2025-10-25,AL010,AC005,AP015,AP029,2025-10-25 10:15:00,2025-10-25 10:20:00,5.0,Late Aircraft,Delayed,197,7066,325,219,647.0,141693,67.38461538461539,Autumn
FL01658,2025-12-16,AL005,AC037,AP014,AP030,2025-12-16 19:15:00,2025-12-16 19:24:00,9.0,Crew,Delayed,263,3783,220,131,124.0,16244,59.54545454545455,Winter
FL01659,2024-07-29,AL008,AC040,AP021,AP006,2024-07-29 08:15:00,2024-07-29 08:26:00,11.0,Crew,Delayed,531,4839,220,153,476.0,72828,69.54545454545455,Summer
FL01660,2024-07-10,AL010,AC013,AP012,AP001,2024-07-10 20:30:00,2024-07-10 20:35:00,5.0,Crew,Delayed,665,711,325,229,360.0,82440,70.46153846153847,Summer
FL01661,2024-04-11,AL009,AC016,AP028,AP015,2024-04-11 14:00:00,2024-04-11 14:14:00,14.0,Weather,Delayed,525,2234,189,149,395.0,58855,78.83597883597884,Spring
FL01662,2023-09-14,AL006,AC013,AP006,AP013,2023-09-14 19:15:00,2023-09-14 21:56:00,161.0,Security,Severely Delayed,123,8264,325,240,515.0,123600,73.84615384615385,Autumn
FL01663,2024-02-07,AL004,AC037,AP005,AP029,2024-02-07 21:00:00,2024-02-07 21:10:00,10.0,Air Traffic,Delayed,173,1164,220,190,197.0,37430,86.36363636363636,Winter
FL01664,2023-11-14,AL001,AC020,AP028,AP030,2023-11-14 14:15:00,2023-11-14 16:13:00,118.0,Air Traffic,Delayed,412,8363,396,267,362.0,123354,67.42424242424242,Autumn
FL01665,2023-08-13,AL003,AC009,AP004,AP019,2023-08-13 16:15:00,2023-08-13 16:21:00,6.0,Technical,Delayed,389,6342,296,246,589.0,144894,83.1081081081081,Summer
FL01666,2025-05-21,AL010,AC027,AP011,AP006,2025-05-21 08:15:00,2025-05-21 08:28:00,13.0,Technical,Delayed,497,1705,325,274,362.0,80282,84.3076923076923,Spring
FL01667,2025-12-17,AL007,AC019,AP007,AP027,2025-12-17 06:45:00,2025-12-17 06:47:00,2.0,Crew,Delayed,538,1871,296,293,316.0,92588,98.98648648648648,Winter
FL01668,2023-06-25,AL006,AC009,AP002,AP017,2023-06-25 17:30:00,2023-06-25 17:37:00,7.0,Technical,Delayed,567,2792,296,164,537.0,88068,55.4054054054054,Summer
FL01669,2025-08-29,AL010,AC019,AP015,AP013,2025-08-29 19:30:00,2025-08-29 19:40:00,10.0,Air Traffic,Delayed,407,3670,296,201,242.0,48642,67.9054054054054,Summer
FL01670,2025-09-18,AL001,AC032,AP014,AP004,2025-09-18 06:45:00,2025-09-18 06:47:00,2.0,Technical,Delayed,176,2636,396,237,273.0,64701,59.84848484848485,Autumn
FL01671,2023-04-17,AL008,AC036,AP028,AP026,2023-04-17 14:30:00,2023-04-17 14:38:00,8.0,Late Aircraft,Delayed,611,1150,180,167,356.0,59452,92.7777777777778,Spring
FL01672,2023-09-30,AL001,AC018,AP009,AP013,2023-09-30 22:45:00,2023-09-30 22:56:00,11.0,Weather,Delayed,711,711,189,158,480.0,75840,83.5978835978836,Autumn
FL01673,2025-05-24,AL005,AC029,AP029,AP030,2025-05-24 08:15:00,2025-05-24 08:18:00,3.0,Crew,Delayed,239,2034,220,164,430.0,70520,74.54545454545455,Spring
FL01674,2023-08-15,AL004,AC034,AP024,AP011,2023-08-15 06:00:00,2023-08-15 06:13:00,13.0,Crew,Delayed,251,3998,300,217,511.0,110887,72.33333333333334,Summer
FL01675,2024-09-14,AL010,AC006,AP003,AP023,2024-09-14 12:15:00,2024-09-14 12:18:00,3.0,Technical,Delayed,301,6471,300,226,129.0,29154,75.33333333333333,Autumn
FL01676,2024-01-06,AL007,AC027,AP018,AP030,2024-01-06 10:45:00,2024-01-06 10:52:00,7.0,Technical,Delayed,387,3393,325,285,133.0,37905,87.6923076923077,Winter
FL01677,2023-06-14,AL006,AC021,AP011,AP026,2023-06-14 09:00:00,2023-06-14 09:13:00,13.0,Technical,Delayed,498,5952,325,276,506.0,139656,84.92307692307692,Summer
FL01678,2024-11-10,AL001,AC036,AP030,AP027,2024-11-10 16:45:00,2024-11-10 16:57:00,12.0,Technical,Delayed,496,2262,180,137,347.0,47539,76.11111111111111,Autumn
FL01679,2023-09-26,AL005,AC027,AP017,AP002,2023-09-26 07:45:00,2023-09-26 07:49:00,4.0,Air Traffic,Delayed,375,4877,325,143,137.0,19591,44.0,Autumn
FL01680,2023-12-06,AL010,AC012,AP017,AP009,2023-12-06 12:30:00,2023-12-06 12:40:00,10.0,Air Traffic,Delayed,502,517,189,153,332.0,50796,80.95238095238095,Winter
FL01681,2023-02-10,AL001,AC031,AP020,AP015,2023-02-10 15:15:00,2023-02-10 18:05:00,170.0,Crew,Severely Delayed,177,4238,300,221,472.0,104312,73.66666666666667,Winter
FL01682,2025-08-02,AL004,AC007,AP007,AP028,2025-08-02 13:30:00,2025-08-02 13:40:00,10.0,Technical,Delayed,182,7738,300,254,275.0,69850,84.66666666666667,Summer
FL01683,2023-03-04,AL005,AC023,AP002,AP029,2023-03-04 12:30:00,2023-03-04 12:34:00,4.0,Technical,Delayed,221,7254,180,127,514.0,65278,70.55555555555556,Spring
FL01684,2023-02-01,AL002,AC012,AP016,AP009,2023-02-01 19:00:00,2023-02-01 21:06:00,126.0,Technical,Severely Delayed,531,8494,189,123,442.0,54366,65.07936507936508,Winter
FL01685,2024-01-25,AL006,AC033,AP021,AP029,2024-01-25 20:15:00,2024-01-25 20:15:00,0.0,No Delay,On Time,50,4166,220,192,362.0,101376,87.27272727272727,Winter
FL01686,2023-03-20,AL003,AC017,AP014,AP016,2023-03-20 11:00:00,2023-03-20 11:00:00,0.0,No Delay,On Time,282,2806,296,269,348.0,93612,90.87837837837836,Spring
FL01687,2024-04-25,AL003,AC024,AP026,AP028,2024-04-25 13:00:00,2024-04-25 13:08:00,8.0,Air Traffic,Delayed,260,7105,296,218,138.0,30084,73.64864864864865,Spring
FL01688,2023-12-06,AL009,AC010,AP015,AP018,2023-12-06 08:30:00,2023-12-06 09:56:00,86.0,Air Traffic,Delayed,449,1235,396,309,602.0,186018,78.03030303030303,Winter
FL01689,2024-10-19,AL010,AC004,AP023,AP006,2024-10-19 06:45:00,2024-10-19 06:51:00,6.0,Air Traffic,Delayed,501,2532,180,148,86.0,12728,82.22222222222221,Autumn
FL01690,2025-03-17,AL002,AC011,AP022,AP017,2025-03-17 15:00:00,2025-03-17 15:15:00,15.0,Security,Delayed,686,5811,300,226,596.0,134696,75.33333333333333,Spring
FL01691,2023-01-25,AL002,AC020,AP020,AP026,2023-01-25 19:30:00,2023-01-25 19:30:00,0.0,No Delay,On Time,82,4801,396,320,642.0,205440,80.8080808080808,Winter
FL01692,2025-09-14,AL005,AC033,AP026,AP015,2025-09-14 06:15:00,2025-09-14 06:15:00,0.0,No Delay,Cancelled,543,993,220,0,516.0,0,0.0,Autumn
FL01693,2023-06-30,AL008,AC024,AP014,AP019,2023-06-30 06:00:00,2023-06-30 06:04:00,4.0,Late Aircraft,Delayed,239,7287,296,275,107.0,29425,92.9054054054054,Summer
FL01694,2025-12-07,AL010,AC021,AP026,AP001,2025-12-07 22:15:00,2025-12-07 22:15:00,0.0,No Delay,On Time,181,1457,325,165,457.0,75405,50.76923076923077,Winter
FL01695,2023-09-17,AL003,AC013,AP012,AP028,2023-09-17 22:15:00,2023-09-17 22:24:00,9.0,Weather,Delayed,702,7710,325,204,616.0,125664,62.76923076923077,Autumn
FL01696,2024-10-28,AL007,AC037,AP003,AP030,2024-10-28 17:45:00,2024-10-28 17:50:00,5.0,Crew,Delayed,182,7106,220,168,439.0,73752,76.36363636363637,Autumn
FL01697,2023-04-18,AL003,AC033,AP030,AP024,2023-04-18 08:00:00,2023-04-18 08:19:00,19.0,Crew,Delayed,511,5877,220,156,623.0,97188,70.9090909090909,Spring
FL01698,2024-05-13,AL008,AC002,AP015,AP026,2024-05-13 14:00:00,2024-05-13 14:13:00,13.0,Technical,Delayed,640,6799,300,228,88.0,20064,76.0,Spring
FL01699,2024-10-01,AL004,AC035,AP010,AP004,2024-10-01 16:30:00,2024-10-01 16:43:00,13.0,Air Traffic,Delayed,693,8131,189,127,570.0,72390,67.1957671957672,Autumn
FL01700,2024-03-17,AL010,AC016,AP003,AP019,2024-03-17 19:30:00,2024-03-17 19:33:00,3.0,Weather,Delayed,359,1511,189,184,593.0,109112,97.35449735449735,Spring
FL01701,2023-06-07,AL003,AC012,AP013,AP023,2023-06-07 06:45:00,2023-06-07 06:50:00,5.0,Air Traffic,Delayed,481,4431,189,147,175.0,25725,77.77777777777779,Summer
FL01702,2025-11-24,AL002,AC034,AP021,AP018,2025-11-24 17:00:00,2025-11-24 19:43:00,163.0,Crew,Severely Delayed,589,1765,300,280,483.0,135240,93.33333333333331,Autumn
FL01703,2025-11-02,AL008,AC036,AP008,AP020,2025-11-02 19:15:00,2025-11-02 19:15:00,0.0,No Delay,On Time,614,8425,180,147,615.0,90405,81.66666666666667,Autumn
FL01704,2024-11-14,AL004,AC040,AP005,AP011,2024-11-14 18:45:00,2024-11-14 18:50:00,5.0,Air Traffic,Delayed,662,4838,220,111,590.0,65490,50.45454545454545,Autumn
FL01705,2024-06-20,AL003,AC023,AP016,AP027,2024-06-20 20:45:00,2024-06-20 20:50:00,5.0,Crew,Delayed,697,1601,180,151,537.0,81087,83.88888888888889,Summer
FL01706,2023-01-06,AL008,AC040,AP008,AP016,2023-01-06 14:00:00,2023-01-06 14:14:00,14.0,Crew,Delayed,263,6870,220,154,624.0,96096,70.0,Winter
FL01707,2024-08-30,AL005,AC006,AP022,AP006,2024-08-30 10:45:00,2024-08-30 10:50:00,5.0,Technical,Delayed,640,897,300,228,612.0,139536,76.0,Summer
FL01708,2024-10-21,AL002,AC013,AP016,AP010,2024-10-21 20:30:00,2024-10-21 20:40:00,10.0,Weather,Delayed,587,6710,325,274,342.0,93708,84.3076923076923,Autumn
FL01709,2023-05-24,AL003,AC022,AP002,AP014,2023-05-24 08:00:00,2023-05-24 08:05:00,5.0,Weather,Delayed,236,3096,300,263,299.0,78637,87.66666666666667,Spring
FL01710,2023-07-03,AL006,AC020,AP005,AP012,2023-07-03 11:45:00,2023-07-03 11:56:00,11.0,Air Traffic,Delayed,558,1040,396,392,420.0,164640,98.989898989899,Summer
FL01711,2024-03-26,AL003,AC001,AP025,AP005,2024-03-26 22:00:00,2024-03-26 22:10:00,10.0,Late Aircraft,Delayed,540,4840,325,253,218.0,55154,77.84615384615384,Spring
FL01712,2025-01-01,AL008,AC029,AP013,AP008,2025-01-01 07:30:00,2025-01-01 07:43:00,13.0,Weather,Delayed,472,3269,220,111,146.0,16206,50.45454545454545,Winter
FL01713,2024-09-27,AL004,AC033,AP010,AP009,2024-09-27 05:00:00,2024-09-27 05:25:00,25.0,Air Traffic,Delayed,301,4793,220,173,259.0,44807,78.63636363636364,Autumn
FL01714,2023-04-20,AL006,AC032,AP016,AP011,2023-04-20 13:45:00,2023-04-20 13:48:00,3.0,Weather,Delayed,276,3765,396,314,134.0,42076,79.29292929292929,Spring
FL01715,2025-06-18,AL003,AC015,AP023,AP014,2025-06-18 08:00:00,2025-06-18 08:02:00,2.0,Crew,Delayed,518,5258,396,320,398.0,127360,80.8080808080808,Summer
FL01716,2023-12-25,AL003,AC023,AP010,AP016,2023-12-25 07:45:00,2023-12-25 07:52:00,7.0,Crew,Delayed,181,6604,180,139,306.0,42534,77.22222222222223,Winter
FL01717,2025-02-21,AL001,AC040,AP006,AP017,2025-02-21 13:45:00,2025-02-21 13:47:00,2.0,Security,Delayed,150,397,220,162,239.0,38718,73.63636363636363,Winter
FL01718,2024-12-23,AL005,AC008,AP019,AP013,2024-12-23 16:15:00,2024-12-23 16:21:00,6.0,Weather,Delayed,57,1233,300,216,639.0,138024,72.0,Winter
FL01719,2023-12-16,AL004,AC025,AP004,AP023,2023-12-16 22:45:00,2023-12-16 23:39:00,54.0,Security,Delayed,417,6425,296,220,399.0,87780,74.32432432432432,Winter
FL01720,2024-05-09,AL006,AC017,AP029,AP008,2024-05-09 20:45:00,2024-05-09 20:51:00,6.0,Technical,Delayed,553,1388,296,192,457.0,87744,64.86486486486487,Spring
FL01721,2025-03-09,AL005,AC020,AP030,AP006,2025-03-09 10:00:00,2025-03-09 10:09:00,9.0,Crew,Delayed,128,6337,396,364,272.0,99008,91.91919191919192,Spring
FL01722,2023-08-08,AL008,AC032,AP027,AP006,2023-08-08 17:15:00,2023-08-08 18:51:00,96.0,Late Aircraft,Delayed,84,6469,396,314,537.0,168618,79.29292929292929,Summer
FL01723,2024-11-21,AL009,AC004,AP019,AP003,2024-11-21 12:00:00,2024-11-21 12:04:00,4.0,Air Traffic,Delayed,174,4917,180,167,159.0,26553,92.7777777777778,Autumn
FL01724,2023-05-31,AL008,AC034,AP026,AP004,2023-05-31 09:30:00,2023-05-31 09:34:00,4.0,Security,Delayed,241,2125,300,268,603.0,161604,89.33333333333333,Spring
FL01725,2023-04-21,AL004,AC022,AP011,AP013,2023-04-21 05:45:00,2023-04-21 05:59:00,14.0,Late Aircraft,Delayed,237,4800,300,226,465.0,105090,75.33333333333333,Spring
FL01726,2023-01-29,AL004,AC032,AP003,AP026,2023-01-29 14:00:00,2023-01-29 14:00:00,0.0,No Delay,On Time,267,2999,396,321,379.0,121659,81.06060606060606,Winter
FL01727,2023-03-04,AL009,AC021,AP019,AP008,2023-03-04 20:30:00,2023-03-04 20:44:00,14.0,Security,Delayed,415,1017,325,279,486.0,135594,85.84615384615385,Spring
FL01728,2023-06-20,AL005,AC016,AP013,AP004,2023-06-20 20:30:00,2023-06-20 20:44:00,14.0,Security,Delayed,291,6941,189,129,243.0,31347,68.25396825396825,Summer
FL01729,2023-01-24,AL007,AC007,AP002,AP006,2023-01-24 14:00:00,2023-01-24 14:01:00,1.0,Security,Delayed,233,7461,300,231,110.0,25410,77.0,Winter
FL01730,2024-01-29,AL009,AC035,AP003,AP021,2024-01-29 14:00:00,2024-01-29 16:20:00,140.0,Technical,Severely Delayed,621,5432,189,155,122.0,18910,82.01058201058201,Winter
FL01731,2025-02-04,AL009,AC008,AP007,AP023,2025-02-04 05:45:00,2025-02-04 05:51:00,6.0,Weather,Delayed,620,339,300,219,648.0,141912,73.0,Winter
FL01732,2024-02-27,AL002,AC020,AP023,AP026,2024-02-27 12:45:00,2024-02-27 12:53:00,8.0,Air Traffic,Delayed,58,7767,396,351,191.0,67041,88.63636363636364,Winter
FL01733,2023-12-07,AL010,AC011,AP010,AP013,2023-12-07 18:00:00,2023-12-07 18:30:00,30.0,Weather,Delayed,643,4410,300,213,454.0,96702,71.0,Winter
FL01734,2024-01-17,AL004,AC036,AP030,AP004,2024-01-17 05:00:00,2024-01-17 05:13:00,13.0,Air Traffic,Delayed,70,735,180,159,212.0,33708,88.33333333333333,Winter
FL01735,2023-01-01,AL003,AC013,AP010,AP003,2023-01-01 06:00:00,2023-01-01 06:14:00,14.0,Security,Delayed,340,5648,325,295,192.0,56640,90.76923076923076,Winter
FL01736,2025-09-26,AL006,AC039,AP015,AP018,2025-09-26 21:30:00,2025-09-26 21:32:00,2.0,Air Traffic,Delayed,272,479,300,214,199.0,42586,71.33333333333334,Autumn
FL01737,2025-11-18,AL005,AC010,AP030,AP001,2025-11-18 22:00:00,2025-11-18 22:02:00,2.0,Weather,Delayed,638,3201,396,291,422.0,122802,73.48484848484848,Autumn
FL01738,2023-07-22,AL002,AC026,AP020,AP002,2023-07-22 13:15:00,2023-07-22 13:23:00,8.0,Weather,Delayed,202,7807,189,102,344.0,35088,53.96825396825397,Summer
FL01739,2025-11-11,AL008,AC009,AP024,AP015,2025-11-11 20:15:00,2025-11-11 20:27:00,12.0,Security,Delayed,298,2651,296,281,146.0,41026,94.93243243243244,Autumn
FL01740,2024-05-12,AL010,AC010,AP006,AP016,2024-05-12 10:45:00,2024-05-12 10:53:00,8.0,Security,Delayed,705,3250,396,269,390.0,104910,67.92929292929293,Spring
FL01741,2024-03-23,AL001,AC015,AP026,AP018,2024-03-23 15:45:00,2024-03-23 18:35:00,170.0,Air Traffic,Severely Delayed,123,8331,396,252,347.0,87444,63.63636363636363,Spring
FL01742,2023-09-01,AL003,AC036,AP013,AP002,2023-09-01 09:15:00,2023-09-01 09:23:00,8.0,Weather,Delayed,340,1667,180,167,481.0,80327,92.7777777777778,Autumn
FL01743,2025-03-03,AL002,AC018,AP015,AP006,2025-03-03 15:00:00,2025-03-03 15:14:00,14.0,Late Aircraft,Delayed,443,4774,189,183,173.0,31659,96.82539682539682,Spring
FL01744,2025-09-21,AL005,AC002,AP021,AP008,2025-09-21 11:30:00,2025-09-21 11:35:00,5.0,Security,Delayed,510,899,300,275,203.0,55825,91.66666666666666,Autumn
FL01745,2023-06-12,AL004,AC039,AP013,AP029,2023-06-12 21:00:00,2023-06-12 21:15:00,15.0,Technical,Delayed,251,4674,300,205,230.0,47150,68.33333333333333,Summer
FL01746,2023-06-24,AL003,AC029,AP028,AP019,2023-06-24 10:15:00,2023-06-24 12:05:00,110.0,Technical,Delayed,463,6044,220,199,542.0,107858,90.45454545454544,Summer
FL01747,2023-06-21,AL003,AC011,AP007,AP005,2023-06-21 22:45:00,2023-06-21 22:55:00,10.0,Weather,Delayed,605,7966,300,245,384.0,94080,81.66666666666667,Summer
FL01748,2024-08-15,AL006,AC031,AP028,AP019,2024-08-15 12:15:00,2024-08-15 12:26:00,11.0,Weather,Delayed,154,2813,300,219,399.0,87381,73.0,Summer
FL01749,2023-09-24,AL004,AC033,AP003,AP024,2023-09-24 19:30:00,2023-09-24 19:41:00,11.0,Crew,Delayed,595,2673,220,182,180.0,32760,82.72727272727273,Autumn
FL01750,2025-02-18,AL002,AC016,AP030,AP028,2025-02-18 08:45:00,2025-02-18 08:45:00,0.0,No Delay,On Time,507,3724,189,139,636.0,88404,73.54497354497354,Winter
FL01751,2024-06-19,AL010,AC017,AP028,AP011,2024-06-19 21:30:00,2024-06-19 21:30:00,0.0,No Delay,On Time,690,7786,296,176,468.0,82368,59.45945945945946,Summer
FL01752,2024-10-28,AL005,AC009,AP030,AP028,2024-10-28 09:30:00,2024-10-28 09:34:00,4.0,Crew,Delayed,645,3486,296,242,435.0,105270,81.75675675675676,Autumn
FL01753,2025-11-11,AL008,AC015,AP029,AP023,2025-11-11 11:15:00,2025-11-11 11:19:00,4.0,Late Aircraft,Delayed,445,1067,396,319,280.0,89320,80.55555555555556,Autumn
FL01754,2024-08-03,AL003,AC026,AP024,AP003,2024-08-03 12:30:00,2024-08-03 14:11:00,101.0,Air Traffic,Delayed,497,6541,189,122,221.0,26962,64.55026455026454,Summer
FL01755,2025-05-13,AL006,AC033,AP019,AP017,2025-05-13 17:30:00,2025-05-13 17:34:00,4.0,Security,Delayed,525,4988,220,183,500.0,91500,83.18181818181817,Spring
FL01756,2023-02-26,AL009,AC026,AP007,AP022,2023-02-26 05:15:00,2023-02-26 07:24:00,129.0,Technical,Severely Delayed,598,8325,189,120,196.0,23520,63.49206349206349,Winter
FL01757,2024-06-26,AL001,AC008,AP001,AP007,2024-06-26 16:15:00,2024-06-26 16:24:00,9.0,Crew,Delayed,85,3579,300,194,357.0,69258,64.66666666666666,Summer
FL01758,2023-05-05,AL002,AC022,AP029,AP018,2023-05-05 22:15:00,2023-05-05 22:22:00,7.0,Late Aircraft,Delayed,262,3734,300,131,386.0,50566,43.66666666666666,Spring
FL01759,2025-07-21,AL005,AC019,AP025,AP002,2025-07-21 06:30:00,2025-07-21 06:36:00,6.0,Weather,Delayed,451,6935,296,237,530.0,125610,80.06756756756756,Summer
FL01760,2025-04-30,AL001,AC025,AP011,AP007,2025-04-30 22:45:00,2025-05-01 01:21:00,156.0,Crew,Severely Delayed,259,5583,296,280,298.0,83440,94.5945945945946,Spring
FL01761,2024-06-06,AL009,AC020,AP020,AP017,2024-06-06 08:45:00,2024-06-06 08:51:00,6.0,Technical,Delayed,536,7072,396,345,307.0,105915,87.12121212121212,Summer
FL01762,2024-09-12,AL005,AC004,AP008,AP004,2024-09-12 16:45:00,2024-09-12 16:48:00,3.0,Late Aircraft,Delayed,110,7177,180,156,607.0,94692,86.66666666666667,Autumn
FL01763,2023-04-20,AL006,AC010,AP011,AP028,2023-04-20 17:15:00,2023-04-20 17:29:00,14.0,Technical,Delayed,143,8004,396,391,135.0,52785,98.73737373737372,Spring
FL01764,2023-02-26,AL003,AC007,AP002,AP023,2023-02-26 10:15:00,2023-02-26 10:56:00,41.0,Air Traffic,Delayed,448,5539,300,240,476.0,114240,80.0,Winter
FL01765,2025-01-25,AL001,AC007,AP014,AP024,2025-01-25 10:45:00,2025-01-25 12:02:00,77.0,Air Traffic,Delayed,121,2046,300,184,234.0,43056,61.33333333333333,Winter
FL01766,2025-07-27,AL008,AC003,AP004,AP007,2025-07-27 15:45:00,2025-07-27 15:47:00,2.0,Late Aircraft,Delayed,556,8134,396,286,401.0,114686,72.22222222222221,Summer
FL01767,2024-05-19,AL005,AC005,AP030,AP003,2024-05-19 10:30:00,2024-05-19 10:30:00,0.0,No Delay,On Time,711,6276,325,216,257.0,55512,66.46153846153847,Spring
FL01768,2025-08-10,AL001,AC004,AP001,AP024,2025-08-10 13:45:00,2025-08-10 13:49:00,4.0,Air Traffic,Cancelled,167,6176,180,0,490.0,0,0.0,Summer
FL01769,2024-05-23,AL004,AC019,AP002,AP030,2024-05-23 05:15:00,2024-05-23 05:24:00,9.0,Technical,Delayed,684,2490,296,186,216.0,40176,62.83783783783784,Spring
FL01770,2024-11-14,AL009,AC023,AP025,AP009,2024-11-14 22:00:00,2024-11-14 22:11:00,11.0,Crew,Delayed,153,5074,180,173,225.0,38925,96.11111111111111,Autumn
FL01771,2023-06-14,AL010,AC003,AP006,AP018,2023-06-14 12:30:00,2023-06-14 12:41:00,11.0,Weather,Delayed,245,2631,396,365,155.0,56575,92.17171717171718,Summer
FL01772,2023-05-03,AL005,AC005,AP022,AP016,2023-05-03 05:45:00,2023-05-03 05:58:00,13.0,Weather,Delayed,705,6869,325,312,316.0,98592,96.0,Spring
FL01773,2025-08-05,AL005,AC019,AP021,AP022,2025-08-05 08:00:00,2025-08-05 08:05:00,5.0,Late Aircraft,Delayed,229,2020,296,209,220.0,45980,70.6081081081081,Summer
FL01774,2025-04-01,AL003,AC031,AP012,AP027,2025-04-01 05:45:00,2025-04-01 05:52:00,7.0,Air Traffic,Delayed,640,1862,300,276,272.0,75072,92.0,Spring
FL01775,2025-06-03,AL003,AC028,AP007,AP020,2025-06-03 06:15:00,2025-06-03 06:26:00,11.0,Weather,Delayed,475,4353,296,251,85.0,21335,84.7972972972973,Summer
FL01776,2025-04-04,AL009,AC004,AP026,AP024,2025-04-04 17:00:00,2025-04-04 17:04:00,4.0,Technical,Delayed,314,6636,180,111,369.0,40959,61.66666666666667,Spring
FL01777,2025-03-01,AL008,AC014,AP026,AP010,2025-03-01 19:15:00,2025-03-01 21:48:00,153.0,Late Aircraft,Severely Delayed,187,4777,325,269,478.0,128582,82.76923076923077,Spring
FL01778,2025-12-06,AL008,AC016,AP016,AP006,2025-12-06 22:30:00,2025-12-06 22:43:00,13.0,Technical,Delayed,400,3158,189,152,170.0,25840,80.42328042328042,Winter
FL01779,2024-11-06,AL009,AC013,AP010,AP018,2024-11-06 12:45:00,2024-11-06 12:45:00,0.0,No Delay,On Time,314,7420,325,237,364.0,86268,72.92307692307692,Autumn
FL01780,2024-04-05,AL003,AC014,AP016,AP021,2024-04-05 20:30:00,2024-04-05 20:34:00,4.0,Late Aircraft,Delayed,501,3159,325,242,615.0,148830,74.46153846153845,Spring
FL01781,2023-09-06,AL003,AC040,AP029,AP005,2023-09-06 09:00:00,2023-09-06 09:11:00,11.0,Security,Delayed,400,2669,220,174,255.0,44370,79.0909090909091,Autumn
FL01782,2024-07-16,AL007,AC005,AP014,AP012,2024-07-16 09:45:00,2024-07-16 09:48:00,3.0,Crew,Delayed,667,2729,325,278,467.0,129826,85.53846153846155,Summer
FL01783,2025-01-01,AL008,AC028,AP017,AP023,2025-01-01 19:45:00,2025-01-01 19:58:00,13.0,Weather,Delayed,277,593,296,245,195.0,47775,82.77027027027027,Winter
FL01784,2023-06-26,AL002,AC024,AP007,AP009,2023-06-26 18:30:00,2023-06-26 18:31:00,1.0,Weather,Delayed,666,3888,296,208,612.0,127296,70.27027027027027,Summer
FL01785,2023-07-21,AL005,AC019,AP029,AP011,2023-07-21 14:00:00,2023-07-21 14:06:00,6.0,Technical,Delayed,166,1992,296,240,180.0,43200,81.08108108108108,Summer
FL01786,2024-01-12,AL002,AC011,AP007,AP030,2024-01-12 06:30:00,2024-01-12 06:33:00,3.0,Crew,Delayed,161,3620,300,209,91.0,19019,69.66666666666667,Winter
FL01787,2025-08-04,AL009,AC033,AP025,AP030,2025-08-04 06:30:00,2025-08-04 06:44:00,14.0,Weather,Delayed,458,6566,220,206,648.0,133488,93.63636363636364,Summer
FL01788,2024-04-05,AL002,AC010,AP028,AP021,2024-04-05 13:00:00,2024-04-05 15:21:00,141.0,Weather,Severely Delayed,622,2650,396,316,522.0,164952,79.7979797979798,Spring
FL01789,2024-09-11,AL007,AC019,AP012,AP008,2024-09-11 12:30:00,2024-09-11 14:18:00,108.0,Air Traffic,Delayed,717,7109,296,151,531.0,80181,51.01351351351351,Autumn
FL01790,2024-02-07,AL003,AC016,AP026,AP008,2024-02-07 15:00:00,2024-02-07 15:04:00,4.0,Weather,Delayed,526,1663,189,130,105.0,13650,68.78306878306879,Winter
FL01791,2023-11-06,AL010,AC007,AP011,AP029,2023-11-06 18:30:00,2023-11-06 18:33:00,3.0,Air Traffic,Delayed,107,5515,300,271,470.0,127370,90.33333333333331,Autumn
FL01792,2023-08-26,AL002,AC013,AP003,AP029,2023-08-26 18:00:00,2023-08-26 18:14:00,14.0,Air Traffic,Delayed,349,5646,325,179,324.0,57996,55.07692307692308,Summer
FL01793,2025-04-06,AL010,AC032,AP017,AP008,2025-04-06 19:45:00,2025-04-06 19:45:00,0.0,No Delay,On Time,113,3671,396,315,173.0,54495,79.54545454545455,Spring
FL01794,2025-10-18,AL002,AC014,AP018,AP009,2025-10-18 12:45:00,2025-10-18 15:15:00,150.0,Late Aircraft,Severely Delayed,122,4022,325,248,194.0,48112,76.3076923076923,Autumn
FL01795,2024-10-21,AL008,AC033,AP007,AP013,2024-10-21 07:00:00,2024-10-21 07:07:00,7.0,Air Traffic,Delayed,235,3494,220,138,580.0,80040,62.727272727272734,Autumn
FL01796,2023-01-02,AL003,AC024,AP027,AP016,2023-01-02 05:30:00,2023-01-02 05:43:00,13.0,Late Aircraft,Delayed,671,6439,296,180,362.0,113580,60.810810810810814,Winter
FL01797,2024-05-23,AL005,AC020,AP004,AP002,2024-05-23 07:15:00,2024-05-23 07:28:00,13.0,Late Aircraft,Delayed,169,4063,396,280,505.0,141400,70.70707070707071,Spring
FL01798,2023-05-20,AL009,AC022,AP017,AP022,2023-05-20 22:00:00,2023-05-20 22:10:00,10.0,Late Aircraft,Delayed,205,2306,300,268,251.0,67268,89.33333333333333,Spring
FL01799,2024-10-03,AL008,AC030,AP007,AP012,2024-10-03 07:15:00,2024-10-03 07:18:00,3.0,Technical,Cancelled,124,1289,325,0,315.0,0,0.0,Autumn
FL01800,2023-08-01,AL001,AC012,AP025,AP028,2023-08-01 15:15:00,2023-08-01 15:16:00,1.0,Security,Delayed,215,2055,189,128,359.0,45952,67.72486772486772,Summer
FL01801,2023-08-16,AL005,AC036,AP008,AP020,2023-08-16 18:45:00,2023-08-16 18:52:00,7.0,Crew,Delayed,650,6823,180,135,611.0,82485,75.0,Summer
FL01802,2024-07-03,AL001,AC025,AP014,AP030,2024-07-03 09:15:00,2024-07-03 10:06:00,51.0,Security,Delayed,178,6903,296,243,94.0,22842,82.0945945945946,Summer
FL01803,2025-12-23,AL008,AC014,AP023,AP020,2025-12-23 11:30:00,2025-12-23 11:37:00,7.0,Technical,Delayed,50,2330,325,220,395.0,86900,67.6923076923077,Winter
FL01804,2025-01-27,AL003,AC006,AP013,AP020,2025-01-27 16:15:00,2025-01-27 16:28:00,13.0,Weather,Delayed,187,8166,300,224,77.0,17248,74.66666666666667,Winter
FL01805,2025-05-24,AL003,AC040,AP002,AP024,2025-05-24 11:15:00,2025-05-24 11:25:00,10.0,Unknown,Delayed,563,3190,220,176,257.0,45232,80.0,Spring
FL01806,2023-09-22,AL002,AC005,AP023,AP002,2023-09-22 22:00:00,2023-09-22 23:22:00,82.0,Security,Delayed,408,8467,325,230,147.0,33810,70.76923076923077,Autumn
FL01807,2025-03-05,AL001,AC032,AP022,AP028,2025-03-05 16:45:00,2025-03-05 16:52:00,7.0,Crew,Delayed,296,7485,396,261,194.0,50634,65.9090909090909,Spring
FL01808,2023-05-13,AL005,AC010,AP030,AP004,2023-05-13 05:45:00,2023-05-13 05:59:00,14.0,Crew,Delayed,696,3849,396,374,109.0,40766,94.44444444444444,Spring
FL01809,2024-04-09,AL007,AC036,AP025,AP004,2024-04-09 05:30:00,2024-04-09 05:36:00,6.0,Weather,Delayed,473,7996,180,135,77.0,10395,75.0,Spring
FL01810,2023-05-10,AL010,AC040,AP011,AP009,2023-05-10 17:45:00,2023-05-10 17:51:00,6.0,Weather,Delayed,693,6628,220,180,437.0,78660,81.81818181818183,Spring
FL01811,2025-03-17,AL008,AC036,AP024,AP008,2025-03-17 22:15:00,2025-03-17 22:27:00,12.0,Late Aircraft,Delayed,202,8450,180,97,489.0,47433,53.888888888888886,Spring
FL01812,2024-04-19,AL002,AC023,AP009,AP027,2024-04-19 11:00:00,2024-04-19 11:12:00,12.0,Weather,Delayed,199,7122,180,108,647.0,69876,60.0,Spring
FL01813,2023-12-05,AL002,AC038,AP014,AP020,2023-12-05 12:30:00,2023-12-05 13:00:00,30.0,Weather,Delayed,402,5907,189,157,386.0,60602,83.06878306878306,Winter
FL01814,2025-05-28,AL005,AC001,AP016,AP007,2025-05-28 05:00:00,2025-05-28 05:06:00,6.0,Technical,Delayed,374,5508,325,222,208.0,46176,68.3076923076923,Spring
FL01815,2025-03-29,AL003,AC030,AP022,AP030,2025-03-29 15:30:00,2025-03-29 17:11:00,101.0,Air Traffic,Delayed,300,395,325,197,242.0,47674,60.61538461538461,Spring
FL01816,2024-06-02,AL004,AC036,AP011,AP004,2024-06-02 10:30:00,2024-06-02 10:43:00,13.0,Crew,Delayed,678,3819,180,178,373.0,66394,98.88888888888889,Summer
FL01817,2023-09-27,AL010,AC028,AP018,AP013,2023-09-27 20:30:00,2023-09-27 20:45:00,15.0,Crew,Delayed,443,7557,296,234,577.0,135018,79.05405405405406,Autumn
FL01818,2025-06-03,AL002,AC033,AP017,AP012,2025-06-03 20:30:00,2025-06-03 20:32:00,2.0,Technical,Delayed,457,2405,220,151,84.0,12684,68.63636363636364,Summer
FL01819,2025-08-30,AL006,AC005,AP012,AP011,2025-08-30 15:15:00,2025-08-30 15:16:00,1.0,Security,Delayed,564,4674,325,269,484.0,130196,82.76923076923077,Summer
FL01820,2025-12-18,AL009,AC014,AP004,AP003,2025-12-18 11:15:00,2025-12-18 11:19:00,4.0,Security,Delayed,402,7886,325,295,200.0,59000,90.76923076923076,Winter
FL01821,2025-10-11,AL001,AC021,AP011,AP001,2025-10-11 21:30:00,2025-10-12 00:06:00,156.0,Crew,Severely Delayed,442,6657,325,212,231.0,48972,65.23076923076923,Autumn
FL01822,2023-07-22,AL009,AC026,AP028,AP001,2023-07-22 20:00:00,2023-07-22 20:25:00,25.0,Weather,Delayed,400,6712,189,125,308.0,38500,66.13756613756614,Summer
FL01823,2024-04-19,AL005,AC033,AP012,AP024,2024-04-19 09:45:00,2024-04-19 11:40:00,115.0,Technical,Delayed,169,4658,220,206,634.0,130604,93.63636363636364,Spring
FL01824,2023-08-13,AL002,AC005,AP008,AP019,2023-08-13 15:30:00,2023-08-13 15:34:00,4.0,Late Aircraft,Delayed,578,7652,325,171,367.0,62757,52.61538461538462,Summer
FL01825,2023-05-06,AL002,AC009,AP018,AP015,2023-05-06 11:15:00,2023-05-06 12:07:00,52.0,Crew,Delayed,55,3293,296,158,467.0,73786,53.37837837837838,Spring
FL01826,2024-11-09,AL009,AC036,AP013,AP022,2024-11-09 07:00:00,2024-11-09 07:06:00,6.0,Late Aircraft,Delayed,302,4279,180,168,378.0,63504,93.33333333333331,Autumn
FL01827,2024-05-19,AL006,AC029,AP010,AP002,2024-05-19 17:45:00,2024-05-19 17:52:00,7.0,Late Aircraft,Delayed,107,1718,220,148,255.0,37740,67.27272727272727,Spring
FL01828,2023-08-03,AL006,AC032,AP003,AP020,2023-08-03 20:00:00,2023-08-03 20:10:00,10.0,Late Aircraft,Delayed,531,5399,396,278,110.0,30580,70.2020202020202,Summer
FL01829,2023-08-10,AL010,AC020,AP014,AP003,2023-08-10 13:15:00,2023-08-10 15:23:00,128.0,Late Aircraft,Severely Delayed,179,3323,396,292,385.0,112420,73.73737373737373,Summer
FL01830,2023-07-02,AL003,AC038,AP006,AP011,2023-07-02 20:45:00,2023-07-02 22:04:00,79.0,Crew,Delayed,154,7408,189,161,641.0,103201,85.18518518518519,Summer
FL01831,2025-09-12,AL005,AC016,AP018,AP009,2025-09-12 22:00:00,2025-09-12 22:01:00,1.0,Weather,Delayed,638,8122,189,180,391.0,70380,95.23809523809524,Autumn
FL01832,2024-09-02,AL005,AC013,AP002,AP023,2024-09-02 08:15:00,2024-09-02 08:18:00,3.0,Technical,Delayed,348,2955,325,240,444.0,106560,73.84615384615385,Autumn
FL01833,2024-10-14,AL008,AC034,AP025,AP021,2024-10-14 10:45:00,2024-10-14 10:52:00,7.0,Technical,Delayed,584,3221,300,187,170.0,31790,62.33333333333333,Autumn
FL01834,2023-10-25,AL009,AC001,AP026,AP014,2023-10-25 21:45:00,2023-10-25 21:55:00,10.0,Late Aircraft,Delayed,298,8233,325,280,456.0,127680,86.15384615384616,Autumn
FL01835,2024-10-04,AL006,AC027,AP026,AP019,2024-10-04 05:00:00,2024-10-04 05:06:00,6.0,Late Aircraft,Delayed,172,7418,325,148,370.0,54760,45.53846153846154,Autumn
FL01836,2023-04-27,AL004,AC037,AP015,AP006,2023-04-27 19:15:00,2023-04-27 19:21:00,6.0,Crew,Delayed,542,5151,220,130,596.0,77480,59.09090909090909,Spring
FL01837,2024-02-21,AL003,AC001,AP008,AP001,2024-02-21 09:15:00,2024-02-21 09:18:00,3.0,Air Traffic,Delayed,426,1023,325,226,419.0,94694,69.53846153846153,Winter
FL01838,2025-10-22,AL010,AC019,AP005,AP011,2025-10-22 05:00:00,2025-10-22 05:43:00,43.0,Weather,Delayed,308,6904,296,267,606.0,161802,90.2027027027027,Autumn
FL01839,2023-10-05,AL004,AC033,AP005,AP004,2023-10-05 17:45:00,2023-10-05 17:59:00,14.0,Late Aircraft,Delayed,152,8095,220,149,243.0,36207,67.72727272727272,Autumn
FL01840,2024-09-14,AL009,AC032,AP001,AP029,2024-09-14 06:30:00,2024-09-14 06:39:00,9.0,Security,Delayed,123,3386,396,264,478.0,126192,66.66666666666666,Autumn
FL01841,2024-08-10,AL007,AC027,AP002,AP011,2024-08-10 16:45:00,2024-08-10 18:08:00,83.0,Technical,Cancelled,570,5414,325,0,644.0,0,0.0,Summer
FL01842,2023-02-26,AL010,AC028,AP017,AP021,2023-02-26 05:30:00,2023-02-26 05:43:00,13.0,Late Aircraft,Delayed,497,7351,296,200,435.0,87000,67.56756756756756,Winter
FL01843,2023-02-08,AL004,AC024,AP013,AP001,2023-02-08 08:30:00,2023-02-08 08:41:00,11.0,Weather,Delayed,520,5352,296,259,578.0,149702,87.5,Winter
FL01844,2023-05-04,AL008,AC015,AP017,AP004,2023-05-04 17:45:00,2023-05-04 18:00:00,15.0,Air Traffic,Delayed,418,6464,396,392,370.0,145040,98.989898989899,Spring
FL01845,2025-11-20,AL007,AC032,AP021,AP009,2025-11-20 12:15:00,2025-11-20 12:23:00,8.0,Air Traffic,Delayed,672,7075,396,281,505.0,141905,70.95959595959596,Autumn
FL01846,2023-04-19,AL001,AC036,AP020,AP005,2023-04-19 11:00:00,2023-04-19 11:00:00,0.0,No Delay,On Time,495,4357,180,171,137.0,23427,95.0,Spring
FL01847,2025-01-14,AL001,AC019,AP001,AP018,2025-01-14 18:00:00,2025-01-14 18:48:00,48.0,Weather,Delayed,260,6659,296,202,159.0,32118,68.24324324324324,Winter
FL01848,2025-05-13,AL004,AC006,AP026,AP017,2025-05-13 17:30:00,2025-05-13 17:33:00,3.0,Technical,Cancelled,154,7132,300,0,401.0,0,0.0,Spring
FL01849,2025-01-27,AL005,AC031,AP016,AP012,2025-01-27 14:30:00,2025-01-27 14:41:00,11.0,Late Aircraft,Delayed,448,4667,300,216,425.0,91800,72.0,Winter
FL01850,2023-02-02,AL004,AC031,AP025,AP004,2023-02-02 18:15:00,2023-02-02 18:15:00,0.0,No Delay,On Time,217,2027,300,164,187.0,30668,54.66666666666666,Winter
FL01851,2024-08-12,AL006,AC013,AP012,AP028,2024-08-12 15:30:00,2024-08-12 15:30:00,0.0,No Delay,On Time,176,6191,325,272,167.0,45424,83.6923076923077,Summer
FL01852,2023-05-20,AL001,AC026,AP027,AP001,2023-05-20 17:45:00,2023-05-20 17:51:00,6.0,Security,Delayed,682,4549,189,144,607.0,87408,76.19047619047619,Spring
FL01853,2024-09-12,AL007,AC008,AP017,AP029,2024-09-12 18:00:00,2024-09-12 18:06:00,6.0,Late Aircraft,Delayed,644,6857,300,195,238.0,46410,65.0,Autumn
FL01854,2023-03-23,AL001,AC013,AP029,AP015,2023-03-23 11:30:00,2023-03-23 11:42:00,12.0,Security,Delayed,207,2546,325,242,119.0,28798,74.46153846153845,Spring
FL01855,2025-11-24,AL005,AC025,AP007,AP004,2025-11-24 14:15:00,2025-11-24 16:36:00,141.0,Late Aircraft,Severely Delayed,261,2720,296,203,350.0,71050,68.58108108108108,Autumn
FL01856,2023-05-17,AL007,AC029,AP009,AP002,2023-05-17 22:30:00,2023-05-17 22:51:00,21.0,Air Traffic,Delayed,177,2114,220,141,163.0,22983,64.0909090909091,Spring
FL01857,2023-11-27,AL009,AC031,AP021,AP016,2023-11-27 22:30:00,2023-11-27 22:36:00,6.0,Late Aircraft,Delayed,251,8080,300,216,522.0,112752,72.0,Autumn
FL01858,2023-07-16,AL007,AC033,AP013,AP018,2023-07-16 22:30:00,2023-07-16 22:50:00,20.0,Technical,Delayed,401,8341,220,119,631.0,75089,54.090909090909086,Summer
FL01859,2025-08-30,AL007,AC040,AP021,AP013,2025-08-30 16:30:00,2025-08-30 16:44:00,14.0,Technical,Delayed,406,3101,220,186,249.0,46314,84.54545454545455,Summer
FL01860,2025-01-29,AL006,AC013,AP001,AP025,2025-01-29 16:45:00,2025-01-29 16:55:00,10.0,Technical,Delayed,198,5396,325,252,367.0,92484,77.53846153846153,Winter
FL01861,2025-04-20,AL003,AC005,AP029,AP021,2025-04-20 17:45:00,2025-04-20 17:53:00,8.0,Weather,Delayed,457,4077,325,255,390.0,99450,78.46153846153847,Spring
FL01862,2024-09-13,AL005,AC032,AP024,AP022,2024-09-13 06:45:00,2024-09-13 06:45:00,0.0,No Delay,On Time,158,5329,396,316,633.0,200028,79.7979797979798,Autumn
FL01863,2025-08-01,AL002,AC026,AP002,AP011,2025-08-01 08:45:00,2025-08-01 08:51:00,6.0,Air Traffic,Delayed,262,5703,189,173,298.0,51554,91.53439153439152,Summer
FL01864,2025-05-01,AL002,AC025,AP019,AP021,2025-05-01 07:30:00,2025-05-01 07:42:00,12.0,Security,Delayed,492,3331,296,264,564.0,148896,89.1891891891892,Spring
FL01865,2024-05-19,AL007,AC003,AP021,AP020,2024-05-19 16:00:00,2024-05-19 16:02:00,2.0,Security,Delayed,303,1309,396,320,565.0,180800,80.8080808080808,Spring
FL01866,2024-12-29,AL009,AC029,AP011,AP003,2024-12-29 05:30:00,2024-12-29 06:22:00,52.0,Technical,Delayed,617,6789,220,163,457.0,74491,74.0909090909091,Winter
FL01867,2024-10-12,AL006,AC018,AP015,AP020,2024-10-12 18:30:00,2024-10-12 18:40:00,10.0,Air Traffic,Delayed,420,6252,189,131,471.0,61701,69.31216931216932,Autumn
FL01868,2023-11-30,AL004,AC022,AP016,AP003,2023-11-30 05:30:00,2023-11-30 05:31:00,1.0,Technical,Cancelled,127,2449,300,0,216.0,0,0.0,Autumn
FL01869,2024-04-29,AL009,AC006,AP005,AP016,2024-04-29 10:45:00,2024-04-29 10:51:00,6.0,Late Aircraft,Delayed,197,497,300,267,642.0,171414,89.0,Spring
FL01870,2025-01-21,AL007,AC038,AP003,AP002,2025-01-21 06:30:00,2025-01-21 08:55:00,145.0,Weather,Severely Delayed,240,1928,189,121,113.0,13673,64.02116402116403,Winter
FL01871,2023-04-20,AL002,AC040,AP022,AP004,2023-04-20 21:30:00,2023-04-20 21:35:00,5.0,Weather,Delayed,293,6195,220,156,450.0,70200,70.9090909090909,Spring
FL01872,2023-11-01,AL007,AC006,AP019,AP007,2023-11-01 22:30:00,2023-11-01 22:39:00,9.0,Weather,Delayed,253,1584,300,217,202.0,43834,72.33333333333334,Autumn
FL01873,2023-07-02,AL006,AC024,AP025,AP028,2023-07-02 13:15:00,2023-07-02 13:25:00,10.0,Late Aircraft,Delayed,51,817,296,140,346.0,48440,47.2972972972973,Summer
FL01874,2023-11-15,AL006,AC039,AP026,AP001,2023-11-15 17:15:00,2023-11-15 17:22:00,7.0,Technical,Delayed,638,6342,300,223,311.0,69353,74.33333333333333,Autumn
FL01875,2025-11-24,AL010,AC019,AP016,AP028,2025-11-24 17:00:00,2025-11-24 17:07:00,7.0,Weather,Delayed,465,2048,296,163,646.0,105298,55.067567567567565,Autumn
FL01876,2023-07-20,AL002,AC032,AP019,AP011,2023-07-20 18:45:00,2023-07-20 18:46:00,1.0,Weather,Delayed,432,3730,396,324,123.0,39852,81.81818181818183,Summer
FL01877,2024-01-30,AL002,AC029,AP021,AP013,2024-01-30 13:30:00,2024-01-30 15:12:00,102.0,Technical,Delayed,219,4122,220,111,540.0,59940,50.45454545454545,Winter
FL01878,2025-04-19,AL003,AC011,AP014,AP016,2025-04-19 11:00:00,2025-04-19 11:00:00,0.0,No Delay,On Time,539,301,300,152,105.0,15960,50.66666666666667,Spring
FL01879,2024-07-16,AL010,AC023,AP003,AP020,2024-07-16 15:30:00,2024-07-16 15:45:00,15.0,Technical,Delayed,431,4584,180,92,485.0,44620,51.11111111111111,Summer
FL01880,2025-01-01,AL006,AC004,AP009,AP004,2025-01-01 06:00:00,2025-01-01 06:12:00,12.0,Weather,Delayed,325,703,180,130,268.0,34840,72.22222222222221,Winter
FL01881,2024-01-09,AL005,AC019,AP003,AP009,2024-01-09 05:30:00,2024-01-09 05:33:00,3.0,Security,Delayed,149,7049,296,154,415.0,63910,52.02702702702703,Winter
FL01882,2025-07-13,AL004,AC003,AP014,AP003,2025-07-13 08:45:00,2025-07-13 08:52:00,7.0,Technical,Delayed,333,7884,396,326,258.0,84108,82.32323232323232,Summer
FL01883,2024-12-24,AL001,AC001,AP030,AP004,2024-12-24 07:30:00,2024-12-24 07:33:00,3.0,Technical,Delayed,271,5387,325,288,343.0,98784,88.61538461538461,Winter
FL01884,2024-10-07,AL007,AC015,AP007,AP022,2024-10-07 12:45:00,2024-10-07 12:58:00,13.0,Crew,Delayed,402,5685,396,291,420.0,122220,73.48484848484848,Autumn
FL01885,2024-11-16,AL001,AC009,AP021,AP026,2024-11-16 20:15:00,2024-11-16 21:39:00,84.0,Weather,Delayed,681,2550,296,140,434.0,60760,47.2972972972973,Autumn
FL01886,2024-05-28,AL008,AC004,AP006,AP016,2024-05-28 20:45:00,2024-05-28 20:53:00,8.0,Security,Delayed,404,2367,180,125,392.0,49000,69.44444444444444,Spring
FL01887,2023-01-05,AL010,AC034,AP019,AP014,2023-01-05 18:30:00,2023-01-05 21:26:00,176.0,Late Aircraft,Severely Delayed,153,2649,300,277,639.0,177003,92.33333333333331,Winter
FL01888,2024-12-03,AL010,AC032,AP011,AP017,2024-12-03 13:00:00,2024-12-03 13:04:00,4.0,Crew,Delayed,638,8324,396,168,215.0,36120,42.42424242424242,Winter
FL01889,2025-01-21,AL009,AC036,AP020,AP007,2025-01-21 14:45:00,2025-01-21 14:55:00,10.0,Technical,Delayed,552,2748,180,133,333.0,44289,73.88888888888889,Winter
FL01890,2024-05-22,AL006,AC025,AP011,AP024,2024-05-22 20:30:00,2024-05-22 20:35:00,5.0,Technical,Delayed,332,2429,296,122,569.0,69418,41.21621621621622,Spring
FL01891,2023-01-20,AL007,AC025,AP011,AP001,2023-01-20 17:15:00,2023-01-20 17:15:00,0.0,No Delay,On Time,223,3681,296,214,521.0,111494,72.2972972972973,Winter
FL01892,2023-12-07,AL006,AC026,AP017,AP007,2023-12-07 06:15:00,2023-12-07 06:23:00,8.0,Security,Delayed,593,4121,189,98,218.0,21364,51.85185185185185,Winter
FL01893,2023-03-11,AL004,AC006,AP029,AP003,2023-03-11 22:45:00,2023-03-11 22:45:00,0.0,No Delay,On Time,355,8124,300,160,128.0,20480,53.333333333333336,Spring
FL01894,2025-06-17,AL005,AC037,AP023,AP018,2025-06-17 19:45:00,2025-06-17 19:53:00,8.0,Late Aircraft,Delayed,426,5073,220,155,247.0,38285,70.45454545454545,Summer
FL01895,2025-01-21,AL008,AC004,AP011,AP010,2025-01-21 21:30:00,2025-01-21 21:32:00,2.0,Technical,Delayed,674,6134,180,138,199.0,27462,76.66666666666667,Winter
FL01896,2024-07-02,AL010,AC021,AP029,AP005,2024-07-02 06:45:00,2024-07-02 06:56:00,11.0,Late Aircraft,Delayed,611,4504,325,226,465.0,105090,69.53846153846153,Summer
FL01897,2024-05-22,AL005,AC015,AP011,AP026,2024-05-22 17:00:00,2024-05-22 17:10:00,10.0,Late Aircraft,Delayed,457,6056,396,298,436.0,129928,75.25252525252525,Spring
FL01898,2024-09-30,AL006,AC016,AP022,AP011,2024-09-30 07:00:00,2024-09-30 08:31:00,91.0,Air Traffic,Delayed,542,3908,189,153,215.0,32895,80.95238095238095,Autumn
FL01899,2023-01-15,AL004,AC005,AP004,AP029,2023-01-15 08:45:00,2023-01-15 08:54:00,9.0,Crew,Delayed,337,3591,325,260,582.0,151320,80.0,Winter
FL01900,2025-11-08,AL004,AC015,AP026,AP016,2025-11-08 22:45:00,2025-11-08 22:51:00,6.0,Air Traffic,Delayed,621,7667,396,294,150.0,44100,74.24242424242425,Autumn
FL01901,2024-06-18,AL001,AC004,AP026,AP029,2024-06-18 05:30:00,2024-06-18 05:43:00,13.0,Technical,Delayed,106,1164,180,125,478.0,59750,69.44444444444444,Summer
FL01902,2023-03-29,AL009,AC040,AP028,AP011,2023-03-29 14:30:00,2023-03-29 14:30:00,0.0,No Delay,On Time,618,5246,220,154,347.0,53438,70.0,Spring
FL01903,2025-11-16,AL004,AC024,AP001,AP006,2025-11-16 06:45:00,2025-11-16 07:37:00,52.0,Weather,Delayed,383,5053,296,164,455.0,74620,55.4054054054054,Autumn
FL01904,2024-06-18,AL002,AC036,AP013,AP030,2024-06-18 20:00:00,2024-06-18 20:01:00,1.0,Crew,Delayed,461,7648,180,166,154.0,25564,92.22222222222224,Summer
FL01905,2023-11-28,AL010,AC029,AP025,AP004,2023-11-28 08:45:00,2023-11-28 08:55:00,10.0,Technical,Delayed,485,1974,220,182,485.0,88270,82.72727272727273,Autumn
FL01906,2025-11-13,AL003,AC029,AP005,AP021,2025-11-13 20:00:00,2025-11-13 20:05:00,5.0,Late Aircraft,Delayed,300,5484,220,186,221.0,41106,84.54545454545455,Autumn
FL01907,2025-02-04,AL003,AC040,AP015,AP009,2025-02-04 10:45:00,2025-02-04 12:17:00,92.0,Weather,Delayed,186,3154,220,163,146.0,23798,74.0909090909091,Winter
FL01908,2025-09-10,AL008,AC025,AP017,AP007,2025-09-10 17:00:00,2025-09-10 17:04:00,4.0,Crew,Delayed,398,4434,296,214,87.0,18618,72.2972972972973,Autumn
FL01909,2023-03-16,AL008,AC034,AP009,AP014,2023-03-16 16:15:00,2023-03-16 16:30:00,15.0,Weather,Delayed,310,2236,300,256,159.0,40704,85.33333333333334,Spring
FL01910,2024-06-23,AL004,AC037,AP029,AP012,2024-06-23 12:00:00,2024-06-23 12:15:00,15.0,Technical,Delayed,649,6825,220,200,509.0,101800,90.9090909090909,Summer
FL01911,2024-12-09,AL009,AC006,AP028,AP006,2024-12-09 21:45:00,2024-12-09 21:50:00,5.0,Security,Delayed,191,5425,300,217,479.0,103943,72.33333333333334,Winter
FL01912,2023-05-28,AL009,AC035,AP021,AP010,2023-05-28 18:00:00,2023-05-28 18:02:00,2.0,Security,Delayed,652,1093,189,143,265.0,37895,75.66137566137566,Spring
FL01913,2025-08-21,AL004,AC030,AP029,AP001,2025-08-21 09:15:00,2025-08-21 09:30:00,15.0,Air Traffic,Cancelled,436,959,325,0,196.0,0,0.0,Summer
FL01914,2024-02-16,AL003,AC001,AP015,AP012,2024-02-16 08:45:00,2024-02-16 09:33:00,48.0,Security,Delayed,636,6161,325,296,335.0,99160,91.07692307692308,Winter
FL01915,2023-04-28,AL008,AC011,AP015,AP005,2023-04-28 12:00:00,2023-04-28 12:05:00,5.0,Air Traffic,Delayed,286,2892,300,196,129.0,25284,65.33333333333333,Spring
FL01916,2025-08-07,AL002,AC025,AP021,AP001,2025-08-07 09:15:00,2025-08-07 09:15:00,0.0,No Delay,On Time,239,8072,296,178,589.0,104842,60.13513513513513,Summer
FL01917,2025-02-22,AL002,AC037,AP021,AP015,2025-02-22 15:00:00,2025-02-22 15:08:00,8.0,Air Traffic,Delayed,331,682,220,154,513.0,79002,70.0,Winter
FL01918,2024-05-01,AL009,AC025,AP003,AP006,2024-05-01 13:45:00,2024-05-01 13:46:00,1.0,Weather,Delayed,454,3943,296,176,159.0,27984,59.45945945945946,Spring
FL01919,2025-11-19,AL001,AC023,AP020,AP025,2025-11-19 15:30:00,2025-11-19 15:32:00,2.0,Late Aircraft,Delayed,491,8276,180,144,132.0,19008,80.0,Autumn
FL01920,2025-03-10,AL009,AC028,AP003,AP029,2025-03-10 16:15:00,2025-03-10 16:22:00,7.0,Crew,Delayed,642,8092,296,229,337.0,77173,77.36486486486487,Spring
FL01921,2025-10-18,AL009,AC017,AP018,AP001,2025-10-18 14:00:00,2025-10-18 16:57:00,177.0,Technical,Severely Delayed,299,575,296,142,399.0,56658,47.97297297297297,Autumn
FL01922,2023-06-23,AL003,AC005,AP021,AP026,2023-06-23 09:00:00,2023-06-23 09:02:00,2.0,Technical,Delayed,211,7993,325,208,85.0,17680,64.0,Summer
FL01923,2025-05-15,AL008,AC021,AP026,AP023,2025-05-15 19:45:00,2025-05-15 22:15:00,150.0,Late Aircraft,Severely Delayed,425,6945,325,266,104.0,27664,81.84615384615384,Spring
FL01924,2023-12-03,AL009,AC031,AP020,AP010,2023-12-03 20:30:00,2023-12-03 20:34:00,4.0,Late Aircraft,Delayed,311,4634,300,146,606.0,88476,48.66666666666667,Winter
FL01925,2023-06-21,AL010,AC021,AP010,AP030,2023-06-21 19:00:00,2023-06-21 19:02:00,2.0,Weather,Delayed,398,7331,325,280,506.0,141680,86.15384615384616,Summer
FL01926,2025-11-17,AL007,AC015,AP001,AP030,2025-11-17 10:45:00,2025-11-17 10:50:00,5.0,Security,Delayed,182,1555,396,299,156.0,46644,75.5050505050505,Autumn
FL01927,2023-08-05,AL005,AC026,AP004,AP007,2023-08-05 22:30:00,2023-08-05 22:32:00,2.0,Late Aircraft,Delayed,50,1052,189,153,472.0,72216,80.95238095238095,Summer
FL01928,2024-10-19,AL010,AC030,AP019,AP005,2024-10-19 17:15:00,2024-10-19 17:22:00,7.0,Air Traffic,Delayed,582,2788,325,273,490.0,133770,84.0,Autumn
FL01929,2024-07-31,AL007,AC007,AP026,AP025,2024-07-31 16:15:00,2024-07-31 16:15:00,0.0,No Delay,On Time,179,1035,300,243,276.0,67068,81.0,Summer
FL01930,2023-03-10,AL003,AC014,AP012,AP027,2023-03-10 05:45:00,2023-03-10 05:51:00,6.0,Late Aircraft,Delayed,437,3836,325,259,466.0,120694,79.6923076923077,Spring
FL01931,2023-09-07,AL005,AC039,AP019,AP003,2023-09-07 11:45:00,2023-09-07 11:52:00,7.0,Air Traffic,Delayed,253,8300,300,216,336.0,72576,72.0,Autumn
FL01932,2025-10-04,AL007,AC011,AP026,AP003,2025-10-04 14:00:00,2025-10-04 14:01:00,1.0,Weather,Delayed,344,3515,300,235,309.0,72615,78.33333333333333,Autumn
FL01933,2023-06-21,AL007,AC011,AP001,AP021,2023-06-21 08:45:00,2023-06-21 08:56:00,11.0,Security,Delayed,637,7093,300,240,355.0,85200,80.0,Summer
FL01934,2024-07-02,AL001,AC038,AP011,AP008,2024-07-02 13:00:00,2024-07-02 13:12:00,12.0,Crew,Delayed,652,5060,189,141,610.0,86010,74.60317460317461,Summer
FL01935,2024-09-26,AL010,AC012,AP024,AP011,2024-09-26 11:15:00,2024-09-26 11:17:00,2.0,Technical,Delayed,717,1734,189,116,401.0,46516,61.37566137566137,Autumn
FL01936,2024-09-11,AL005,AC027,AP023,AP016,2024-09-11 14:00:00,2024-09-11 14:03:00,3.0,Late Aircraft,Delayed,363,950,325,256,278.0,71168,78.76923076923077,Autumn
FL01937,2024-09-22,AL002,AC004,AP009,AP007,2024-09-22 13:00:00,2024-09-22 13:00:00,0.0,No Delay,On Time,149,5482,180,152,539.0,81928,84.44444444444444,Autumn
FL01938,2023-02-18,AL002,AC022,AP006,AP005,2023-02-18 15:30:00,2023-02-18 15:36:00,6.0,Security,Delayed,597,8010,300,227,384.0,87168,75.66666666666667,Winter
FL01939,2023-11-10,AL005,AC028,AP015,AP004,2023-11-10 11:00:00,2023-11-10 11:06:00,6.0,Air Traffic,Delayed,90,2376,296,225,273.0,61425,76.01351351351352,Autumn
FL01940,2023-12-20,AL006,AC037,AP024,AP030,2023-12-20 07:15:00,2023-12-20 07:21:00,6.0,Late Aircraft,Delayed,617,6871,220,158,163.0,25754,71.81818181818181,Winter
FL01941,2025-10-31,AL008,AC003,AP013,AP023,2025-10-31 17:30:00,2025-10-31 19:35:00,125.0,Technical,Severely Delayed,194,5906,396,368,485.0,178480,92.92929292929291,Autumn
FL01942,2025-08-17,AL006,AC009,AP020,AP024,2025-08-17 17:00:00,2025-08-17 17:13:00,13.0,Technical,Delayed,511,5709,296,287,323.0,92701,96.95945945945948,Summer
FL01943,2025-04-08,AL005,AC025,AP012,AP003,2025-04-08 15:30:00,2025-04-08 15:36:00,6.0,Late Aircraft,Delayed,479,1914,296,218,381.0,83058,73.64864864864865,Spring
FL01944,2024-09-04,AL008,AC023,AP004,AP020,2024-09-04 06:45:00,2024-09-04 06:59:00,14.0,Crew,Delayed,348,3832,180,151,72.0,10872,83.88888888888889,Autumn
FL01945,2024-03-11,AL002,AC013,AP014,AP023,2024-03-11 18:00:00,2024-03-11 18:49:00,49.0,Late Aircraft,Delayed,165,4704,325,241,244.0,58804,74.15384615384616,Spring
FL01946,2024-05-07,AL009,AC002,AP028,AP006,2024-05-07 10:45:00,2024-05-07 10:45:00,0.0,No Delay,On Time,358,6546,300,192,435.0,83520,64.0,Spring
FL01947,2023-03-10,AL009,AC001,AP017,AP006,2023-03-10 07:30:00,2023-03-10 07:31:00,1.0,Technical,Delayed,340,5713,325,170,107.0,18190,52.30769230769232,Spring
FL01948,2023-01-21,AL009,AC019,AP006,AP013,2023-01-21 06:45:00,2023-01-21 06:59:00,14.0,Weather,Delayed,219,7514,296,233,354.0,82482,78.71621621621621,Winter
FL01949,2024-02-12,AL006,AC018,AP015,AP005,2024-02-12 15:00:00,2024-02-12 15:11:00,11.0,Crew,Delayed,448,6681,189,170,494.0,83980,89.94708994708994,Winter
FL01950,2024-08-18,AL005,AC010,AP005,AP024,2024-08-18 07:00:00,2024-08-18 07:02:00,2.0,Technical,Delayed,336,1702,396,247,248.0,61256,62.37373737373737,Summer
FL01951,2024-04-04,AL004,AC019,AP001,AP019,2024-04-04 20:15:00,2024-04-04 20:26:00,11.0,Technical,Delayed,84,7839,296,286,132.0,37752,96.62162162162164,Spring
FL01952,2025-11-08,AL003,AC001,AP007,AP015,2025-11-08 19:30:00,2025-11-08 19:42:00,12.0,Security,Delayed,59,1727,325,278,209.0,58102,85.53846153846155,Autumn
FL01953,2025-10-08,AL007,AC035,AP020,AP021,2025-10-08 21:15:00,2025-10-08 21:21:00,6.0,Air Traffic,Delayed,669,1111,189,118,468.0,55224,62.43386243386243,Autumn
FL01954,2024-10-06,AL010,AC019,AP029,AP012,2024-10-06 12:45:00,2024-10-06 12:52:00,7.0,Technical,Delayed,64,6909,296,180,335.0,60300,60.810810810810814,Autumn
FL01955,2023-12-29,AL006,AC027,AP017,AP025,2023-12-29 14:45:00,2023-12-29 14:46:00,1.0,Weather,Delayed,91,4968,325,208,92.0,19136,64.0,Winter
FL01956,2023-04-14,AL010,AC040,AP020,AP007,2023-04-14 21:30:00,2023-04-14 21:32:00,2.0,Air Traffic,Delayed,485,6531,220,122,550.0,67100,55.45454545454545,Spring
FL01957,2023-10-01,AL001,AC040,AP008,AP030,2023-10-01 19:15:00,2023-10-01 19:18:00,3.0,Late Aircraft,Delayed,166,1733,220,159,271.0,43089,72.27272727272728,Autumn
FL01958,2025-02-15,AL004,AC002,AP001,AP008,2025-02-15 06:15:00,2025-02-15 08:19:00,124.0,Security,Severely Delayed,94,4496,300,177,590.0,104430,59.0,Winter
FL01959,2025-07-18,AL008,AC035,AP030,AP001,2025-07-18 07:15:00,2025-07-18 07:23:00,8.0,Air Traffic,Delayed,83,6623,189,117,566.0,66222,61.90476190476191,Summer
FL01960,2025-11-06,AL003,AC028,AP010,AP022,2025-11-06 11:00:00,2025-11-06 11:03:00,3.0,Crew,Delayed,545,4010,296,212,335.0,71020,71.62162162162163,Autumn
FL01961,2023-05-08,AL003,AC039,AP028,AP008,2023-05-08 05:00:00,2023-05-08 05:04:00,4.0,Air Traffic,Delayed,490,8312,300,258,85.0,21930,86.0,Spring
FL01962,2025-10-14,AL006,AC011,AP008,AP019,2025-10-14 15:15:00,2025-10-14 15:19:00,4.0,Weather,Delayed,81,2693,300,254,252.0,64008,84.66666666666667,Autumn
FL01963,2024-01-11,AL005,AC002,AP003,AP001,2024-01-11 07:15:00,2024-01-11 07:18:00,3.0,Security,Delayed,534,5987,300,297,200.0,59400,99.0,Winter
FL01964,2023-06-13,AL007,AC027,AP026,AP013,2023-06-13 06:15:00,2023-06-13 06:23:00,8.0,Technical,Delayed,254,6409,325,237,494.0,117078,72.92307692307692,Summer
FL01965,2024-01-08,AL005,AC016,AP011,AP006,2024-01-08 11:00:00,2024-01-08 11:01:00,1.0,Weather,Delayed,163,6156,189,172,600.0,103200,91.005291005291,Winter
FL01966,2024-02-24,AL009,AC028,AP026,AP002,2024-02-24 22:45:00,2024-02-24 22:59:00,14.0,Crew,Delayed,92,3229,296,223,118.0,26314,75.33783783783784,Winter
FL01967,2023-03-12,AL003,AC039,AP021,AP006,2023-03-12 13:45:00,2023-03-12 13:51:00,6.0,Air Traffic,Cancelled,409,3428,300,0,79.0,0,0.0,Spring
FL01968,2024-03-25,AL010,AC040,AP013,AP007,2024-03-25 06:00:00,2024-03-25 07:13:00,73.0,Air Traffic,Delayed,142,731,220,154,208.0,32032,70.0,Spring
FL01969,2024-04-13,AL003,AC016,AP026,AP005,2024-04-13 18:15:00,2024-04-13 18:20:00,5.0,Late Aircraft,Delayed,185,440,189,123,403.0,49569,65.07936507936508,Spring
FL01970,2023-05-20,AL006,AC015,AP003,AP010,2023-05-20 07:45:00,2023-05-20 07:49:00,4.0,Air Traffic,Delayed,472,1655,396,302,103.0,31106,76.26262626262627,Spring
FL01971,2025-07-20,AL008,AC008,AP026,AP002,2025-07-20 06:45:00,2025-07-20 06:56:00,11.0,Crew,Delayed,677,7895,300,297,453.0,134541,99.0,Summer
FL01972,2025-10-08,AL009,AC025,AP011,AP030,2025-10-08 08:00:00,2025-10-08 08:04:00,4.0,Technical,Delayed,283,2209,296,203,277.0,56231,68.58108108108108,Autumn
FL01973,2023-05-04,AL002,AC029,AP012,AP004,2023-05-04 05:00:00,2023-05-04 05:12:00,12.0,Weather,Delayed,517,7979,220,190,246.0,46740,86.36363636363636,Spring
FL01974,2024-02-27,AL008,AC021,AP017,AP022,2024-02-27 13:15:00,2024-02-27 13:18:00,3.0,Security,Delayed,495,5447,325,261,90.0,23490,80.3076923076923,Winter
FL01975,2024-07-20,AL010,AC018,AP008,AP007,2024-07-20 18:00:00,2024-07-20 18:07:00,7.0,Crew,Delayed,616,5206,189,140,174.0,24360,74.07407407407408,Summer
FL01976,2025-07-10,AL005,AC034,AP012,AP019,2025-07-10 18:15:00,2025-07-10 18:26:00,11.0,Crew,Delayed,459,3146,300,201,553.0,111153,67.0,Summer
FL01977,2025-12-15,AL005,AC003,AP030,AP020,2025-12-15 08:30:00,2025-12-15 08:41:00,11.0,Crew,Delayed,667,6659,396,320,475.0,152000,80.8080808080808,Winter
FL01978,2025-08-10,AL002,AC017,AP003,AP005,2025-08-10 14:15:00,2025-08-10 14:30:00,15.0,Security,Delayed,430,5898,296,235,260.0,61100,79.3918918918919,Summer
FL01979,2023-05-21,AL009,AC034,AP030,AP018,2023-05-21 21:15:00,2023-05-21 21:16:00,1.0,Weather,Delayed,143,2004,300,255,107.0,27285,85.0,Spring
FL01980,2023-05-21,AL007,AC018,AP005,AP023,2023-05-21 12:00:00,2023-05-21 13:48:00,108.0,Crew,Delayed,341,7522,189,178,503.0,89534,94.17989417989418,Spring
FL01981,2024-05-16,AL007,AC032,AP022,AP007,2024-05-16 07:30:00,2024-05-16 07:31:00,1.0,Technical,Delayed,440,1744,396,317,204.0,64668,80.05050505050505,Spring
FL01982,2023-07-03,AL008,AC027,AP022,AP004,2023-07-03 21:00:00,2023-07-03 21:12:00,12.0,Crew,Delayed,615,4564,325,252,167.0,42084,77.53846153846153,Summer
FL01983,2025-07-16,AL004,AC014,AP028,AP025,2025-07-16 06:45:00,2025-07-16 06:47:00,2.0,Technical,Delayed,667,4394,325,247,428.0,105716,76.0,Summer
FL01984,2025-11-29,AL010,AC013,AP020,AP013,2025-11-29 12:00:00,2025-11-29 12:08:00,8.0,Security,Delayed,673,5438,325,276,554.0,152904,84.92307692307692,Autumn
FL01985,2024-06-19,AL010,AC022,AP013,AP015,2024-06-19 09:30:00,2024-06-19 09:42:00,12.0,Security,Delayed,204,3216,300,222,132.0,29304,74.0,Summer
FL01986,2023-04-23,AL004,AC007,AP029,AP020,2023-04-23 12:00:00,2023-04-23 12:11:00,11.0,Security,Delayed,325,4633,300,207,560.0,115920,69.0,Spring
FL01987,2023-05-26,AL008,AC004,AP023,AP011,2023-05-26 12:45:00,2023-05-26 12:54:00,9.0,Crew,Delayed,461,2743,180,119,196.0,23324,66.11111111111111,Spring
FL01988,2025-02-20,AL008,AC031,AP011,AP005,2025-02-20 16:30:00,2025-02-20 16:40:00,10.0,Air Traffic,Delayed,441,7194,300,199,100.0,19900,66.33333333333333,Winter
FL01989,2023-10-15,AL006,AC033,AP021,AP005,2023-10-15 17:30:00,2023-10-15 17:41:00,11.0,Weather,Delayed,600,2120,220,196,97.0,19012,89.0909090909091,Autumn
FL01990,2023-07-13,AL005,AC034,AP029,AP003,2023-07-13 08:45:00,2023-07-13 08:55:00,10.0,Late Aircraft,Delayed,341,3435,300,205,323.0,66215,68.33333333333333,Summer
FL01991,2023-12-18,AL003,AC005,AP004,AP030,2023-12-18 05:15:00,2023-12-18 05:21:00,6.0,Technical,Delayed,272,2254,325,209,510.0,106590,64.3076923076923,Winter
FL01992,2025-04-10,AL009,AC004,AP025,AP026,2025-04-10 11:30:00,2025-04-10 11:42:00,12.0,Air Traffic,Delayed,284,4444,180,132,611.0,80652,73.33333333333333,Spring
FL01993,2025-08-13,AL002,AC020,AP025,AP001,2025-08-13 10:45:00,2025-08-13 12:10:00,85.0,Air Traffic,Delayed,193,7427,396,332,463.0,153716,83.83838383838383,Summer
FL01994,2023-04-15,AL002,AC001,AP013,AP021,2023-04-15 19:00:00,2023-04-15 19:12:00,12.0,Weather,Delayed,656,4236,325,271,306.0,82926,83.38461538461537,Spring
FL01995,2023-09-28,AL007,AC011,AP003,AP007,2023-09-28 10:15:00,2023-09-28 10:21:00,6.0,Weather,Delayed,52,434,300,204,350.0,71400,68.0,Autumn
FL01996,2023-08-19,AL009,AC016,AP005,AP006,2023-08-19 18:30:00,2023-08-19 18:35:00,5.0,Security,Delayed,469,748,189,137,458.0,62746,72.4867724867725,Summer
FL01997,2025-09-16,AL007,AC017,AP006,AP029,2025-09-16 13:00:00,2025-09-16 13:13:00,13.0,Weather,Delayed,241,5945,296,192,415.0,79680,64.86486486486487,Autumn
FL01998,2023-03-28,AL001,AC026,AP028,AP015,2023-03-28 19:30:00,2023-03-28 21:17:00,107.0,Crew,Delayed,329,3755,189,139,93.0,12927,73.54497354497354,Spring
FL01999,2025-05-09,AL010,AC025,AP009,AP005,2025-05-09 07:00:00,2025-05-09 08:49:00,109.0,Late Aircraft,Delayed,63,4156,296,203,630.0,127890,68.58108108108108,Spring
FL02000,2023-04-01,AL008,AC020,AP007,AP029,2023-04-01 09:00:00,2023-04-01 09:21:00,21.0,Air Traffic,Delayed,537,5113,396,300,607.0,182100,75.75757575757575,Spring
FL02001,2023-05-10,AL008,AC022,AP018,AP007,2023-05-10 07:45:00,2023-05-10 07:56:00,11.0,Weather,Delayed,557,1803,300,242,362.0,64614,80.66666666666666,Spring
FL02002,2023-11-07,AL004,AC020,AP006,AP011,2023-11-07 15:00:00,2023-11-07 15:12:00,12.0,Air Traffic,Delayed,668,5600,396,262,267.0,69954,66.16161616161617,Autumn
FL02003,2024-10-23,AL003,AC015,AP010,AP002,2024-10-23 06:30:00,2024-10-23 06:45:00,15.0,Crew,Cancelled,293,7115,396,0,219.0,0,0.0,Autumn
FL02004,2023-12-15,AL001,AC025,AP020,AP022,2023-12-15 08:45:00,2023-12-15 08:57:00,12.0,Crew,Delayed,461,1925,296,231,84.0,19404,78.04054054054053,Winter
FL02005,2025-02-20,AL004,AC040,AP004,AP008,2025-02-20 18:30:00,2025-02-20 18:33:00,3.0,Late Aircraft,Delayed,602,2579,220,180,578.0,104040,81.81818181818183,Winter
FL02006,2023-08-25,AL005,AC016,AP026,AP021,2023-08-25 12:30:00,2023-08-25 12:35:00,5.0,Crew,Delayed,51,7478,189,130,86.0,11180,68.78306878306879,Summer
FL02007,2025-06-29,AL004,AC039,AP003,AP001,2025-06-29 09:15:00,2025-06-29 09:16:00,1.0,Technical,Delayed,493,6267,300,191,330.0,63030,63.66666666666667,Summer
FL02008,2024-01-04,AL001,AC037,AP001,AP016,2024-01-04 21:15:00,2024-01-04 21:23:00,8.0,Late Aircraft,Delayed,523,4191,220,139,199.0,27661,63.18181818181819,Winter
FL02009,2025-01-21,AL006,AC018,AP022,AP030,2025-01-21 11:45:00,2025-01-21 14:28:00,163.0,Technical,Severely Delayed,152,7174,189,154,160.0,24640,81.48148148148148,Winter
FL02010,2023-10-27,AL003,AC022,AP021,AP020,2023-10-27 14:00:00,2023-10-27 14:07:00,7.0,Air Traffic,Delayed,235,4551,300,213,393.0,83709,71.0,Autumn
FL02011,2025-08-01,AL001,AC033,AP014,AP012,2025-08-01 17:00:00,2025-08-01 17:10:00,10.0,Late Aircraft,Delayed,640,1112,220,143,172.0,24596,65.0,Summer
FL02012,2024-06-30,AL008,AC004,AP016,AP017,2024-06-30 18:00:00,2024-06-30 18:26:00,26.0,Air Traffic,Delayed,504,2936,180,123,218.0,26814,68.33333333333333,Summer
FL02013,2025-01-22,AL003,AC001,AP027,AP009,2025-01-22 08:45:00,2025-01-22 08:57:00,12.0,Technical,Delayed,569,5584,325,251,597.0,149847,77.23076923076924,Winter
FL02014,2023-06-10,AL009,AC024,AP011,AP014,2023-06-10 05:30:00,2023-06-10 05:30:00,0.0,No Delay,On Time,493,8192,296,218,370.0,80660,73.64864864864865,Summer
FL02015,2024-07-27,AL003,AC007,AP027,AP021,2024-07-27 09:45:00,2024-07-27 09:50:00,5.0,Late Aircraft,Delayed,82,4030,300,221,199.0,43979,73.66666666666667,Summer
FL02016,2025-04-08,AL008,AC011,AP022,AP021,2025-04-08 10:45:00,2025-04-08 10:59:00,14.0,Crew,Delayed,335,2692,300,264,74.0,19536,88.0,Spring
FL02017,2024-04-15,AL008,AC016,AP026,AP006,2024-04-15 17:15:00,2024-04-15 17:30:00,15.0,Technical,Delayed,638,4049,189,163,214.0,34882,86.24338624338624,Spring
FL02018,2023-02-24,AL007,AC014,AP012,AP020,2023-02-24 21:30:00,2023-02-24 21:37:00,7.0,Technical,Delayed,491,8232,325,267,604.0,161268,82.15384615384616,Winter
FL02019,2023-08-08,AL006,AC038,AP015,AP022,2023-08-08 19:30:00,2023-08-08 19:35:00,5.0,Weather,Delayed,551,5348,189,163,163.0,26569,86.24338624338624,Summer
FL02020,2023-07-23,AL001,AC009,AP009,AP025,2023-07-23 05:00:00,2023-07-23 05:05:00,5.0,Late Aircraft,Delayed,689,6756,296,229,326.0,74654,77.36486486486487,Summer
FL02021,2024-08-07,AL001,AC007,AP009,AP017,2024-08-07 22:45:00,2024-08-08 00:34:00,109.0,Security,Delayed,455,1133,300,198,429.0,84942,66.0,Summer
FL02022,2023-05-17,AL004,AC020,AP010,AP008,2023-05-17 09:15:00,2023-05-17 09:30:00,15.0,Weather,Delayed,220,550,396,356,94.0,33464,89.8989898989899,Spring
FL02023,2025-11-07,AL005,AC028,AP017,AP022,2025-11-07 22:45:00,2025-11-07 22:53:00,8.0,Technical,Delayed,175,2739,296,201,477.0,95877,67.9054054054054,Autumn
FL02024,2024-03-07,AL010,AC017,AP024,AP011,2024-03-07 10:00:00,2024-03-07 10:06:00,6.0,Air Traffic,Delayed,618,551,296,174,478.0,83172,58.78378378378378,Spring
FL02025,2023-07-28,AL010,AC012,AP026,AP009,2023-07-28 13:45:00,2023-07-28 15:45:00,120.0,Air Traffic,Delayed,183,7230,189,124,344.0,42656,65.60846560846561,Summer
FL02026,2023-09-13,AL009,AC035,AP006,AP008,2023-09-13 06:45:00,2023-09-13 06:57:00,12.0,Weather,Delayed,547,6117,189,168,428.0,71904,88.88888888888889,Autumn
FL02027,2024-09-14,AL001,AC038,AP014,AP008,2024-09-14 22:45:00,2024-09-14 23:00:00,15.0,Security,Delayed,612,5238,189,149,557.0,82993,78.83597883597884,Autumn
FL02028,2023-05-22,AL009,AC030,AP005,AP026,2023-05-22 22:00:00,2023-05-22 22:09:00,9.0,Air Traffic,Delayed,583,5010,325,306,613.0,187578,94.15384615384616,Spring
FL02029,2025-06-25,AL008,AC018,AP016,AP011,2025-06-25 05:00:00,2025-06-25 05:07:00,7.0,Air Traffic,Delayed,698,8239,189,136,427.0,58072,71.95767195767195,Summer
FL02030,2023-04-02,AL005,AC040,AP012,AP025,2023-04-02 14:45:00,2023-04-02 14:59:00,14.0,Technical,Delayed,384,4780,220,207,128.0,26496,94.0909090909091,Spring
FL02031,2025-03-11,AL004,AC012,AP006,AP016,2025-03-11 19:15:00,2025-03-11 19:15:00,0.0,No Delay,On Time,610,7050,189,135,455.0,61425,71.42857142857143,Spring
FL02032,2023-04-29,AL007,AC032,AP018,AP003,2023-04-29 22:45:00,2023-04-29 23:00:00,15.0,Weather,Delayed,514,642,396,334,71.0,23714,84.34343434343434,Spring
FL02033,2023-06-28,AL010,AC027,AP002,AP010,2023-06-28 07:15:00,2023-06-28 07:22:00,7.0,Air Traffic,Delayed,393,7797,325,185,530.0,98050,56.92307692307692,Summer
FL02034,2024-02-09,AL008,AC032,AP003,AP015,2024-02-09 22:00:00,2024-02-09 22:14:00,14.0,Security,Delayed,514,1034,396,198,601.0,118998,50.0,Winter
FL02035,2024-12-18,AL009,AC009,AP022,AP010,2024-12-18 17:00:00,2024-12-18 19:36:00,156.0,Crew,Severely Delayed,454,2965,296,161,521.0,83881,54.391891891891895,Winter
FL02036,2024-07-14,AL008,AC019,AP025,AP015,2024-07-14 07:45:00,2024-07-14 07:52:00,7.0,Crew,Delayed,225,1467,296,233,319.0,74327,78.71621621621621,Summer
FL02037,2025-06-23,AL004,AC026,AP017,AP010,2025-06-23 06:45:00,2025-06-23 06:49:00,4.0,Crew,Delayed,444,2368,189,161,336.0,54096,85.18518518518519,Summer
FL02038,2025-07-25,AL001,AC021,AP001,AP013,2025-07-25 07:30:00,2025-07-25 07:33:00,3.0,Security,Delayed,296,3241,325,268,89.0,23852,82.46153846153847,Summer
FL02039,2023-10-24,AL007,AC037,AP014,AP006,2023-10-24 14:45:00,2023-10-24 14:58:00,13.0,Crew,Delayed,706,4246,220,172,535.0,92020,78.18181818181819,Autumn
FL02040,2024-05-09,AL005,AC010,AP030,AP009,2024-05-09 14:15:00,2024-05-09 14:29:00,14.0,Technical,Delayed,217,3109,396,349,97.0,33853,88.13131313131312,Spring
FL02041,2025-03-09,AL004,AC018,AP029,AP020,2025-03-09 06:00:00,2025-03-09 06:04:00,4.0,Security,Delayed,400,6353,189,118,125.0,14750,62.43386243386243,Spring
FL02042,2023-07-10,AL005,AC015,AP015,AP017,2023-07-10 05:15:00,2023-07-10 05:21:00,6.0,Technical,Delayed,499,5686,396,304,309.0,93936,76.76767676767676,Summer
FL02043,2025-08-03,AL007,AC016,AP001,AP018,2025-08-03 12:30:00,2025-08-03 12:42:00,12.0,Security,Delayed,195,6278,189,137,526.0,72062,72.4867724867725,Summer
FL02044,2024-01-18,AL001,AC010,AP015,AP021,2024-01-18 16:45:00,2024-01-18 16:52:00,7.0,Late Aircraft,Delayed,249,1822,396,301,258.0,77658,76.01010101010101,Winter
FL02045,2024-10-26,AL005,AC030,AP024,AP009,2024-10-26 14:45:00,2024-10-26 14:50:00,5.0,Late Aircraft,Delayed,223,6438,325,275,589.0,161975,84.61538461538461,Autumn
FL02046,2023-07-13,AL001,AC039,AP021,AP027,2023-07-13 08:30:00,2023-07-13 08:40:00,10.0,Air Traffic,Delayed,61,8498,300,155,648.0,100440,51.66666666666667,Summer
FL02047,2025-05-15,AL006,AC020,AP015,AP004,2025-05-15 06:30:00,2025-05-15 06:37:00,7.0,Late Aircraft,Delayed,391,5729,396,318,137.0,43566,80.3030303030303,Spring
FL02048,2024-11-23,AL005,AC037,AP005,AP009,2024-11-23 17:30:00,2024-11-23 17:31:00,1.0,Crew,Delayed,705,3596,220,144,640.0,92160,65.45454545454545,Autumn
FL02049,2023-10-28,AL008,AC022,AP028,AP014,2023-10-28 20:00:00,2023-10-28 21:41:00,101.0,Crew,Delayed,662,3527,300,227,342.0,77634,75.66666666666667,Autumn
FL02050,2023-12-14,AL007,AC019,AP010,AP025,2023-12-14 08:00:00,2023-12-14 08:13:00,13.0,Crew,Delayed,64,8467,296,224,486.0,108864,75.67567567567568,Winter
FL02051,2023-11-15,AL006,AC003,AP008,AP023,2023-11-15 17:00:00,2023-11-15 17:09:00,9.0,Technical,Delayed,490,5696,396,374,562.0,210188,94.44444444444444,Autumn
FL02052,2023-12-15,AL007,AC004,AP025,AP009,2023-12-15 14:00:00,2023-12-15 14:10:00,10.0,Technical,Delayed,173,793,180,147,158.0,23226,81.66666666666667,Winter
FL02053,2024-05-08,AL006,AC029,AP013,AP004,2024-05-08 12:30:00,2024-05-08 13:18:00,48.0,Late Aircraft,Delayed,167,8334,220,176,385.0,67760,80.0,Spring
FL02054,2024-10-31,AL007,AC029,AP007,AP002,2024-10-31 05:00:00,2024-10-31 05:03:00,3.0,Technical,Delayed,303,1288,220,196,615.0,120540,89.0909090909091,Autumn
FL02055,2023-03-02,AL006,AC033,AP013,AP003,2023-03-02 15:15:00,2023-03-02 16:13:00,58.0,Technical,Delayed,296,6742,220,125,80.0,10000,56.81818181818182,Spring
FL02056,2023-11-25,AL004,AC028,AP003,AP014,2023-11-25 19:15:00,2023-11-25 20:00:00,45.0,Air Traffic,Delayed,152,2835,296,251,73.0,18323,84.7972972972973,Autumn
FL02057,2025-08-14,AL007,AC023,AP004,AP028,2025-08-14 09:30:00,2025-08-14 10:40:00,70.0,Weather,Delayed,638,4408,180,154,518.0,79772,85.55555555555556,Summer
FL02058,2024-11-24,AL007,AC013,AP027,AP026,2024-11-24 08:45:00,2024-11-24 08:47:00,2.0,Air Traffic,Delayed,268,3511,325,257,343.0,88151,79.07692307692308,Autumn
FL02059,2023-02-05,AL003,AC006,AP024,AP007,2023-02-05 20:15:00,2023-02-05 21:04:00,49.0,Weather,Delayed,583,7196,300,262,95.0,24890,87.33333333333333,Winter
FL02060,2024-01-06,AL005,AC025,AP003,AP020,2024-01-06 18:30:00,2024-01-06 18:40:00,10.0,Technical,Delayed,479,1942,296,183,312.0,57096,61.82432432432432,Winter
FL02061,2025-03-17,AL009,AC038,AP014,AP001,2025-03-17 21:45:00,2025-03-17 21:48:00,3.0,Air Traffic,Delayed,443,7831,189,123,482.0,59286,65.07936507936508,Spring
FL02062,2023-08-15,AL004,AC032,AP023,AP015,2023-08-15 21:15:00,2023-08-15 21:25:00,10.0,Weather,Delayed,137,8379,396,253,538.0,136114,63.888888888888886,Summer
FL02063,2025-07-13,AL008,AC019,AP006,AP003,2025-07-13 15:00:00,2025-07-13 15:12:00,12.0,Weather,Delayed,293,1130,296,241,515.0,124115,81.41891891891892,Summer
FL02064,2023-05-21,AL006,AC031,AP003,AP023,2023-05-21 17:30:00,2023-05-21 17:34:00,4.0,Crew,Delayed,663,5835,300,254,347.0,88138,84.66666666666667,Spring
FL02065,2024-02-26,AL010,AC038,AP021,AP020,2024-02-26 17:00:00,2024-02-26 17:09:00,9.0,Weather,Delayed,608,6860,189,124,429.0,53196,65.60846560846561,Winter
FL02066,2024-02-23,AL002,AC035,AP011,AP010,2024-02-23 15:30:00,2024-02-23 15:41:00,11.0,Weather,Delayed,680,1314,189,124,374.0,46376,65.60846560846561,Winter
FL02067,2025-03-05,AL003,AC012,AP015,AP029,2025-03-05 21:30:00,2025-03-05 21:37:00,7.0,Security,Delayed,640,8440,189,150,549.0,82350,79.36507936507937,Spring
FL02068,2025-09-17,AL007,AC038,AP008,AP010,2025-09-17 08:00:00,2025-09-17 08:14:00,14.0,Air Traffic,Delayed,531,1057,189,168,267.0,44856,88.88888888888889,Autumn
FL02069,2024-12-04,AL010,AC026,AP018,AP003,2024-12-04 22:00:00,2024-12-04 22:06:00,6.0,Air Traffic,Delayed,153,3538,189,187,551.0,103037,98.94179894179894,Winter
FL02070,2025-12-17,AL007,AC023,AP022,AP019,2025-12-17 17:15:00,2025-12-17 17:24:00,9.0,Crew,Delayed,109,7862,180,160,217.0,34720,88.88888888888889,Winter
FL02071,2023-07-06,AL008,AC035,AP029,AP006,2023-07-06 05:30:00,2023-07-06 05:35:00,5.0,Crew,Delayed,399,4826,189,150,198.0,29700,79.36507936507937,Summer
FL02072,2023-09-04,AL002,AC037,AP024,AP029,2023-09-04 05:15:00,2023-09-04 05:23:00,8.0,Weather,Delayed,695,5879,220,205,200.0,41000,93.18181818181816,Autumn
FL02073,2023-11-29,AL006,AC019,AP008,AP009,2023-11-29 11:30:00,2023-11-29 11:37:00,7.0,Weather,Delayed,107,8472,296,188,119.0,22372,63.51351351351351,Autumn
FL02074,2025-03-06,AL003,AC040,AP008,AP024,2025-03-06 13:30:00,2025-03-06 13:45:00,15.0,Technical,Delayed,640,5915,220,191,435.0,83085,86.81818181818181,Spring
FL02075,2025-07-26,AL004,AC038,AP020,AP030,2025-07-26 08:45:00,2025-07-26 09:06:00,21.0,Late Aircraft,Delayed,306,1014,189,141,511.0,72051,74.60317460317461,Summer
FL02076,2025-03-18,AL001,AC007,AP007,AP016,2025-03-18 10:30:00,2025-03-18 12:23:00,113.0,Late Aircraft,Delayed,94,5277,300,224,510.0,114240,74.66666666666667,Spring
FL02077,2023-08-17,AL004,AC004,AP009,AP025,2023-08-17 10:30:00,2023-08-17 10:45:00,15.0,Weather,Delayed,693,8405,180,152,119.0,18088,84.44444444444444,Summer
FL02078,2025-08-18,AL003,AC037,AP006,AP011,2025-08-18 15:30:00,2025-08-18 15:42:00,12.0,Security,Delayed,86,3395,220,134,408.0,54672,60.909090909090914,Summer
FL02079,2024-12-06,AL004,AC013,AP015,AP013,2024-12-06 14:30:00,2024-12-06 14:38:00,8.0,Weather,Delayed,267,6629,325,214,646.0,138244,65.84615384615384,Winter
FL02080,2025-01-07,AL004,AC031,AP005,AP019,2025-01-07 20:15:00,2025-01-07 20:29:00,14.0,Air Traffic,Delayed,229,6600,300,163,302.0,49226,54.333333333333336,Winter
FL02081,2024-12-19,AL002,AC027,AP026,AP011,2024-12-19 05:15:00,2024-12-19 06:53:00,98.0,Air Traffic,Delayed,696,7934,325,198,309.0,61182,60.92307692307693,Winter
FL02082,2024-09-26,AL008,AC023,AP016,AP003,2024-09-26 22:15:00,2024-09-26 22:29:00,14.0,Late Aircraft,Delayed,355,5314,180,129,300.0,38700,71.66666666666667,Autumn
FL02083,2023-08-05,AL002,AC035,AP025,AP022,2023-08-05 21:45:00,2023-08-05 21:45:00,0.0,No Delay,On Time,571,6154,189,157,615.0,96555,83.06878306878306,Summer
FL02084,2023-02-21,AL008,AC030,AP029,AP024,2023-02-21 17:30:00,2023-02-21 20:00:00,150.0,Technical,Severely Delayed,499,1513,325,243,596.0,144828,74.76923076923076,Winter
FL02085,2024-02-24,AL006,AC008,AP018,AP027,2024-02-24 15:30:00,2024-02-24 15:38:00,8.0,Technical,Delayed,425,6312,300,256,280.0,71680,85.33333333333334,Winter
FL02086,2024-05-29,AL009,AC033,AP028,AP016,2024-05-29 18:15:00,2024-05-29 18:25:00,10.0,Crew,Delayed,446,2854,220,137,263.0,36031,62.27272727272727,Spring
FL02087,2023-11-05,AL007,AC039,AP014,AP001,2023-11-05 16:30:00,2023-11-05 18:35:00,125.0,Weather,Severely Delayed,537,8450,300,221,286.0,63206,73.66666666666667,Autumn
FL02088,2024-12-08,AL006,AC014,AP022,AP013,2024-12-08 13:15:00,2024-12-08 14:33:00,78.0,Crew,Delayed,286,8131,325,238,624.0,148512,73.23076923076923,Winter
FL02089,2025-09-10,AL005,AC006,AP007,AP013,2025-09-10 08:15:00,2025-09-10 08:30:00,15.0,Weather,Delayed,386,1810,300,214,584.0,124976,71.33333333333334,Autumn
FL02090,2023-08-28,AL008,AC039,AP001,AP017,2023-08-28 15:45:00,2023-08-28 16:04:00,19.0,Crew,Delayed,369,764,300,245,214.0,52430,81.66666666666667,Summer
FL02091,2024-07-15,AL001,AC015,AP029,AP026,2024-07-15 17:45:00,2024-07-15 17:45:00,0.0,No Delay,On Time,445,611,396,313,242.0,75746,79.04040404040404,Summer
FL02092,2025-03-02,AL008,AC038,AP004,AP026,2025-03-02 21:45:00,2025-03-02 21:46:00,1.0,Crew,Delayed,354,1253,189,119,121.0,14399,62.96296296296296,Spring
FL02093,2024-06-14,AL008,AC040,AP006,AP010,2024-06-14 13:00:00,2024-06-14 13:13:00,13.0,Weather,Delayed,422,8362,220,131,446.0,58426,59.54545454545455,Summer
FL02094,2023-01-08,AL008,AC037,AP015,AP003,2023-01-08 05:30:00,2023-01-08 05:43:00,13.0,Security,Delayed,481,6262,220,204,358.0,73032,92.72727272727272,Winter
FL02095,2025-12-28,AL009,AC019,AP021,AP013,2025-12-28 16:30:00,2025-12-28 16:39:00,9.0,Weather,Delayed,228,5297,296,232,306.0,70992,78.37837837837837,Winter
FL02096,2025-06-15,AL005,AC024,AP006,AP015,2025-06-15 12:00:00,2025-06-15 12:05:00,5.0,Air Traffic,Delayed,686,1712,296,279,601.0,167679,94.25675675675676,Summer
FL02097,2024-07-24,AL007,AC039,AP002,AP003,2024-07-24 06:30:00,2024-07-24 06:38:00,8.0,Weather,Delayed,495,4841,300,238,610.0,145180,79.33333333333333,Summer
FL02098,2024-12-05,AL009,AC013,AP023,AP015,2024-12-05 21:00:00,2024-12-05 21:05:00,5.0,Technical,Delayed,318,7352,325,196,351.0,68796,60.30769230769231,Winter
FL02099,2024-02-08,AL008,AC019,AP023,AP026,2024-02-08 10:00:00,2024-02-08 10:06:00,6.0,Late Aircraft,Delayed,693,3715,296,259,553.0,143227,87.5,Winter
FL02100,2023-08-06,AL002,AC034,AP008,AP016,2023-08-06 16:30:00,2023-08-06 16:30:00,0.0,No Delay,On Time,462,7119,300,253,558.0,141174,84.33333333333334,Summer
FL02101,2025-02-26,AL002,AC007,AP013,AP022,2025-02-26 10:15:00,2025-02-26 10:28:00,13.0,Crew,Delayed,388,4104,300,214,222.0,47508,71.33333333333334,Winter
FL02102,2023-06-30,AL009,AC024,AP030,AP020,2023-06-30 05:30:00,2023-06-30 05:38:00,8.0,Security,Delayed,191,8480,296,174,204.0,35496,58.78378378378378,Summer
FL02103,2024-11-21,AL007,AC015,AP018,AP021,2024-11-21 13:00:00,2024-11-21 13:15:00,15.0,Technical,Delayed,647,651,396,304,292.0,88768,76.76767676767676,Autumn
FL02104,2025-03-10,AL010,AC001,AP026,AP013,2025-03-10 12:45:00,2025-03-10 12:48:00,3.0,Air Traffic,Delayed,657,4054,325,211,292.0,61612,64.92307692307693,Spring
FL02105,2023-12-11,AL003,AC039,AP028,AP001,2023-12-11 13:15:00,2023-12-11 13:25:00,10.0,Weather,Delayed,709,7395,300,233,362.0,84113,77.66666666666666,Winter
FL02106,2023-08-04,AL010,AC023,AP011,AP013,2023-08-04 09:45:00,2023-08-04 09:57:00,12.0,Technical,Delayed,595,7381,180,109,497.0,54173,60.55555555555555,Summer
FL02107,2025-04-08,AL007,AC021,AP024,AP003,2025-04-08 10:30:00,2025-04-08 10:32:00,2.0,Security,Delayed,447,6666,325,255,362.0,23715,78.46153846153847,Spring
FL02108,2025-11-08,AL001,AC018,AP005,AP017,2025-11-08 11:15:00,2025-11-08 11:22:00,7.0,Late Aircraft,Delayed,256,3049,189,160,264.0,42240,84.65608465608466,Autumn
FL02109,2025-05-04,AL005,AC013,AP024,AP001,2025-05-04 21:00:00,2025-05-04 21:15:00,15.0,Late Aircraft,Delayed,295,3869,325,225,138.0,31050,69.23076923076923,Spring
FL02110,2024-02-09,AL007,AC040,AP029,AP024,2024-02-09 18:30:00,2024-02-09 19:37:00,67.0,Weather,Delayed,126,2934,220,169,644.0,108836,76.81818181818181,Winter
FL02111,2023-06-22,AL010,AC017,AP019,AP018,2023-06-22 07:15:00,2023-06-22 07:26:00,11.0,Air Traffic,Delayed,99,1292,296,240,78.0,18720,81.08108108108108,Summer
FL02112,2023-02-28,AL006,AC036,AP027,AP024,2023-02-28 11:30:00,2023-02-28 11:36:00,6.0,Air Traffic,Delayed,622,5846,180,101,89.0,8989,56.11111111111112,Winter
FL02113,2025-07-06,AL008,AC003,AP001,AP010,2025-07-06 10:30:00,2025-07-06 10:45:00,15.0,Technical,Delayed,440,4784,396,273,252.0,68796,68.93939393939394,Summer
FL02114,2024-02-08,AL008,AC021,AP005,AP015,2024-02-08 15:45:00,2024-02-08 15:46:00,1.0,Air Traffic,Delayed,683,7549,325,233,159.0,37047,71.6923076923077,Winter
FL02115,2023-12-12,AL008,AC019,AP021,AP009,2023-12-12 18:30:00,2023-12-12 18:34:00,4.0,Weather,Delayed,460,700,296,235,243.0,57105,79.3918918918919,Winter
FL02116,2025-03-30,AL010,AC006,AP013,AP016,2025-03-30 20:15:00,2025-03-30 20:24:00,9.0,Late Aircraft,Delayed,333,4186,300,279,636.0,177444,93.0,Spring
FL02117,2025-06-29,AL004,AC029,AP028,AP020,2025-06-29 18:00:00,2025-06-29 18:07:00,7.0,Weather,Delayed,509,8367,220,144,140.0,20160,65.45454545454545,Summer
FL02118,2025-11-30,AL010,AC025,AP025,AP022,2025-11-30 21:15:00,2025-11-30 21:15:00,0.0,No Delay,On Time,478,1857,296,210,483.0,101430,70.94594594594594,Autumn
FL02119,2023-11-03,AL005,AC027,AP007,AP010,2023-11-03 05:30:00,2023-11-03 05:38:00,8.0,Technical,Delayed,248,5658,325,238,425.0,101150,73.23076923076923,Autumn
FL02120,2023-05-31,AL006,AC007,AP020,AP004,2023-05-31 17:00:00,2023-05-31 17:06:00,6.0,Weather,Delayed,85,6771,300,280,589.0,164920,93.33333333333331,Spring
FL02121,2025-04-10,AL010,AC017,AP009,AP017,2025-04-10 13:30:00,2025-04-10 16:28:00,178.0,Crew,Severely Delayed,382,5991,296,251,207.0,51957,84.7972972972973,Spring
FL02122,2025-02-05,AL010,AC021,AP013,AP024,2025-02-05 11:45:00,2025-02-05 11:55:00,10.0,Technical,Delayed,104,3014,325,203,200.0,40600,62.46153846153846,Winter
FL02123,2024-02-29,AL003,AC028,AP026,AP003,2024-02-29 10:30:00,2024-02-29 10:32:00,2.0,Crew,Delayed,562,5790,296,246,490.0,120540,83.1081081081081,Winter
FL02124,2025-02-15,AL008,AC005,AP015,AP008,2025-02-15 05:00:00,2025-02-15 05:12:00,12.0,Security,Delayed,353,6530,325,264,129.0,34056,81.23076923076923,Winter
FL02125,2024-09-16,AL001,AC021,AP015,AP006,2024-09-16 21:00:00,2024-09-16 21:09:00,9.0,Air Traffic,Delayed,467,4479,325,226,311.0,70286,69.53846153846153,Autumn
FL02126,2025-10-28,AL004,AC019,AP018,AP013,2025-10-28 18:00:00,2025-10-28 18:08:00,8.0,Weather,Delayed,54,7904,296,185,325.0,60125,62.5,Autumn
FL02127,2023-10-02,AL006,AC030,AP021,AP014,2023-10-02 14:30:00,2023-10-02 14:41:00,11.0,Weather,Delayed,391,6980,325,287,516.0,148092,88.3076923076923,Autumn
FL02128,2024-02-18,AL008,AC001,AP028,AP017,2024-02-18 09:30:00,2024-02-18 09:42:00,12.0,Weather,Cancelled,698,2639,325,0,281.0,0,0.0,Winter
FL02129,2024-01-07,AL002,AC001,AP004,AP022,2024-01-07 14:45:00,2024-01-07 14:52:00,7.0,Air Traffic,Delayed,632,4033,325,321,470.0,150870,98.76923076923076,Winter
FL02130,2023-04-02,AL008,AC007,AP008,AP009,2023-04-02 08:15:00,2023-04-02 08:24:00,9.0,Air Traffic,Delayed,563,909,300,269,150.0,40350,89.66666666666666,Spring
FL02131,2025-05-08,AL008,AC026,AP027,AP003,2025-05-08 05:15:00,2025-05-08 05:24:00,9.0,Crew,Delayed,163,7044,189,152,171.0,25992,80.42328042328042,Spring
FL02132,2025-10-27,AL009,AC033,AP016,AP011,2025-10-27 17:45:00,2025-10-27 17:48:00,3.0,Security,Delayed,61,2090,220,148,454.0,67192,67.27272727272727,Autumn
FL02133,2025-03-22,AL005,AC022,AP026,AP019,2025-03-22 06:00:00,2025-03-22 06:08:00,8.0,Weather,Delayed,687,950,300,224,405.0,90720,74.66666666666667,Spring
FL02134,2024-05-29,AL007,AC029,AP023,AP014,2024-05-29 19:45:00,2024-05-29 19:55:00,10.0,Security,Delayed,287,3642,220,136,289.0,39304,61.81818181818181,Spring
FL02135,2023-12-05,AL002,AC001,AP002,AP015,2023-12-05 13:15:00,2023-12-05 13:23:00,8.0,Security,Delayed,697,7484,325,273,550.0,150150,84.0,Winter
FL02136,2024-06-20,AL005,AC031,AP013,AP001,2024-06-20 10:15:00,2024-06-20 11:26:00,71.0,Weather,Delayed,214,2083,300,220,397.0,87340,73.33333333333333,Summer
FL02137,2023-07-26,AL006,AC003,AP016,AP019,2023-07-26 08:00:00,2023-07-26 08:02:00,2.0,Late Aircraft,Delayed,253,2881,396,297,118.0,35046,75.0,Summer
FL02138,2023-05-02,AL004,AC001,AP025,AP015,2023-05-02 21:00:00,2023-05-02 21:11:00,11.0,Air Traffic,Delayed,291,1088,325,145,224.0,32480,44.61538461538462,Spring
FL02139,2025-06-07,AL003,AC012,AP019,AP012,2025-06-07 11:45:00,2025-06-07 13:12:00,87.0,Air Traffic,Delayed,477,1466,189,153,622.0,95166,80.95238095238095,Summer
FL02140,2024-11-20,AL010,AC035,AP021,AP029,2024-11-20 09:45:00,2024-11-20 11:53:00,128.0,Technical,Severely Delayed,184,519,189,151,413.0,62363,79.8941798941799,Autumn
FL02141,2025-08-26,AL009,AC031,AP023,AP013,2025-08-26 21:30:00,2025-08-26 21:42:00,12.0,Weather,Delayed,102,1024,300,271,559.0,151489,90.33333333333331,Summer
FL02142,2025-07-27,AL009,AC026,AP028,AP018,2025-07-27 22:15:00,2025-07-27 22:54:00,39.0,Weather,Delayed,344,2027,189,178,421.0,74938,94.17989417989418,Summer
FL02143,2025-05-21,AL008,AC030,AP015,AP010,2025-05-21 10:15:00,2025-05-21 10:20:00,5.0,Air Traffic,Delayed,629,2473,325,290,313.0,90770,89.23076923076924,Spring
FL02144,2023-04-19,AL001,AC001,AP029,AP025,2023-04-19 10:15:00,2023-04-19 10:22:00,7.0,Crew,Delayed,438,7782,325,169,615.0,103935,52.0,Spring
FL02145,2025-07-22,AL006,AC013,AP018,AP022,2025-07-22 11:30:00,2025-07-22 11:38:00,8.0,Weather,Delayed,412,3564,325,256,314.0,80384,78.76923076923077,Summer
FL02146,2024-03-23,AL001,AC040,AP030,AP009,2024-03-23 10:30:00,2024-03-23 10:35:00,5.0,Late Aircraft,Delayed,90,6537,220,173,356.0,61588,78.63636363636364,Spring
FL02147,2023-08-24,AL002,AC011,AP016,AP023,2023-08-24 18:00:00,2023-08-24 18:09:00,9.0,Late Aircraft,Delayed,524,4999,300,258,110.0,28380,86.0,Summer
FL02148,2023-10-28,AL004,AC017,AP008,AP020,2023-10-28 13:45:00,2023-10-28 16:13:00,148.0,Security,Severely Delayed,341,7349,296,240,180.0,43200,81.08108108108108,Autumn
FL02149,2025-10-07,AL005,AC024,AP014,AP021,2025-10-07 14:45:00,2025-10-07 14:59:00,14.0,Crew,Delayed,408,1794,296,229,271.0,62059,77.36486486486487,Autumn
FL02150,2025-03-25,AL009,AC036,AP018,AP028,2025-03-25 18:45:00,2025-03-25 21:17:00,152.0,Weather,Severely Delayed,265,6470,180,87,194.0,16878,48.333333333333336,Spring
FL02151,2025-03-11,AL010,AC018,AP028,AP014,2025-03-11 15:00:00,2025-03-11 15:07:00,7.0,Crew,Delayed,326,2904,189,137,171.0,23427,72.4867724867725,Spring
FL02152,2023-03-29,AL002,AC021,AP020,AP001,2023-03-29 10:30:00,2023-03-29 12:27:00,117.0,Crew,Delayed,402,307,325,160,422.0,67520,49.23076923076923,Spring
FL02153,2024-01-24,AL008,AC036,AP006,AP027,2024-01-24 10:30:00,2024-01-24 10:36:00,6.0,Technical,Delayed,71,3811,180,168,207.0,34776,93.33333333333331,Winter
FL02154,2025-05-17,AL009,AC019,AP001,AP029,2025-05-17 21:15:00,2025-05-17 21:29:00,14.0,Crew,Delayed,674,6207,296,231,430.0,99330,78.04054054054053,Spring
FL02155,2025-08-15,AL007,AC004,AP027,AP010,2025-08-15 14:15:00,2025-08-15 14:18:00,3.0,Security,Delayed,612,3165,180,131,182.0,23842,72.77777777777777,Summer
FL02156,2025-05-01,AL001,AC004,AP026,AP016,2025-05-01 10:15:00,2025-05-01 10:15:00,0.0,No Delay,On Time,139,1731,180,96,122.0,11712,53.333333333333336,Spring
FL02157,2023-07-28,AL001,AC014,AP006,AP017,2023-07-28 22:00:00,2023-07-28 22:01:00,1.0,Security,Delayed,198,4531,325,233,152.0,35416,71.6923076923077,Summer
FL02158,2023-07-14,AL010,AC019,AP018,AP025,2023-07-14 12:00:00,2023-07-14 14:52:00,172.0,Crew,Severely Delayed,534,6174,296,282,593.0,167226,95.27027027027027,Summer
FL02159,2023-02-16,AL006,AC017,AP006,AP015,2023-02-16 12:45:00,2023-02-16 12:45:00,0.0,No Delay,On Time,606,7977,296,255,337.0,85935,86.14864864864865,Winter
FL02160,2025-07-25,AL004,AC036,AP006,AP011,2025-07-25 18:00:00,2025-07-25 18:08:00,8.0,Technical,Delayed,253,4276,180,178,464.0,82592,98.88888888888889,Summer
FL02161,2024-10-01,AL006,AC011,AP006,AP015,2024-10-01 14:45:00,2024-10-01 14:56:00,11.0,Weather,Delayed,708,3525,300,194,95.0,18430,64.66666666666666,Autumn
FL02162,2024-11-06,AL002,AC038,AP019,AP017,2024-11-06 06:00:00,2024-11-06 06:08:00,8.0,Crew,Delayed,268,1416,189,118,365.0,43070,62.43386243386243,Autumn
FL02163,2023-06-22,AL002,AC018,AP023,AP018,2023-06-22 15:30:00,2023-06-22 15:44:00,14.0,Weather,Delayed,652,7957,189,165,450.0,74250,87.3015873015873,Summer
FL02164,2023-11-04,AL009,AC008,AP002,AP014,2023-11-04 09:15:00,2023-11-04 09:26:00,11.0,Air Traffic,Delayed,315,7257,300,200,480.0,96000,66.66666666666666,Autumn
FL02165,2023-03-06,AL001,AC039,AP002,AP012,2023-03-06 19:15:00,2023-03-06 19:34:00,19.0,Late Aircraft,Delayed,114,4248,300,218,400.0,87200,72.66666666666667,Spring
FL02166,2023-11-29,AL009,AC017,AP030,AP012,2023-11-29 05:30:00,2023-11-29 05:35:00,5.0,Security,Delayed,323,7475,296,271,306.0,82926,91.55405405405406,Autumn
FL02167,2023-11-28,AL002,AC026,AP010,AP021,2023-11-28 17:45:00,2023-11-28 17:56:00,11.0,Security,Delayed,62,6250,189,171,366.0,62586,90.47619047619048,Autumn
FL02168,2023-04-14,AL005,AC019,AP010,AP022,2023-04-14 15:00:00,2023-04-14 17:36:00,156.0,Crew,Severely Delayed,584,5539,296,211,233.0,49163,71.28378378378379,Spring
FL02169,2025-09-15,AL001,AC003,AP016,AP023,2025-09-15 09:45:00,2025-09-15 09:49:00,4.0,Technical,Delayed,466,3890,396,312,89.0,27768,78.78787878787878,Autumn
FL02170,2025-05-25,AL008,AC036,AP004,AP025,2025-05-25 06:30:00,2025-05-25 06:33:00,3.0,Crew,Delayed,495,5057,180,149,570.0,84930,82.77777777777777,Spring
FL02171,2024-03-11,AL006,AC003,AP029,AP008,2024-03-11 20:45:00,2024-03-11 21:00:00,15.0,Weather,Delayed,445,2229,396,312,359.0,112008,78.78787878787878,Spring
FL02172,2025-11-05,AL003,AC008,AP030,AP004,2025-11-05 18:15:00,2025-11-05 19:27:00,72.0,Security,Delayed,483,4267,300,260,505.0,131300,86.66666666666667,Autumn
FL02173,2024-04-24,AL001,AC010,AP009,AP021,2024-04-24 13:45:00,2024-04-24 13:52:00,7.0,Air Traffic,Delayed,492,6462,396,233,467.0,108811,58.83838383838384,Spring
FL02174,2023-06-25,AL007,AC016,AP028,AP023,2023-06-25 21:15:00,2023-06-25 21:17:00,2.0,Technical,Delayed,251,7285,189,160,365.0,58400,84.65608465608466,Summer
FL02175,2025-02-08,AL006,AC040,AP009,AP018,2025-02-08 09:45:00,2025-02-08 09:45:00,0.0,No Delay,On Time,434,1358,220,150,220.0,33000,68.18181818181817,Winter
FL02176,2023-11-22,AL004,AC040,AP008,AP017,2023-11-22 10:30:00,2023-11-22 10:34:00,4.0,Security,Delayed,647,3144,220,173,292.0,50516,78.63636363636364,Autumn
FL02177,2025-07-06,AL005,AC009,AP005,AP014,2025-07-06 12:45:00,2025-07-06 12:47:00,2.0,Crew,Delayed,502,1762,296,190,256.0,48640,64.1891891891892,Summer
FL02178,2024-05-17,AL010,AC005,AP001,AP026,2024-05-17 12:30:00,2024-05-17 12:43:00,13.0,Late Aircraft,Delayed,204,4514,325,230,396.0,91080,70.76923076923077,Spring
FL02179,2023-04-24,AL009,AC039,AP021,AP029,2023-04-24 11:30:00,2023-04-24 12:45:00,75.0,Technical,Delayed,560,1470,300,183,124.0,22692,61.0,Spring
FL02180,2025-07-12,AL005,AC005,AP005,AP013,2025-07-12 19:30:00,2025-07-12 19:37:00,7.0,Technical,Delayed,120,8247,325,239,141.0,33699,73.53846153846155,Summer
FL02181,2024-06-18,AL007,AC001,AP015,AP026,2024-06-18 19:15:00,2024-06-18 19:21:00,6.0,Technical,Delayed,292,5449,325,274,603.0,165222,84.3076923076923,Summer
FL02182,2025-07-18,AL001,AC036,AP030,AP029,2025-07-18 16:45:00,2025-07-18 16:54:00,9.0,Air Traffic,Delayed,565,2895,180,89,545.0,48505,49.44444444444444,Summer
FL02183,2024-12-29,AL001,AC007,AP020,AP026,2024-12-29 13:45:00,2024-12-29 13:51:00,6.0,Air Traffic,Delayed,622,4360,300,156,583.0,90948,52.0,Winter
FL02184,2024-06-06,AL003,AC033,AP017,AP009,2024-06-06 15:15:00,2024-06-06 15:22:00,7.0,Late Aircraft,Delayed,276,6884,220,179,221.0,39559,81.36363636363636,Summer
FL02185,2025-03-03,AL001,AC019,AP005,AP025,2025-03-03 22:15:00,2025-03-03 22:26:00,11.0,Technical,Delayed,116,3733,296,194,546.0,105924,65.54054054054053,Spring
FL02186,2023-09-07,AL010,AC010,AP020,AP016,2023-09-07 15:45:00,2023-09-07 15:51:00,6.0,Weather,Delayed,293,3101,396,351,358.0,125658,88.63636363636364,Autumn
FL02187,2023-06-16,AL002,AC009,AP011,AP008,2023-06-16 13:45:00,2023-06-16 13:57:00,12.0,Security,Delayed,566,977,296,171,548.0,93708,57.770270270270274,Summer
FL02188,2024-05-28,AL004,AC017,AP009,AP010,2024-05-28 15:30:00,2024-05-28 15:37:00,7.0,Weather,Delayed,599,931,296,230,457.0,105110,77.7027027027027,Spring
FL02189,2025-10-08,AL002,AC026,AP008,AP017,2025-10-08 10:15:00,2025-10-08 12:23:00,128.0,Weather,Severely Delayed,665,2114,189,167,331.0,55277,88.35978835978835,Autumn
FL02190,2024-06-26,AL008,AC013,AP028,AP001,2024-06-26 22:30:00,2024-06-26 22:33:00,3.0,Late Aircraft,Delayed,331,2306,325,217,634.0,137578,66.76923076923077,Summer
FL02191,2024-03-18,AL005,AC034,AP003,AP015,2024-03-18 05:00:00,2024-03-18 05:14:00,14.0,Crew,Delayed,504,7049,300,274,539.0,147686,91.33333333333331,Spring
FL02192,2025-08-17,AL008,AC024,AP011,AP017,2025-08-17 22:30:00,2025-08-18 00:27:00,117.0,Air Traffic,Delayed,273,5309,296,241,646.0,155686,81.41891891891892,Summer
FL02193,2025-05-31,AL006,AC032,AP015,AP030,2025-05-31 05:15:00,2025-05-31 05:25:00,10.0,Late Aircraft,Delayed,453,3109,396,298,242.0,72116,75.25252525252525,Spring
FL02194,2023-03-31,AL010,AC012,AP018,AP014,2023-03-31 12:45:00,2023-03-31 14:37:00,112.0,Technical,Delayed,153,7487,189,152,107.0,16264,80.42328042328042,Spring
FL02195,2023-08-09,AL001,AC011,AP018,AP008,2023-08-09 13:15:00,2023-08-09 13:26:00,11.0,Late Aircraft,Delayed,587,1023,300,246,245.0,60270,82.0,Summer
FL02196,2025-06-12,AL001,AC021,AP017,AP026,2025-06-12 09:00:00,2025-06-12 09:15:00,15.0,Crew,Delayed,84,5572,325,306,514.0,157284,94.15384615384616,Summer
FL02197,2024-10-14,AL004,AC022,AP012,AP015,2024-10-14 22:00:00,2024-10-14 22:10:00,10.0,Late Aircraft,Cancelled,531,3687,300,0,395.0,0,0.0,Autumn
FL02198,2025-11-19,AL008,AC027,AP014,AP002,2025-11-19 06:30:00,2025-11-19 06:30:00,0.0,No Delay,On Time,388,5512,325,271,462.0,125202,83.38461538461537,Autumn
FL02199,2023-09-08,AL009,AC038,AP018,AP027,2023-09-08 15:15:00,2023-09-08 15:28:00,13.0,Security,Delayed,559,5368,189,187,180.0,33660,98.94179894179894,Autumn
FL02200,2024-11-24,AL003,AC018,AP008,AP005,2024-11-24 08:30:00,2024-11-24 08:36:00,6.0,Technical,Delayed,205,2454,189,158,565.0,89270,83.5978835978836,Autumn
FL02201,2023-10-20,AL007,AC005,AP018,AP003,2023-10-20 10:00:00,2023-10-20 11:16:00,76.0,Technical,Delayed,331,7000,325,224,621.0,139104,68.92307692307692,Autumn
FL02202,2025-10-13,AL007,AC007,AP023,AP014,2025-10-13 07:00:00,2025-10-13 07:15:00,15.0,Weather,Delayed,365,7423,300,243,147.0,35721,81.0,Autumn
FL02203,2025-08-08,AL008,AC019,AP021,AP015,2025-08-08 15:15:00,2025-08-08 15:28:00,13.0,Technical,Delayed,210,3988,296,210,305.0,64050,70.94594594594594,Summer
FL02204,2023-09-30,AL002,AC029,AP026,AP007,2023-09-30 13:15:00,2023-09-30 13:51:00,36.0,Weather,Delayed,636,3112,220,175,579.0,101325,79.54545454545455,Autumn
FL02205,2025-04-10,AL004,AC036,AP003,AP025,2025-04-10 15:15:00,2025-04-10 15:21:00,6.0,Crew,Delayed,190,6328,180,128,147.0,18816,71.11111111111111,Spring
FL02206,2024-04-05,AL004,AC021,AP022,AP009,2024-04-05 19:00:00,2024-04-05 19:03:00,3.0,Security,Delayed,199,480,325,240,416.0,99840,73.84615384615385,Spring
FL02207,2025-09-28,AL001,AC030,AP029,AP008,2025-09-28 18:00:00,2025-09-28 20:09:00,129.0,Weather,Severely Delayed,63,7245,325,297,537.0,159489,91.3846153846154,Autumn
FL02208,2023-04-25,AL010,AC035,AP021,AP030,2023-04-25 06:45:00,2023-04-25 06:51:00,6.0,Technical,Delayed,205,6376,189,120,600.0,72000,63.49206349206349,Spring
FL02209,2023-09-23,AL004,AC034,AP008,AP016,2023-09-23 08:30:00,2023-09-23 08:44:00,14.0,Technical,Delayed,689,1899,300,213,297.0,63261,71.0,Autumn
FL02210,2024-10-05,AL006,AC009,AP018,AP014,2024-10-05 22:00:00,2024-10-05 22:00:00,0.0,No Delay,On Time,566,6313,296,236,462.0,109032,79.72972972972973,Autumn
FL02211,2024-06-04,AL001,AC034,AP017,AP003,2024-06-04 05:15:00,2024-06-04 05:16:00,1.0,Air Traffic,Delayed,554,4944,300,197,292.0,57524,65.66666666666666,Summer
FL02212,2023-07-04,AL003,AC039,AP024,AP006,2023-07-04 12:45:00,2023-07-04 12:46:00,1.0,Technical,Delayed,316,7659,300,243,207.0,50301,81.0,Summer
FL02213,2025-08-01,AL006,AC020,AP025,AP024,2025-08-01 06:45:00,2025-08-01 09:42:00,177.0,Late Aircraft,Severely Delayed,625,5656,396,310,401.0,124310,78.28282828282829,Summer
FL02214,2025-01-11,AL001,AC038,AP003,AP030,2025-01-11 14:15:00,2025-01-11 14:22:00,7.0,Air Traffic,Delayed,111,2030,189,164,488.0,80032,86.77248677248677,Winter
FL02215,2023-01-29,AL010,AC005,AP005,AP014,2023-01-29 06:30:00,2023-01-29 06:41:00,11.0,Late Aircraft,Delayed,246,824,325,201,637.0,128037,61.846153846153854,Winter
FL02216,2025-10-17,AL002,AC039,AP026,AP012,2025-10-17 18:00:00,2025-10-17 18:13:00,13.0,Technical,Delayed,300,4583,300,213,590.0,125670,71.0,Autumn
FL02217,2023-03-30,AL010,AC032,AP003,AP028,2023-03-30 14:30:00,2023-03-30 14:41:00,11.0,Air Traffic,Delayed,123,2555,396,298,402.0,119796,75.25252525252525,Spring
FL02218,2025-03-13,AL004,AC011,AP008,AP029,2025-03-13 13:45:00,2025-03-13 13:47:00,2.0,Technical,Delayed,243,4175,300,243,149.0,36207,81.0,Spring
FL02219,2025-03-12,AL003,AC011,AP027,AP020,2025-03-12 19:30:00,2025-03-12 22:29:00,179.0,Weather,Severely Delayed,154,426,300,252,321.0,80892,84.0,Spring
FL02220,2024-03-05,AL005,AC028,AP010,AP024,2024-03-05 12:00:00,2024-03-05 12:01:00,1.0,Security,Delayed,535,6696,296,191,502.0,95882,64.52702702702703,Spring
FL02221,2025-05-26,AL002,AC028,AP023,AP013,2025-05-26 07:15:00,2025-05-26 07:16:00,1.0,Security,Delayed,334,6977,296,263,621.0,163323,88.85135135135135,Spring
FL02222,2025-09-01,AL001,AC022,AP030,AP019,2025-09-01 18:45:00,2025-09-01 21:04:00,139.0,Weather,Severely Delayed,57,751,300,211,458.0,96638,70.33333333333334,Autumn
FL02223,2024-12-06,AL003,AC030,AP008,AP020,2024-12-06 11:00:00,2024-12-06 11:08:00,8.0,Late Aircraft,Delayed,596,4871,325,319,116.0,37004,98.15384615384616,Winter
FL02224,2023-12-12,AL008,AC032,AP014,AP016,2023-12-12 08:45:00,2023-12-12 08:59:00,14.0,Late Aircraft,Delayed,165,5649,396,244,164.0,40016,61.61616161616161,Winter
FL02225,2025-07-05,AL003,AC020,AP026,AP003,2025-07-05 13:30:00,2025-07-05 13:37:00,7.0,Late Aircraft,Delayed,100,2784,396,304,510.0,155040,76.76767676767676,Summer
FL02226,2025-08-21,AL008,AC002,AP020,AP028,2025-08-21 13:15:00,2025-08-21 15:19:00,124.0,Technical,Severely Delayed,371,3624,300,206,559.0,115154,68.66666666666667,Summer
FL02227,2023-07-07,AL005,AC039,AP026,AP020,2023-07-07 13:30:00,2023-07-07 13:31:00,1.0,Air Traffic,Delayed,137,1352,300,223,317.0,70691,74.33333333333333,Summer
FL02228,2023-05-05,AL008,AC030,AP016,AP002,2023-05-05 15:15:00,2023-05-05 15:22:00,7.0,Crew,Delayed,696,5597,325,228,488.0,111264,70.15384615384616,Spring
FL02229,2025-10-06,AL007,AC009,AP021,AP020,2025-10-06 10:30:00,2025-10-06 10:40:00,10.0,Technical,Delayed,635,4536,296,210,102.0,21420,70.94594594594594,Autumn
FL02230,2025-11-17,AL002,AC032,AP010,AP024,2025-11-17 12:45:00,2025-11-17 12:53:00,8.0,Weather,Delayed,128,3422,396,309,353.0,109077,78.03030303030303,Autumn
FL02231,2025-02-05,AL002,AC015,AP009,AP020,2025-02-05 12:00:00,2025-02-05 14:25:00,145.0,Air Traffic,Severely Delayed,328,5327,396,185,75.0,13875,46.71717171717172,Winter
FL02232,2025-05-07,AL007,AC020,AP015,AP005,2025-05-07 11:00:00,2025-05-07 11:02:00,2.0,Security,Delayed,538,5788,396,288,416.0,119808,72.72727272727273,Spring
FL02233,2024-02-17,AL006,AC033,AP005,AP003,2024-02-17 20:15:00,2024-02-17 20:29:00,14.0,Weather,Delayed,553,3260,220,197,411.0,80967,89.54545454545455,Winter
FL02234,2023-04-12,AL005,AC002,AP019,AP002,2023-04-12 07:15:00,2023-04-12 07:24:00,9.0,Security,Delayed,586,5648,300,236,77.0,18172,78.66666666666666,Spring
FL02235,2023-12-07,AL002,AC005,AP023,AP027,2023-12-07 19:30:00,2023-12-07 19:39:00,9.0,Weather,Delayed,273,5726,325,229,539.0,123431,70.46153846153847,Winter
FL02236,2023-10-14,AL004,AC010,AP026,AP019,2023-10-14 16:15:00,2023-10-14 16:25:00,10.0,Technical,Delayed,181,1344,396,297,567.0,168399,75.0,Autumn
FL02237,2024-01-26,AL003,AC023,AP022,AP001,2024-01-26 12:30:00,2024-01-26 12:41:00,11.0,Technical,Delayed,499,3047,180,140,450.0,63000,77.77777777777779,Winter
FL02238,2024-05-07,AL008,AC004,AP009,AP019,2024-05-07 17:15:00,2024-05-07 19:43:00,148.0,Air Traffic,Severely Delayed,406,3318,180,134,543.0,72762,74.44444444444444,Spring
FL02239,2025-04-14,AL005,AC009,AP009,AP005,2025-04-14 17:45:00,2025-04-14 17:49:00,4.0,Late Aircraft,Delayed,604,2720,296,154,604.0,93016,52.02702702702703,Spring
FL02240,2025-05-13,AL008,AC005,AP012,AP002,2025-05-13 06:15:00,2025-05-13 06:25:00,10.0,Security,Delayed,448,8259,325,263,599.0,157537,80.92307692307692,Spring
FL02241,2025-12-27,AL010,AC030,AP010,AP008,2025-12-27 07:45:00,2025-12-27 07:58:00,13.0,Late Aircraft,Delayed,475,792,325,187,423.0,79101,57.53846153846154,Winter
FL02242,2023-07-01,AL006,AC030,AP007,AP008,2023-07-01 11:00:00,2023-07-01 11:08:00,8.0,Late Aircraft,Delayed,120,4311,325,184,160.0,29440,56.61538461538461,Summer
FL02243,2024-06-23,AL010,AC020,AP020,AP001,2024-06-23 06:45:00,2024-06-23 06:45:00,0.0,No Delay,On Time,400,6954,396,287,649.0,186263,72.47474747474747,Summer
FL02244,2024-12-13,AL001,AC009,AP027,AP016,2024-12-13 16:15:00,2024-12-13 16:29:00,14.0,Technical,Delayed,583,8034,296,228,174.0,39672,77.02702702702703,Winter
FL02245,2024-03-29,AL005,AC005,AP003,AP024,2024-03-29 22:30:00,2024-03-29 22:44:00,14.0,Air Traffic,Delayed,143,4548,325,278,442.0,122876,85.53846153846155,Spring
FL02246,2025-07-29,AL003,AC027,AP030,AP009,2025-07-29 15:15:00,2025-07-29 15:15:00,0.0,No Delay,On Time,217,6945,325,240,96.0,23040,73.84615384615385,Summer
FL02247,2025-07-14,AL007,AC012,AP025,AP019,2025-07-14 05:30:00,2025-07-14 08:12:00,162.0,Crew,Severely Delayed,358,323,189,126,373.0,46998,66.66666666666666,Summer
FL02248,2024-06-16,AL005,AC023,AP017,AP023,2024-06-16 17:15:00,2024-06-16 17:17:00,2.0,Weather,Delayed,589,5073,180,159,333.0,52947,88.33333333333333,Summer
FL02249,2023-11-05,AL008,AC030,AP010,AP002,2023-11-05 14:30:00,2023-11-05 14:30:00,0.0,No Delay,On Time,639,1764,325,259,132.0,34188,79.6923076923077,Autumn
FL02250,2024-05-03,AL008,AC025,AP014,AP027,2024-05-03 19:15:00,2024-05-03 19:21:00,6.0,Air Traffic,Delayed,520,2102,296,225,102.0,22950,76.01351351351352,Spring
FL02251,2023-05-04,AL009,AC040,AP015,AP018,2023-05-04 07:15:00,2023-05-04 07:25:00,10.0,Technical,Delayed,455,2553,220,184,234.0,43056,83.63636363636363,Spring
FL02252,2023-10-31,AL010,AC020,AP001,AP013,2023-10-31 20:15:00,2023-10-31 20:15:00,0.0,No Delay,On Time,271,7706,396,283,133.0,37639,71.46464646464646,Autumn
FL02253,2025-05-13,AL004,AC018,AP014,AP005,2025-05-13 09:00:00,2025-05-13 09:07:00,7.0,Air Traffic,Delayed,557,3265,189,176,246.0,43296,93.12169312169311,Spring
FL02254,2025-12-31,AL002,AC021,AP007,AP023,2025-12-31 09:00:00,2025-12-31 11:02:00,122.0,Security,Severely Delayed,550,1921,325,253,403.0,101959,77.84615384615384,Winter
FL02255,2025-10-15,AL009,AC014,AP028,AP008,2025-10-15 16:00:00,2025-10-15 17:58:00,118.0,Technical,Delayed,238,462,325,277,572.0,158444,85.23076923076923,Autumn
FL02256,2025-02-08,AL006,AC025,AP003,AP009,2025-02-08 19:15:00,2025-02-08 19:30:00,15.0,Late Aircraft,Delayed,690,5870,296,277,84.0,23268,93.58108108108108,Winter
FL02257,2024-08-03,AL002,AC034,AP009,AP002,2024-08-03 07:30:00,2024-08-03 07:35:00,5.0,Security,Delayed,488,4733,300,272,588.0,159936,90.66666666666666,Summer
FL02258,2023-03-01,AL001,AC040,AP017,AP021,2023-03-01 05:30:00,2023-03-01 05:32:00,2.0,Crew,Delayed,359,1804,220,188,130.0,24440,85.45454545454545,Spring
FL02259,2023-07-27,AL008,AC015,AP012,AP011,2023-07-27 18:30:00,2023-07-27 20:45:00,135.0,Security,Severely Delayed,468,8042,396,373,502.0,187246,94.1919191919192,Summer
FL02260,2025-03-26,AL003,AC024,AP030,AP002,2025-03-26 12:15:00,2025-03-26 12:26:00,11.0,Security,Delayed,556,4157,296,287,346.0,99302,96.95945945945948,Spring
FL02261,2023-01-06,AL001,AC031,AP001,AP013,2023-01-06 22:45:00,2023-01-06 22:47:00,2.0,Security,Delayed,83,2043,300,245,482.0,118090,81.66666666666667,Winter
FL02262,2023-09-08,AL005,AC012,AP024,AP028,2023-09-08 05:30:00,2023-09-08 05:37:00,7.0,Security,Delayed,652,1781,189,145,298.0,43210,76.71957671957672,Autumn
FL02263,2025-07-06,AL007,AC012,AP016,AP010,2025-07-06 14:45:00,2025-07-06 14:47:00,2.0,Crew,Delayed,214,4142,189,157,305.0,47885,83.06878306878306,Summer
FL02264,2024-10-15,AL008,AC040,AP021,AP023,2024-10-15 14:30:00,2024-10-15 14:41:00,11.0,Security,Delayed,589,1273,220,164,541.0,88724,74.54545454545455,Autumn
FL02265,2025-10-03,AL009,AC025,AP022,AP021,2025-10-03 12:15:00,2025-10-03 12:20:00,5.0,Weather,Delayed,559,5044,296,254,231.0,58674,85.8108108108108,Autumn
FL02266,2023-03-07,AL001,AC032,AP028,AP013,2023-03-07 13:45:00,2023-03-07 13:59:00,14.0,Technical,Delayed,405,4042,396,345,359.0,123855,87.12121212121212,Spring
FL02267,2025-10-02,AL004,AC011,AP010,AP016,2025-10-02 16:30:00,2025-10-02 16:38:00,8.0,Security,Delayed,346,5352,300,234,586.0,137124,78.0,Autumn
FL02268,2024-04-10,AL009,AC039,AP025,AP014,2024-04-10 22:30:00,2024-04-10 22:36:00,6.0,Air Traffic,Delayed,518,4796,300,187,493.0,92191,62.33333333333333,Spring
FL02269,2024-10-27,AL008,AC034,AP027,AP009,2024-10-27 13:45:00,2024-10-27 13:47:00,2.0,Technical,Delayed,76,4974,300,248,171.0,42408,82.66666666666667,Autumn
FL02270,2023-10-13,AL001,AC038,AP025,AP013,2023-10-13 12:30:00,2023-10-13 13:17:00,47.0,Weather,Delayed,559,1939,189,129,571.0,73659,68.25396825396825,Autumn
FL02271,2023-12-23,AL003,AC005,AP012,AP007,2023-12-23 08:00:00,2023-12-23 08:12:00,12.0,Weather,Delayed,466,6177,325,161,404.0,65044,49.53846153846154,Winter
FL02272,2024-11-19,AL006,AC009,AP023,AP005,2024-11-19 12:00:00,2024-11-19 13:51:00,111.0,Weather,Cancelled,208,6040,296,0,78.0,0,0.0,Autumn
FL02273,2024-12-26,AL010,AC028,AP029,AP011,2024-12-26 18:30:00,2024-12-26 18:40:00,10.0,Late Aircraft,Delayed,268,1640,296,258,183.0,47214,87.16216216216216,Winter
FL02274,2023-04-15,AL010,AC012,AP016,AP021,2023-04-15 09:45:00,2023-04-15 09:54:00,9.0,Air Traffic,Delayed,627,4990,189,149,253.0,37697,78.83597883597884,Spring
FL02275,2024-11-12,AL003,AC029,AP015,AP027,2024-11-12 11:15:00,2024-11-12 12:53:00,98.0,Weather,Delayed,571,308,220,179,123.0,22017,81.36363636363636,Autumn
FL02276,2025-04-20,AL007,AC040,AP016,AP011,2025-04-20 10:45:00,2025-04-20 10:50:00,5.0,Crew,Delayed,415,767,220,153,115.0,17595,69.54545454545455,Spring
FL02277,2023-12-28,AL001,AC015,AP014,AP006,2023-12-28 12:15:00,2023-12-28 12:27:00,12.0,Technical,Delayed,639,1350,396,292,603.0,176076,73.73737373737373,Winter
FL02278,2024-09-02,AL002,AC002,AP012,AP020,2024-09-02 18:45:00,2024-09-02 21:08:00,143.0,Late Aircraft,Severely Delayed,219,5455,300,218,97.0,21146,72.66666666666667,Autumn
FL02279,2024-11-22,AL001,AC011,AP029,AP024,2024-11-22 15:45:00,2024-11-22 15:50:00,5.0,Technical,Delayed,612,3661,300,217,269.0,58373,72.33333333333334,Autumn
FL02280,2023-05-11,AL010,AC030,AP023,AP006,2023-05-11 20:45:00,2023-05-11 21:00:00,15.0,Crew,Delayed,649,871,325,274,458.0,125492,84.3076923076923,Spring
FL02281,2023-07-01,AL007,AC037,AP019,AP003,2023-07-01 15:00:00,2023-07-01 15:02:00,2.0,Late Aircraft,Delayed,427,544,220,186,418.0,77748,84.54545454545455,Summer
FL02282,2024-03-29,AL008,AC027,AP025,AP020,2024-03-29 21:00:00,2024-03-29 21:01:00,1.0,Late Aircraft,Delayed,205,8470,325,274,376.0,103024,84.3076923076923,Spring
FL02283,2024-09-10,AL008,AC031,AP018,AP027,2024-09-10 15:00:00,2024-09-10 15:10:00,10.0,Late Aircraft,Delayed,100,6816,300,215,613.0,131795,71.66666666666667,Autumn
FL02284,2025-11-07,AL001,AC008,AP009,AP023,2025-11-07 05:45:00,2025-11-07 05:53:00,8.0,Technical,Delayed,557,4614,300,238,420.0,99960,79.33333333333333,Autumn
FL02285,2025-01-02,AL006,AC032,AP025,AP026,2025-01-02 20:15:00,2025-01-02 20:26:00,11.0,Technical,Delayed,202,637,396,328,118.0,38704,82.82828282828282,Winter
FL02286,2023-01-07,AL006,AC031,AP022,AP013,2023-01-07 06:15:00,2023-01-07 06:16:00,1.0,Late Aircraft,Delayed,653,642,300,229,193.0,44197,76.33333333333333,Winter
FL02287,2023-02-28,AL010,AC025,AP009,AP003,2023-02-28 07:30:00,2023-02-28 07:34:00,4.0,Technical,Delayed,233,4708,296,175,202.0,35350,59.12162162162162,Winter
FL02288,2024-07-22,AL009,AC011,AP009,AP021,2024-07-22 18:30:00,2024-07-22 18:39:00,9.0,Technical,Delayed,696,6849,300,297,534.0,158598,99.0,Summer
FL02289,2025-05-31,AL007,AC008,AP005,AP028,2025-05-31 14:45:00,2025-05-31 17:38:00,173.0,Technical,Severely Delayed,652,7858,300,272,119.0,32368,90.66666666666666,Spring
FL02290,2023-10-08,AL006,AC011,AP004,AP022,2023-10-08 06:30:00,2023-10-08 06:36:00,6.0,Technical,Delayed,245,6280,300,288,400.0,115200,96.0,Autumn
FL02291,2023-01-11,AL006,AC002,AP015,AP023,2023-01-11 13:15:00,2023-01-11 15:24:00,129.0,Late Aircraft,Severely Delayed,517,2740,300,227,89.0,20203,75.66666666666667,Winter
FL02292,2024-07-29,AL006,AC008,AP025,AP001,2024-07-29 08:15:00,2024-07-29 09:30:00,75.0,Technical,Delayed,699,4405,300,173,564.0,97572,57.66666666666666,Summer
FL02293,2023-11-07,AL007,AC024,AP029,AP012,2023-11-07 12:00:00,2023-11-07 12:11:00,11.0,Security,Delayed,270,2179,296,190,627.0,119130,64.1891891891892,Autumn
FL02294,2023-09-14,AL005,AC016,AP016,AP003,2023-09-14 05:45:00,2023-09-14 05:48:00,3.0,Crew,Delayed,333,2381,189,90,169.0,15210,47.61904761904761,Autumn
FL02295,2025-08-27,AL003,AC033,AP022,AP026,2025-08-27 15:30:00,2025-08-27 15:45:00,15.0,Air Traffic,Delayed,299,4665,220,175,392.0,68600,79.54545454545455,Summer
FL02296,2023-02-12,AL009,AC028,AP003,AP004,2023-02-12 17:45:00,2023-02-12 18:00:00,15.0,Weather,Delayed,300,1212,296,206,436.0,89816,69.5945945945946,Winter
FL02297,2024-10-12,AL008,AC006,AP012,AP022,2024-10-12 20:30:00,2024-10-12 20:37:00,7.0,Late Aircraft,Delayed,682,1793,300,260,270.0,70200,86.66666666666667,Autumn
FL02298,2023-09-21,AL006,AC028,AP013,AP005,2023-09-21 14:45:00,2023-09-21 16:52:00,127.0,Weather,Severely Delayed,531,1521,296,216,158.0,34128,72.97297297297297,Autumn
FL02299,2025-01-17,AL007,AC013,AP025,AP004,2025-01-17 07:00:00,2025-01-17 07:15:00,15.0,Air Traffic,Delayed,480,6699,325,258,267.0,68886,79.38461538461539,Winter
FL02300,2024-01-19,AL007,AC006,AP023,AP018,2024-01-19 18:15:00,2024-01-19 18:17:00,2.0,Late Aircraft,Delayed,112,7174,300,232,480.0,111360,77.33333333333333,Winter
FL02301,2024-02-20,AL006,AC024,AP008,AP024,2024-02-20 06:45:00,2024-02-20 06:52:00,7.0,Security,Delayed,61,1446,296,178,577.0,102706,60.13513513513513,Winter
FL02302,2024-09-28,AL006,AC036,AP018,AP028,2024-09-28 18:30:00,2024-09-28 18:34:00,4.0,Late Aircraft,Delayed,198,4414,180,85,645.0,54825,47.22222222222222,Autumn
FL02303,2024-01-14,AL008,AC030,AP010,AP004,2024-01-14 18:00:00,2024-01-14 18:43:00,43.0,Technical,Delayed,126,1540,325,238,630.0,149940,73.23076923076923,Winter
FL02304,2023-12-22,AL007,AC018,AP023,AP019,2023-12-22 20:00:00,2023-12-22 20:06:00,6.0,Air Traffic,Delayed,110,3685,189,146,422.0,61612,77.24867724867724,Winter
FL02305,2023-01-19,AL002,AC030,AP016,AP004,2023-01-19 06:15:00,2023-01-19 07:44:00,89.0,Late Aircraft,Delayed,578,1293,325,197,550.0,108350,60.61538461538461,Winter
FL02306,2025-04-16,AL008,AC027,AP002,AP024,2025-04-16 22:45:00,2025-04-16 22:52:00,7.0,Weather,Delayed,152,4611,325,286,192.0,54912,88.0,Spring
FL02307,2023-03-21,AL002,AC010,AP030,AP024,2023-03-21 18:00:00,2023-03-21 18:12:00,12.0,Air Traffic,Delayed,110,1810,396,350,369.0,129150,88.38383838383838,Spring
FL02308,2025-08-20,AL001,AC032,AP021,AP014,2025-08-20 13:00:00,2025-08-20 13:05:00,5.0,Crew,Delayed,127,2483,396,264,625.0,165000,66.66666666666666,Summer
FL02309,2023-04-27,AL001,AC018,AP008,AP003,2023-04-27 17:00:00,2023-04-27 17:02:00,2.0,Late Aircraft,Delayed,561,7715,189,121,192.0,23232,64.02116402116403,Spring
FL02310,2023-12-10,AL002,AC036,AP029,AP016,2023-12-10 22:30:00,2023-12-10 22:38:00,8.0,Crew,Delayed,266,4269,180,142,405.0,57510,78.88888888888889,Winter
FL02311,2024-03-26,AL008,AC017,AP010,AP018,2024-03-26 06:00:00,2024-03-26 07:33:00,93.0,Technical,Delayed,647,8132,296,209,148.0,30932,70.6081081081081,Spring
FL02312,2025-10-05,AL001,AC021,AP016,AP020,2025-10-05 21:00:00,2025-10-05 21:12:00,12.0,Crew,Delayed,647,854,325,280,425.0,119000,86.15384615384616,Autumn
FL02313,2025-11-12,AL010,AC008,AP027,AP022,2025-11-12 17:00:00,2025-11-12 17:15:00,15.0,Crew,Delayed,699,5829,300,264,333.0,87912,88.0,Autumn
FL02314,2023-04-01,AL001,AC005,AP022,AP007,2023-04-01 05:45:00,2023-04-01 05:59:00,14.0,Air Traffic,Delayed,455,2996,325,195,270.0,52650,60.0,Spring
FL02315,2023-09-04,AL009,AC023,AP011,AP004,2023-09-04 15:00:00,2023-09-04 15:04:00,4.0,Crew,Delayed,529,7718,180,150,405.0,60750,83.33333333333334,Autumn
FL02316,2025-05-10,AL005,AC035,AP030,AP001,2025-05-10 11:00:00,2025-05-10 13:30:00,150.0,Late Aircraft,Severely Delayed,639,2113,189,137,147.0,20139,72.4867724867725,Spring
FL02317,2025-05-10,AL010,AC004,AP016,AP026,2025-05-10 06:30:00,2025-05-10 06:38:00,8.0,Weather,Delayed,447,1556,180,160,307.0,49120,88.88888888888889,Spring
FL02318,2025-06-24,AL004,AC020,AP014,AP019,2025-06-24 12:15:00,2025-06-24 12:15:00,0.0,No Delay,On Time,363,761,396,228,354.0,80712,57.57575757575758,Summer
FL02319,2024-05-17,AL009,AC030,AP005,AP004,2024-05-17 12:30:00,2024-05-17 12:42:00,12.0,Security,Delayed,635,4030,325,290,432.0,125280,89.23076923076924,Spring
FL02320,2024-02-09,AL009,AC016,AP019,AP003,2024-02-09 07:30:00,2024-02-09 07:34:00,4.0,Crew,Delayed,53,7106,189,160,157.0,25120,84.65608465608466,Winter
FL02321,2025-08-18,AL007,AC015,AP004,AP012,2025-08-18 12:15:00,2025-08-18 12:27:00,12.0,Security,Delayed,595,5479,396,270,450.0,121500,68.18181818181817,Summer
FL02322,2024-09-29,AL008,AC038,AP025,AP013,2024-09-29 10:00:00,2024-09-29 10:31:00,31.0,Weather,Delayed,187,1844,189,150,549.0,82350,79.36507936507937,Autumn
FL02323,2024-08-04,AL003,AC010,AP021,AP018,2024-08-04 09:30:00,2024-08-04 09:35:00,5.0,Crew,Delayed,67,6772,396,281,489.0,137409,70.95959595959596,Summer
FL02324,2024-05-17,AL002,AC032,AP026,AP016,2024-05-17 14:45:00,2024-05-17 14:48:00,3.0,Technical,Delayed,149,4117,396,309,183.0,56547,78.03030303030303,Spring
FL02325,2023-02-19,AL004,AC008,AP013,AP012,2023-02-19 12:15:00,2023-02-19 14:47:00,152.0,Crew,Severely Delayed,605,3376,300,227,277.0,62879,75.66666666666667,Winter
FL02326,2025-07-21,AL002,AC031,AP011,AP008,2025-07-21 18:00:00,2025-07-21 18:08:00,8.0,Air Traffic,Delayed,62,1636,300,216,142.0,30672,72.0,Summer
FL02327,2023-10-21,AL008,AC030,AP022,AP009,2023-10-21 15:45:00,2023-10-21 15:46:00,1.0,Late Aircraft,Delayed,185,4595,325,225,461.0,103725,69.23076923076923,Autumn
FL02328,2025-12-16,AL004,AC009,AP026,AP007,2025-12-16 05:45:00,2025-12-16 06:48:00,63.0,Crew,Delayed,358,7565,296,203,538.0,109214,68.58108108108108,Winter
FL02329,2023-05-30,AL006,AC023,AP018,AP028,2023-05-30 11:00:00,2023-05-30 11:04:00,4.0,Technical,Delayed,130,7373,180,167,588.0,98196,92.7777777777778,Spring
FL02330,2025-10-09,AL007,AC017,AP029,AP024,2025-10-09 18:15:00,2025-10-09 19:45:00,90.0,Late Aircraft,Delayed,179,6677,296,202,646.0,130492,68.24324324324324,Autumn
FL02331,2025-03-18,AL003,AC023,AP017,AP015,2025-03-18 16:15:00,2025-03-18 16:18:00,3.0,Security,Delayed,277,6898,180,124,413.0,51212,68.88888888888889,Spring
FL02332,2025-05-11,AL007,AC021,AP011,AP017,2025-05-11 10:30:00,2025-05-11 10:38:00,8.0,Late Aircraft,Delayed,612,5253,325,222,507.0,112554,68.3076923076923,Spring
FL02333,2024-03-26,AL004,AC029,AP013,AP016,2024-03-26 06:30:00,2024-03-26 07:36:00,66.0,Air Traffic,Delayed,76,699,220,181,540.0,97740,82.27272727272728,Spring
FL02334,2025-01-23,AL009,AC011,AP014,AP008,2025-01-23 12:15:00,2025-01-23 12:16:00,1.0,Security,Delayed,669,2692,300,282,139.0,39198,94.0,Winter
FL02335,2023-05-25,AL002,AC015,AP004,AP023,2023-05-25 05:00:00,2023-05-25 05:03:00,3.0,Late Aircraft,Delayed,494,1488,396,264,136.0,35904,66.66666666666666,Spring
FL02336,2023-06-28,AL002,AC025,AP001,AP008,2023-06-28 18:30:00,2023-06-28 18:43:00,13.0,Technical,Delayed,703,842,296,233,532.0,123956,78.71621621621621,Summer
FL02337,2025-03-24,AL009,AC003,AP021,AP015,2025-03-24 22:45:00,2025-03-24 22:55:00,10.0,Unknown,Delayed,700,3691,396,305,202.0,61610,77.02020202020202,Spring
FL02338,2024-02-26,AL002,AC021,AP018,AP016,2024-02-26 05:15:00,2024-02-26 05:23:00,8.0,Late Aircraft,Delayed,197,7800,325,221,319.0,70499,68.0,Winter
FL02339,2025-03-12,AL001,AC006,AP014,AP023,2025-03-12 13:45:00,2025-03-12 13:59:00,14.0,Weather,Delayed,678,7820,300,151,185.0,27935,50.33333333333333,Spring
FL02340,2024-01-30,AL009,AC004,AP030,AP011,2024-01-30 14:00:00,2024-01-30 14:03:00,3.0,Air Traffic,Delayed,457,5965,180,99,604.0,59796,55.00000000000001,Winter
FL02341,2024-09-25,AL009,AC009,AP012,AP005,2024-09-25 18:15:00,2024-09-25 18:17:00,2.0,Air Traffic,Delayed,333,4059,296,183,624.0,114192,61.82432432432432,Autumn
FL02342,2023-11-08,AL002,AC016,AP012,AP015,2023-11-08 22:15:00,2023-11-08 22:18:00,3.0,Late Aircraft,Delayed,364,8228,189,124,325.0,40300,65.60846560846561,Autumn
FL02343,2025-07-03,AL007,AC013,AP012,AP022,2025-07-03 11:00:00,2025-07-03 11:03:00,3.0,Crew,Delayed,437,5017,325,292,298.0,87016,89.84615384615384,Summer
FL02344,2023-11-19,AL003,AC034,AP014,AP002,2023-11-19 13:45:00,2023-11-19 13:50:00,5.0,Security,Delayed,667,5160,300,237,245.0,58065,79.0,Autumn
FL02345,2025-08-02,AL003,AC006,AP029,AP025,2025-08-02 20:45:00,2025-08-02 20:51:00,6.0,Air Traffic,Delayed,432,6202,300,227,464.0,105328,75.66666666666667,Summer
FL02346,2023-02-20,AL009,AC027,AP024,AP017,2023-02-20 10:00:00,2023-02-20 10:34:00,34.0,Security,Delayed,74,6502,325,311,433.0,134663,95.6923076923077,Winter
FL02347,2024-05-17,AL003,AC022,AP005,AP016,2024-05-17 21:00:00,2024-05-17 21:15:00,15.0,Air Traffic,Delayed,457,7338,300,231,594.0,137214,77.0,Spring
FL02348,2023-08-21,AL009,AC014,AP023,AP011,2023-08-21 22:45:00,2023-08-21 22:52:00,7.0,Weather,Delayed,581,1538,325,249,552.0,137448,76.61538461538461,Summer
FL02349,2024-02-01,AL006,AC030,AP002,AP010,2024-02-01 07:45:00,2024-02-01 10:32:00,167.0,Security,Severely Delayed,322,7189,325,224,522.0,116928,68.92307692307692,Winter
FL02350,2025-10-12,AL002,AC017,AP008,AP006,2025-10-12 17:30:00,2025-10-12 20:01:00,151.0,Late Aircraft,Severely Delayed,541,4497,296,293,387.0,113391,98.98648648648648,Autumn
FL02351,2024-09-10,AL008,AC017,AP018,AP028,2024-09-10 06:30:00,2024-09-10 06:35:00,5.0,Late Aircraft,Delayed,268,1529,296,264,362.0,144672,89.1891891891892,Autumn
FL02352,2024-09-04,AL009,AC019,AP023,AP006,2024-09-04 22:15:00,2024-09-04 22:20:00,5.0,Air Traffic,Delayed,679,2124,296,202,414.0,83628,68.24324324324324,Autumn
FL02353,2024-03-08,AL003,AC006,AP018,AP020,2024-03-08 08:30:00,2024-03-08 08:37:00,7.0,Technical,Delayed,649,7438,300,259,532.0,137788,86.33333333333333,Spring
FL02354,2025-09-19,AL004,AC019,AP014,AP002,2025-09-19 13:15:00,2025-09-19 13:15:00,0.0,No Delay,On Time,78,990,296,256,430.0,110080,86.48648648648648,Autumn
FL02355,2024-10-10,AL004,AC010,AP021,AP027,2024-10-10 08:00:00,2024-10-10 08:07:00,7.0,Air Traffic,Delayed,475,3116,396,342,240.0,82080,86.36363636363636,Autumn
FL02356,2025-02-04,AL002,AC010,AP013,AP027,2025-02-04 20:30:00,2025-02-04 20:38:00,8.0,Late Aircraft,Delayed,238,3560,396,280,635.0,177800,70.70707070707071,Winter
FL02357,2025-01-03,AL001,AC023,AP001,AP029,2025-01-03 10:15:00,2025-01-03 10:18:00,3.0,Late Aircraft,Delayed,114,1977,180,125,396.0,49500,69.44444444444444,Winter
FL02358,2023-05-20,AL004,AC027,AP002,AP012,2023-05-20 16:45:00,2023-05-20 16:45:00,0.0,No Delay,On Time,306,7728,325,209,177.0,36993,64.3076923076923,Spring
FL02359,2025-11-25,AL007,AC014,AP001,AP030,2025-11-25 08:30:00,2025-11-25 08:33:00,3.0,Late Aircraft,Delayed,144,1350,325,300,608.0,182400,92.3076923076923,Autumn
FL02360,2023-10-19,AL003,AC040,AP008,AP016,2023-10-19 07:45:00,2023-10-19 07:45:00,0.0,No Delay,On Time,403,6824,220,151,224.0,33824,68.63636363636364,Autumn
FL02361,2023-07-30,AL010,AC028,AP021,AP030,2023-07-30 19:30:00,2023-07-30 19:39:00,9.0,Late Aircraft,Delayed,536,7642,296,249,641.0,159609,84.12162162162163,Summer
FL02362,2024-08-06,AL004,AC018,AP029,AP018,2024-08-06 16:15:00,2024-08-06 16:29:00,14.0,Air Traffic,Delayed,350,7899,189,147,522.0,76734,77.77777777777779,Summer
FL02363,2025-05-16,AL006,AC011,AP019,AP021,2025-05-16 20:00:00,2025-05-16 20:02:00,2.0,Late Aircraft,Delayed,173,2345,300,215,575.0,123625,71.66666666666667,Spring
FL02364,2024-07-29,AL008,AC036,AP027,AP008,2024-07-29 10:00:00,2024-07-29 10:14:00,14.0,Late Aircraft,Delayed,415,6008,180,129,465.0,59985,71.66666666666667,Summer
FL02365,2023-07-03,AL007,AC028,AP013,AP029,2023-07-03 13:15:00,2023-07-03 13:19:00,4.0,Air Traffic,Delayed,393,1668,296,244,450.0,109800,82.43243243243244,Summer
FL02366,2023-10-14,AL010,AC017,AP001,AP020,2023-10-14 09:30:00,2023-10-14 09:45:00,15.0,Weather,Delayed,182,4130,296,287,191.0,54817,96.95945945945948,Autumn
FL02367,2023-03-12,AL004,AC035,AP004,AP001,2023-03-12 13:15:00,2023-03-12 13:21:00,6.0,Late Aircraft,Delayed,670,7826,189,114,185.0,21090,60.31746031746032,Spring
FL02368,2024-09-07,AL005,AC005,AP028,AP021,2024-09-07 13:45:00,2024-09-07 14:10:00,25.0,Weather,Delayed,646,7915,325,246,124.0,30504,75.6923076923077,Autumn
FL02369,2024-11-28,AL004,AC011,AP023,AP012,2024-11-28 21:45:00,2024-11-28 21:55:00,10.0,Crew,Delayed,613,1280,300,175,227.0,39725,58.333333333333336,Autumn
FL02370,2024-12-18,AL005,AC030,AP015,AP008,2024-12-18 08:15:00,2024-12-18 08:16:00,1.0,Late Aircraft,Delayed,254,1243,325,113,148.0,16724,34.76923076923077,Winter
FL02371,2025-08-29,AL003,AC010,AP001,AP003,2025-08-29 09:30:00,2025-08-29 09:33:00,3.0,Security,Delayed,504,2530,396,258,474.0,122292,65.15151515151516,Summer
FL02372,2024-03-06,AL002,AC018,AP027,AP019,2024-03-06 17:00:00,2024-03-06 17:08:00,8.0,Late Aircraft,Delayed,545,8421,189,148,263.0,38924,78.3068783068783,Spring
FL02373,2023-08-22,AL009,AC002,AP003,AP025,2023-08-22 08:15:00,2023-08-22 08:20:00,5.0,Weather,Delayed,657,6949,300,241,142.0,34222,80.33333333333333,Summer
FL02374,2024-11-21,AL006,AC032,AP016,AP025,2024-11-21 14:00:00,2024-11-21 14:09:00,9.0,Security,Delayed,435,6856,396,366,483.0,176778,92.42424242424242,Autumn
FL02375,2023-08-14,AL005,AC020,AP011,AP018,2023-08-14 22:15:00,2023-08-14 22:20:00,5.0,Late Aircraft,Delayed,411,7317,396,202,369.0,74538,51.010101010101,Summer
FL02376,2025-11-04,AL008,AC036,AP021,AP012,2025-11-04 17:45:00,2025-11-04 17:55:00,10.0,Late Aircraft,Delayed,305,7954,180,170,579.0,98430,94.44444444444444,Autumn
FL02377,2025-07-20,AL007,AC035,AP026,AP027,2025-07-20 21:30:00,2025-07-20 21:44:00,14.0,Crew,Delayed,628,6880,189,139,89.0,12371,73.54497354497354,Summer
FL02378,2024-10-14,AL008,AC005,AP012,AP009,2024-10-14 20:45:00,2024-10-14 20:45:00,0.0,No Delay,On Time,466,1444,325,278,115.0,31970,85.53846153846155,Autumn
FL02379,2024-03-22,AL003,AC033,AP002,AP007,2024-03-22 13:00:00,2024-03-22 13:02:00,2.0,Late Aircraft,Delayed,716,5698,220,162,178.0,28836,73.63636363636363,Spring
FL02380,2023-07-03,AL007,AC033,AP030,AP012,2023-07-03 16:45:00,2023-07-03 16:48:00,3.0,Air Traffic,Cancelled,433,8197,220,0,124.0,0,0.0,Summer
FL02381,2025-01-26,AL002,AC019,AP002,AP005,2025-01-26 19:15:00,2025-01-26 22:06:00,171.0,Security,Severely Delayed,279,558,296,158,381.0,60198,53.37837837837838,Winter
FL02382,2024-01-20,AL002,AC036,AP014,AP019,2024-01-20 06:15:00,2024-01-20 06:28:00,13.0,Late Aircraft,Delayed,381,5004,180,158,370.0,58460,87.77777777777777,Winter
FL02383,2023-05-30,AL006,AC031,AP023,AP022,2023-05-30 15:15:00,2023-05-30 15:20:00,5.0,Air Traffic,Delayed,699,1423,300,252,160.0,40320,84.0,Spring
FL02384,2024-11-04,AL008,AC023,AP003,AP008,2024-11-04 20:15:00,2024-11-04 20:15:00,0.0,No Delay,On Time,659,956,180,178,455.0,80990,98.88888888888889,Autumn
FL02385,2024-10-07,AL005,AC018,AP013,AP028,2024-10-07 06:45:00,2024-10-07 06:55:00,10.0,Late Aircraft,Delayed,609,774,189,138,304.0,41952,73.01587301587301,Autumn
FL02386,2024-08-28,AL009,AC015,AP001,AP003,2024-08-28 06:30:00,2024-08-28 06:38:00,8.0,Security,Delayed,502,4729,396,217,268.0,58156,54.7979797979798,Summer
FL02387,2025-02-28,AL005,AC019,AP012,AP004,2025-02-28 13:00:00,2025-02-28 13:01:00,1.0,Security,Delayed,516,1553,296,182,578.0,105196,61.48648648648649,Winter
FL02388,2023-02-14,AL007,AC024,AP017,AP008,2023-02-14 19:00:00,2023-02-14 19:08:00,8.0,Security,Delayed,342,1183,296,249,410.0,102090,84.12162162162163,Winter
FL02389,2025-12-13,AL010,AC035,AP011,AP012,2025-12-13 09:30:00,2025-12-13 09:41:00,11.0,Crew,Delayed,390,4785,189,125,583.0,72875,66.13756613756614,Winter
FL02390,2023-10-12,AL007,AC009,AP002,AP019,2023-10-12 06:15:00,2023-10-12 06:30:00,15.0,Weather,Delayed,251,1499,296,252,324.0,81648,85.13513513513513,Autumn
FL02391,2023-11-15,AL008,AC036,AP028,AP017,2023-11-15 13:30:00,2023-11-15 13:42:00,12.0,Security,Delayed,543,2915,180,112,403.0,45136,62.22222222222222,Autumn
FL02392,2025-10-29,AL005,AC040,AP018,AP003,2025-10-29 12:45:00,2025-10-29 12:48:00,3.0,Weather,Delayed,637,7049,220,182,571.0,103922,82.72727272727273,Autumn
FL02393,2025-05-04,AL002,AC031,AP004,AP015,2025-05-04 15:00:00,2025-05-04 15:08:00,8.0,Weather,Cancelled,592,4957,300,0,393.0,0,0.0,Spring
FL02394,2025-09-07,AL006,AC038,AP028,AP010,2025-09-07 19:30:00,2025-09-07 19:39:00,9.0,Crew,Cancelled,97,7746,189,0,222.0,0,0.0,Autumn
FL02395,2023-12-09,AL004,AC020,AP015,AP017,2023-12-09 12:30:00,2023-12-09 12:40:00,10.0,Security,Delayed,103,4711,396,247,516.0,127452,62.37373737373737,Winter
FL02396,2025-11-04,AL001,AC027,AP026,AP021,2025-11-04 13:00:00,2025-11-04 13:11:00,11.0,Weather,Delayed,189,2662,325,263,222.0,58386,80.92307692307692,Autumn
FL02397,2023-05-21,AL009,AC035,AP016,AP026,2023-05-21 06:30:00,2023-05-21 08:01:00,91.0,Technical,Delayed,355,7246,189,146,487.0,71102,77.24867724867724,Spring
FL02398,2024-03-29,AL010,AC036,AP009,AP027,2024-03-29 10:30:00,2024-03-29 10:42:00,12.0,Late Aircraft,Delayed,581,8293,180,142,640.0,90880,78.88888888888889,Spring
FL02399,2025-12-18,AL010,AC023,AP029,AP002,2025-12-18 22:45:00,2025-12-18 22:47:00,2.0,Air Traffic,Delayed,501,635,180,94,152.0,14288,52.22222222222223,Winter
FL02400,2025-07-18,AL003,AC018,AP008,AP027,2025-07-18 21:30:00,2025-07-18 23:52:00,142.0,Weather,Severely Delayed,438,4813,189,124,271.0,33604,65.60846560846561,Summer
FL02401,2025-11-19,AL007,AC012,AP011,AP005,2025-11-19 14:15:00,2025-11-19 14:19:00,4.0,Late Aircraft,Delayed,571,7471,189,152,617.0,93784,80.42328042328042,Autumn
FL02402,2023-02-18,AL005,AC040,AP025,AP002,2023-02-18 14:00:00,2023-02-18 15:38:00,98.0,Crew,Delayed,327,5715,220,127,172.0,21844,57.72727272727273,Winter
FL02403,2023-03-04,AL010,AC031,AP013,AP002,2023-03-04 11:30:00,2023-03-04 13:21:00,111.0,Crew,Delayed,385,8496,300,159,323.0,51357,53.0,Spring
FL02404,2024-12-16,AL006,AC001,AP023,AP009,2024-12-16 08:45:00,2024-12-16 08:58:00,13.0,Weather,Delayed,608,842,325,303,226.0,68478,93.23076923076924,Winter
FL02405,2023-09-10,AL001,AC026,AP017,AP016,2023-09-10 17:00:00,2023-09-10 17:09:00,9.0,Air Traffic,Delayed,554,6864,189,128,396.0,50688,67.72486772486772,Autumn
FL02406,2025-04-06,AL006,AC011,AP018,AP017,2025-04-06 09:45:00,2025-04-06 10:38:00,53.0,Air Traffic,Delayed,230,2004,300,256,425.0,108800,85.33333333333334,Spring
FL02407,2025-02-05,AL010,AC013,AP023,AP010,2025-02-05 21:00:00,2025-02-05 21:10:00,10.0,Late Aircraft,Delayed,351,1097,325,265,344.0,91160,81.53846153846153,Winter
FL02408,2024-11-29,AL009,AC025,AP011,AP008,2024-11-29 15:45:00,2024-11-29 16:39:00,54.0,Late Aircraft,Delayed,97,3248,296,193,376.0,72568,65.2027027027027,Autumn
FL02409,2025-01-28,AL010,AC023,AP012,AP026,2025-01-28 05:15:00,2025-01-28 05:15:00,0.0,No Delay,On Time,483,4965,180,145,631.0,91495,80.55555555555556,Winter
FL02410,2023-09-23,AL006,AC001,AP003,AP007,2023-09-23 21:45:00,2023-09-23 21:58:00,13.0,Weather,Delayed,181,1024,325,258,613.0,158154,79.38461538461539,Autumn
FL02411,2023-11-18,AL004,AC034,AP014,AP021,2023-11-18 07:30:00,2023-11-18 07:44:00,14.0,Late Aircraft,Delayed,92,4791,300,283,384.0,108672,94.33333333333334,Autumn
FL02412,2023-06-10,AL005,AC008,AP016,AP014,2023-06-10 06:15:00,2023-06-10 08:18:00,123.0,Crew,Severely Delayed,92,519,300,239,475.0,113525,79.66666666666666,Summer
FL02413,2025-08-25,AL010,AC023,AP006,AP024,2025-08-25 11:30:00,2025-08-25 11:37:00,7.0,Air Traffic,Delayed,510,1298,180,178,438.0,77964,98.88888888888889,Summer
FL02414,2024-02-22,AL002,AC007,AP018,AP022,2024-02-22 15:15:00,2024-02-22 15:15:00,0.0,No Delay,On Time,546,3115,300,253,326.0,82478,84.33333333333334,Winter
FL02415,2025-09-01,AL005,AC037,AP009,AP019,2025-09-01 07:15:00,2025-09-01 09:31:00,136.0,Crew,Severely Delayed,207,5008,220,167,596.0,99532,75.9090909090909,Autumn
FL02416,2025-09-27,AL003,AC037,AP004,AP003,2025-09-27 19:00:00,2025-09-27 19:07:00,7.0,Technical,Delayed,230,5980,220,198,401.0,79398,90.0,Autumn
FL02417,2024-09-26,AL005,AC020,AP022,AP013,2024-09-26 15:45:00,2024-09-26 15:58:00,13.0,Security,Delayed,190,7842,396,282,348.0,98136,71.21212121212122,Autumn
FL02418,2025-08-07,AL009,AC003,AP009,AP005,2025-08-07 21:15:00,2025-08-07 21:52:00,37.0,Late Aircraft,Delayed,466,7046,396,344,406.0,139664,86.86868686868688,Summer
FL02419,2025-08-29,AL007,AC013,AP027,AP024,2025-08-29 08:15:00,2025-08-29 08:23:00,8.0,Weather,Delayed,593,1838,325,223,249.0,55527,68.61538461538461,Summer
FL02420,2025-09-20,AL006,AC002,AP008,AP030,2025-09-20 11:15:00,2025-09-20 11:24:00,9.0,Late Aircraft,Delayed,492,3671,300,287,541.0,155267,95.66666666666669,Autumn
FL02421,2025-05-08,AL010,AC013,AP029,AP023,2025-05-08 08:45:00,2025-05-08 08:56:00,11.0,Crew,Delayed,653,6254,325,321,233.0,74793,98.76923076923076,Spring
FL02422,2023-12-25,AL001,AC018,AP006,AP015,2023-12-25 17:15:00,2023-12-25 17:28:00,13.0,Crew,Delayed,371,8079,189,135,136.0,18360,71.42857142857143,Winter
FL02423,2025-09-03,AL003,AC034,AP011,AP017,2025-09-03 08:15:00,2025-09-03 08:17:00,2.0,Technical,Delayed,349,5363,300,233,345.0,80385,77.66666666666666,Autumn
FL02424,2025-08-11,AL005,AC019,AP004,AP014,2025-08-11 19:45:00,2025-08-11 19:46:00,1.0,Late Aircraft,Delayed,696,1910,296,215,361.0,77615,72.63513513513513,Summer
FL02425,2025-02-27,AL009,AC027,AP003,AP002,2025-02-27 18:15:00,2025-02-27 18:26:00,11.0,Crew,Delayed,642,2308,325,285,192.0,54720,87.6923076923077,Winter
FL02426,2024-11-30,AL004,AC027,AP019,AP007,2024-11-30 11:00:00,2024-11-30 13:38:00,158.0,Security,Severely Delayed,292,4236,325,232,475.0,110200,71.38461538461539,Autumn
FL02427,2024-03-30,AL003,AC011,AP010,AP011,2024-03-30 15:30:00,2024-03-30 15:31:00,1.0,Air Traffic,Delayed,338,5472,300,234,541.0,126594,78.0,Spring
FL02428,2024-11-19,AL006,AC022,AP006,AP014,2024-11-19 21:15:00,2024-11-19 21:22:00,7.0,Security,Delayed,220,7964,300,223,454.0,101242,74.33333333333333,Autumn
FL02429,2025-05-25,AL007,AC032,AP023,AP028,2025-05-25 10:30:00,2025-05-25 10:36:00,6.0,Air Traffic,Delayed,509,8105,396,367,636.0,233412,92.67676767676768,Spring
FL02430,2024-08-16,AL006,AC030,AP007,AP026,2024-08-16 05:30:00,2024-08-16 06:37:00,67.0,Technical,Delayed,477,926,325,267,157.0,41919,82.15384615384616,Summer
FL02431,2024-12-04,AL003,AC001,AP016,AP011,2024-12-04 21:30:00,2024-12-04 21:35:00,5.0,Technical,Delayed,163,3064,325,321,220.0,70620,98.76923076923076,Winter
FL02432,2025-03-03,AL002,AC029,AP021,AP018,2025-03-03 11:45:00,2025-03-03 11:55:00,10.0,Late Aircraft,Delayed,154,4649,220,217,436.0,94612,98.63636363636364,Spring
FL02433,2025-05-01,AL009,AC034,AP020,AP021,2025-05-01 09:30:00,2025-05-01 09:31:00,1.0,Air Traffic,Delayed,525,6584,300,178,136.0,24208,59.333333333333336,Spring
FL02434,2023-04-09,AL010,AC025,AP003,AP016,2023-04-09 15:30:00,2023-04-09 15:35:00,5.0,Late Aircraft,Delayed,267,6876,296,195,476.0,92820,65.87837837837837,Spring
FL02435,2024-09-23,AL001,AC004,AP007,AP023,2024-09-23 19:15:00,2024-09-23 19:31:00,16.0,Air Traffic,Delayed,457,5401,180,105,85.0,8925,58.333333333333336,Autumn
FL02436,2025-02-25,AL006,AC036,AP007,AP025,2025-02-25 09:30:00,2025-02-25 09:41:00,11.0,Late Aircraft,Delayed,455,1792,180,138,356.0,49128,76.66666666666667,Winter
FL02437,2025-03-29,AL007,AC010,AP016,AP012,2025-03-29 21:30:00,2025-03-29 21:36:00,6.0,Weather,Delayed,677,1725,396,362,407.0,147334,91.4141414141414,Spring
FL02438,2023-02-15,AL003,AC024,AP002,AP005,2023-02-15 06:45:00,2023-02-15 07:30:00,45.0,Late Aircraft,Delayed,92,5333,296,261,139.0,36279,88.17567567567568,Winter
FL02439,2023-03-24,AL007,AC015,AP030,AP002,2023-03-24 16:00:00,2023-03-24 18:44:00,164.0,Crew,Severely Delayed,500,3104,396,233,549.0,127917,58.83838383838384,Spring
FL02440,2024-05-27,AL006,AC035,AP013,AP018,2024-05-27 07:15:00,2024-05-27 07:28:00,13.0,Unknown,Delayed,457,1571,189,187,635.0,118745,98.94179894179894,Spring
FL02441,2023-11-02,AL008,AC023,AP009,AP029,2023-11-02 06:45:00,2023-11-02 06:49:00,4.0,Technical,Delayed,654,1522,180,157,492.0,77244,87.22222222222223,Autumn
FL02442,2025-06-25,AL004,AC034,AP020,AP028,2025-06-25 15:00:00,2025-06-25 15:11:00,11.0,Late Aircraft,Delayed,387,4670,300,181,450.0,81450,60.333333333333336,Summer
FL02443,2023-12-04,AL003,AC040,AP013,AP012,2023-12-04 16:30:00,2023-12-04 16:30:00,0.0,No Delay,Cancelled,522,2404,220,0,571.0,0,0.0,Winter
FL02444,2025-08-26,AL007,AC031,AP022,AP027,2025-08-26 07:00:00,2025-08-26 09:53:00,173.0,Security,Severely Delayed,463,2103,300,222,142.0,31524,74.0,Summer
FL02445,2025-10-06,AL008,AC025,AP012,AP027,2025-10-06 16:15:00,2025-10-06 18:13:00,118.0,Technical,Delayed,385,4343,296,198,236.0,46728,66.8918918918919,Autumn
FL02446,2024-01-30,AL003,AC008,AP022,AP015,2024-01-30 11:15:00,2024-01-30 11:15:00,0.0,No Delay,On Time,677,3443,300,261,635.0,165735,87.0,Winter
FL02447,2023-03-06,AL010,AC004,AP005,AP016,2023-03-06 19:45:00,2023-03-06 19:53:00,8.0,Air Traffic,Delayed,245,1543,180,166,421.0,69886,92.22222222222224,Spring
FL02448,2024-12-22,AL006,AC039,AP003,AP014,2024-12-22 08:15:00,2024-12-22 08:16:00,1.0,Technical,Delayed,357,3874,300,231,647.0,149457,77.0,Winter
FL02449,2023-08-31,AL001,AC009,AP020,AP009,2023-08-31 07:45:00,2023-08-31 08:10:00,25.0,Air Traffic,Delayed,160,5925,296,275,635.0,174625,92.9054054054054,Summer
FL02450,2025-09-15,AL007,AC008,AP009,AP001,2025-09-15 17:15:00,2025-09-15 17:17:00,2.0,Technical,Delayed,264,5010,300,236,485.0,114460,78.66666666666666,Autumn
FL02451,2023-11-11,AL010,AC002,AP017,AP008,2023-11-11 10:15:00,2023-11-11 10:22:00,7.0,Air Traffic,Delayed,290,8403,300,261,431.0,112491,87.0,Autumn
FL02452,2025-06-04,AL003,AC018,AP026,AP014,2025-06-04 14:15:00,2025-06-04 14:16:00,1.0,Late Aircraft,Delayed,572,3702,189,121,613.0,74173,64.02116402116403,Summer
FL02453,2023-03-30,AL005,AC011,AP001,AP005,2023-03-30 06:45:00,2023-03-30 06:50:00,5.0,Security,Delayed,146,1915,300,251,97.0,24347,83.66666666666667,Spring
FL02454,2023-03-28,AL007,AC009,AP001,AP021,2023-03-28 18:00:00,2023-03-28 18:11:00,11.0,Security,Delayed,420,6725,296,157,123.0,19311,53.04054054054054,Spring
FL02455,2025-04-04,AL001,AC035,AP001,AP014,2025-04-04 14:45:00,2025-04-04 14:51:00,6.0,Weather,Delayed,689,4336,189,156,449.0,70044,82.53968253968253,Spring
FL02456,2025-05-01,AL007,AC004,AP009,AP015,2025-05-01 21:00:00,2025-05-01 23:20:00,140.0,Technical,Severely Delayed,544,8474,180,139,337.0,46843,77.22222222222223,Spring
FL02457,2023-06-19,AL010,AC026,AP020,AP013,2023-06-19 20:45:00,2023-06-19 20:59:00,14.0,Technical,Cancelled,366,347,189,0,411.0,0,0.0,Summer
FL02458,2024-07-16,AL004,AC018,AP009,AP011,2024-07-16 17:30:00,2024-07-16 17:40:00,10.0,Late Aircraft,Delayed,519,7917,189,146,535.0,78110,77.24867724867724,Summer
FL02459,2025-07-01,AL002,AC005,AP001,AP027,2025-07-01 15:30:00,2025-07-01 15:31:00,1.0,Weather,Delayed,686,3763,325,321,454.0,145734,98.76923076923076,Summer
FL02460,2023-05-21,AL002,AC023,AP007,AP003,2023-05-21 15:00:00,2023-05-21 17:00:00,120.0,Technical,Delayed,415,7174,180,131,101.0,13231,72.77777777777777,Spring
FL02461,2023-06-03,AL005,AC039,AP026,AP008,2023-06-03 09:00:00,2023-06-03 09:01:00,1.0,Air Traffic,Delayed,601,7741,300,265,470.0,124550,88.33333333333333,Summer
FL02462,2024-07-24,AL004,AC026,AP003,AP002,2024-07-24 11:15:00,2024-07-24 11:29:00,14.0,Crew,Delayed,407,5449,189,172,523.0,89956,91.005291005291,Summer
FL02463,2025-07-19,AL010,AC010,AP028,AP007,2025-07-19 13:30:00,2025-07-19 13:38:00,8.0,Weather,Delayed,449,1738,396,188,567.0,106596,47.474747474747474,Summer
FL02464,2023-02-28,AL007,AC031,AP013,AP022,2023-02-28 22:45:00,2023-02-28 22:53:00,8.0,Crew,Delayed,82,4725,300,195,619.0,120705,65.0,Winter
FL02465,2024-08-07,AL003,AC025,AP003,AP019,2024-08-07 07:15:00,2024-08-07 07:28:00,13.0,Unknown,Delayed,689,7658,296,244,585.0,142740,82.43243243243244,Summer
FL02466,2025-09-21,AL004,AC029,AP025,AP022,2025-09-21 07:15:00,2025-09-21 09:33:00,138.0,Weather,Severely Delayed,474,1316,220,130,629.0,81770,59.09090909090909,Autumn
FL02467,2023-11-15,AL004,AC026,AP016,AP004,2023-11-15 07:00:00,2023-11-15 07:09:00,9.0,Technical,Delayed,659,6029,189,132,335.0,44220,69.84126984126983,Autumn
FL02468,2025-05-25,AL006,AC032,AP011,AP004,2025-05-25 06:00:00,2025-05-25 06:10:00,10.0,Crew,Delayed,710,4126,396,235,290.0,68150,59.34343434343434,Spring
FL02469,2025-07-19,AL009,AC017,AP005,AP006,2025-07-19 12:30:00,2025-07-19 13:19:00,49.0,Technical,Delayed,337,8451,296,229,539.0,123431,77.36486486486487,Summer
FL02470,2023-01-20,AL007,AC034,AP018,AP029,2023-01-20 22:15:00,2023-01-20 22:18:00,3.0,Air Traffic,Delayed,381,7069,300,214,545.0,116630,71.33333333333334,Winter
FL02471,2023-06-24,AL002,AC026,AP021,AP004,2023-06-24 11:15:00,2023-06-24 11:18:00,3.0,Security,Delayed,494,3802,189,173,630.0,108990,91.53439153439152,Summer
FL02472,2023-03-09,AL005,AC021,AP029,AP006,2023-03-09 14:00:00,2023-03-09 14:10:00,10.0,Weather,Delayed,484,6614,325,192,626.0,120192,59.07692307692308,Spring
FL02473,2025-03-29,AL002,AC004,AP025,AP027,2025-03-29 14:45:00,2025-03-29 14:51:00,6.0,Crew,Delayed,383,3589,180,109,593.0,64637,60.55555555555555,Spring
FL02474,2024-08-09,AL010,AC038,AP013,AP010,2024-08-09 15:30:00,2024-08-09 15:32:00,2.0,Air Traffic,Delayed,620,2902,189,135,374.0,50490,71.42857142857143,Summer
FL02475,2025-12-19,AL009,AC038,AP002,AP006,2025-12-19 16:45:00,2025-12-19 16:47:00,2.0,Air Traffic,Cancelled,198,6369,189,0,113.0,0,0.0,Winter
FL02476,2025-03-10,AL006,AC030,AP023,AP010,2025-03-10 14:00:00,2025-03-10 14:05:00,5.0,Crew,Delayed,325,2706,325,216,153.0,33048,66.46153846153847,Spring
FL02477,2025-05-13,AL009,AC033,AP002,AP018,2025-05-13 07:45:00,2025-05-13 07:58:00,13.0,Air Traffic,Delayed,659,3740,220,179,629.0,112591,81.36363636363636,Spring
FL02478,2023-08-17,AL002,AC023,AP021,AP012,2023-08-17 09:00:00,2023-08-17 09:09:00,9.0,Technical,Delayed,121,4915,180,147,422.0,62034,81.66666666666667,Summer
FL02479,2023-04-25,AL003,AC006,AP028,AP003,2023-04-25 14:15:00,2023-04-25 14:21:00,6.0,Late Aircraft,Delayed,621,5523,300,243,619.0,150417,81.0,Spring
FL02480,2023-07-05,AL010,AC014,AP017,AP012,2023-07-05 12:45:00,2023-07-05 12:52:00,7.0,Late Aircraft,Delayed,667,7452,325,247,331.0,81757,76.0,Summer
FL02481,2023-01-19,AL002,AC038,AP009,AP026,2023-01-19 19:45:00,2023-01-19 19:55:00,10.0,Late Aircraft,Delayed,227,3330,189,118,479.0,56522,62.43386243386243,Winter
FL02482,2025-11-28,AL007,AC039,AP002,AP025,2025-11-28 17:30:00,2025-11-28 17:44:00,14.0,Crew,Delayed,673,4773,300,228,536.0,122208,76.0,Autumn
FL02483,2024-10-10,AL006,AC004,AP020,AP027,2024-10-10 12:00:00,2024-10-10 12:00:00,0.0,No Delay,On Time,679,6258,180,149,375.0,55875,82.77777777777777,Autumn
FL02484,2024-07-05,AL007,AC009,AP009,AP004,2024-07-05 12:30:00,2024-07-05 12:38:00,8.0,Security,Delayed,551,5324,296,249,269.0,66981,84.12162162162163,Summer
FL02485,2023-10-06,AL010,AC009,AP011,AP018,2023-10-06 17:00:00,2023-10-06 17:12:00,12.0,Technical,Delayed,619,7484,296,198,575.0,113850,66.8918918918919,Autumn
FL02486,2025-03-15,AL008,AC015,AP013,AP025,2025-03-15 19:00:00,2025-03-15 19:03:00,3.0,Air Traffic,Delayed,99,7034,396,265,133.0,35245,66.91919191919192,Spring
FL02487,2024-01-02,AL008,AC034,AP020,AP018,2024-01-02 19:30:00,2024-01-02 19:53:00,23.0,Security,Delayed,159,6929,300,287,139.0,39893,95.66666666666669,Winter
FL02488,2023-10-12,AL004,AC027,AP003,AP013,2023-10-12 15:30:00,2023-10-12 15:40:00,10.0,Air Traffic,Delayed,90,1141,325,216,329.0,71064,66.46153846153847,Autumn
FL02489,2024-03-21,AL005,AC019,AP006,AP007,2024-03-21 14:30:00,2024-03-21 17:26:00,176.0,Crew,Severely Delayed,304,3059,296,203,328.0,66584,68.58108108108108,Spring
FL02490,2024-09-16,AL005,AC003,AP005,AP018,2024-09-16 09:00:00,2024-09-16 09:14:00,14.0,Crew,Delayed,149,4691,396,355,308.0,109340,89.64646464646465,Autumn
FL02491,2025-01-03,AL001,AC026,AP012,AP024,2025-01-03 17:15:00,2025-01-03 19:35:00,140.0,Air Traffic,Cancelled,647,1012,189,0,108.0,0,0.0,Winter
FL02492,2025-02-12,AL002,AC001,AP001,AP015,2025-02-12 21:00:00,2025-02-12 21:07:00,7.0,Weather,Delayed,267,2691,325,199,113.0,22487,61.23076923076923,Winter
FL02493,2025-06-24,AL005,AC035,AP025,AP029,2025-06-24 19:15:00,2025-06-24 19:17:00,2.0,Crew,Cancelled,232,7714,189,0,86.0,0,0.0,Summer
FL02494,2025-02-01,AL007,AC006,AP016,AP002,2025-02-01 16:00:00,2025-02-01 16:12:00,12.0,Technical,Delayed,243,7527,300,265,162.0,42930,88.33333333333333,Winter
FL02495,2025-08-14,AL009,AC033,AP010,AP005,2025-08-14 13:30:00,2025-08-14 13:32:00,2.0,Security,Delayed,412,1661,220,139,111.0,15429,63.18181818181819,Summer
FL02496,2025-11-26,AL010,AC028,AP030,AP025,2025-11-26 17:15:00,2025-11-26 17:17:00,2.0,Weather,Delayed,586,1164,296,236,412.0,97232,79.72972972972973,Autumn
FL02497,2024-12-17,AL004,AC040,AP004,AP017,2024-12-17 10:45:00,2024-12-17 10:49:00,4.0,Technical,Delayed,529,795,220,173,217.0,37541,78.63636363636364,Winter
FL02498,2024-05-15,AL010,AC021,AP015,AP021,2024-05-15 17:45:00,2024-05-15 17:46:00,1.0,Crew,Delayed,158,427,325,319,451.0,143869,98.15384615384616,Spring
FL02499,2024-04-03,AL005,AC012,AP007,AP023,2024-04-03 13:30:00,2024-04-03 13:35:00,5.0,Late Aircraft,Delayed,676,487,189,136,556.0,75616,71.95767195767195,Spring
FL02500,2024-06-07,AL010,AC001,AP029,AP006,2024-06-07 17:30:00,2024-06-07 17:36:00,6.0,Technical,Delayed,296,1941,325,285,466.0,132810,87.6923076923077,Summer
FL02501,2024-11-14,AL001,AC029,AP013,AP021,2024-11-14 18:15:00,2024-11-14 18:22:00,7.0,Security,Delayed,661,5211,220,202,287.0,57974,91.81818181818184,Autumn
FL02502,2024-01-14,AL005,AC026,AP016,AP013,2024-01-14 18:00:00,2024-01-14 18:01:00,1.0,Weather,Delayed,226,1054,189,125,608.0,76000,66.13756613756614,Winter
FL02503,2025-08-30,AL007,AC023,AP008,AP011,2025-08-30 19:30:00,2025-08-30 19:48:00,18.0,Late Aircraft,Delayed,204,4521,180,171,385.0,65835,95.0,Summer
FL02504,2024-08-05,AL008,AC023,AP024,AP013,2024-08-05 22:45:00,2024-08-05 22:55:00,10.0,Air Traffic,Delayed,424,3344,180,140,144.0,20160,77.77777777777779,Summer
FL02505,2024-06-08,AL009,AC017,AP012,AP017,2024-06-08 18:15:00,2024-06-08 18:22:00,7.0,Crew,Delayed,91,4649,296,249,334.0,83166,84.12162162162163,Summer
FL02506,2023-05-01,AL004,AC023,AP010,AP007,2023-05-01 21:00:00,2023-05-01 21:12:00,12.0,Weather,Delayed,128,7531,180,131,583.0,76373,72.77777777777777,Spring
FL02507,2025-05-20,AL001,AC025,AP017,AP007,2025-05-20 10:45:00,2025-05-20 10:49:00,4.0,Weather,Delayed,269,6128,296,291,306.0,89046,98.3108108108108,Spring
FL02508,2025-08-15,AL010,AC040,AP019,AP008,2025-08-15 19:00:00,2025-08-15 21:00:00,120.0,Air Traffic,Delayed,371,1166,220,209,520.0,108680,95.0,Summer
FL02509,2023-05-18,AL006,AC033,AP021,AP025,2023-05-18 21:15:00,2023-05-18 21:26:00,11.0,Weather,Delayed,350,6702,220,192,521.0,100032,87.27272727272727,Spring
FL02510,2024-06-03,AL003,AC022,AP027,AP030,2024-06-03 17:00:00,2024-06-03 17:09:00,9.0,Late Aircraft,Delayed,642,8317,300,279,170.0,47430,93.0,Summer
FL02511,2025-03-27,AL005,AC026,AP024,AP029,2025-03-27 05:30:00,2025-03-27 07:41:00,131.0,Crew,Severely Delayed,440,4161,189,187,547.0,102289,98.94179894179894,Spring
FL02512,2024-06-04,AL008,AC037,AP026,AP007,2024-06-04 20:45:00,2024-06-04 20:49:00,4.0,Air Traffic,Delayed,678,8006,220,180,302.0,54360,81.81818181818183,Summer
FL02513,2023-08-05,AL002,AC021,AP016,AP015,2023-08-05 22:30:00,2023-08-05 22:38:00,8.0,Late Aircraft,Delayed,147,885,325,256,518.0,132608,78.76923076923077,Summer
FL02514,2024-11-03,AL007,AC021,AP026,AP008,2024-11-03 16:45:00,2024-11-03 17:16:00,31.0,Weather,Delayed,141,1849,325,249,367.0,91383,76.61538461538461,Autumn
FL02515,2023-06-26,AL004,AC002,AP002,AP006,2023-06-26 15:15:00,2023-06-26 15:27:00,12.0,Weather,Delayed,651,2154,300,237,549.0,130113,79.0,Summer
FL02516,2025-02-18,AL008,AC026,AP009,AP019,2025-02-18 05:30:00,2025-02-18 05:33:00,3.0,Crew,Delayed,212,1769,189,174,193.0,33582,92.06349206349206,Winter
FL02517,2023-12-08,AL002,AC034,AP002,AP016,2023-12-08 16:45:00,2023-12-08 18:52:00,127.0,Weather,Severely Delayed,74,1850,300,297,458.0,136026,99.0,Winter
FL02518,2025-03-26,AL008,AC010,AP016,AP008,2025-03-26 14:30:00,2025-03-26 14:38:00,8.0,Weather,Delayed,578,614,396,262,322.0,84364,66.16161616161617,Spring
FL02519,2024-04-30,AL001,AC031,AP009,AP022,2024-04-30 12:15:00,2024-04-30 12:25:00,10.0,Late Aircraft,Delayed,662,4493,300,200,288.0,57600,66.66666666666666,Spring
FL02520,2024-12-12,AL009,AC013,AP016,AP004,2024-12-12 20:30:00,2024-12-12 20:33:00,3.0,Security,Delayed,645,2859,325,268,250.0,67000,82.46153846153847,Winter
FL02521,2025-06-15,AL002,AC035,AP014,AP013,2025-06-15 06:15:00,2025-06-15 06:30:00,15.0,Crew,Delayed,79,7383,189,187,270.0,50490,98.94179894179894,Summer
FL02522,2025-10-20,AL009,AC025,AP004,AP014,2025-10-20 22:45:00,2025-10-20 22:45:00,0.0,No Delay,On Time,697,5312,296,216,466.0,100656,72.97297297297297,Autumn
FL02523,2025-09-27,AL009,AC024,AP025,AP021,2025-09-27 14:15:00,2025-09-27 14:19:00,4.0,Air Traffic,Delayed,306,1614,296,293,643.0,188399,98.98648648648648,Autumn
FL02524,2024-09-30,AL006,AC037,AP004,AP003,2024-09-30 14:30:00,2024-09-30 14:30:00,0.0,No Delay,On Time,233,4322,220,157,402.0,63114,71.36363636363636,Autumn
FL02525,2023-03-15,AL005,AC006,AP029,AP021,2023-03-15 12:30:00,2023-03-15 12:34:00,4.0,Security,Delayed,595,5518,300,289,602.0,173978,96.33333333333334,Spring
FL02526,2023-03-17,AL009,AC019,AP005,AP017,2023-03-17 14:30:00,2023-03-17 14:45:00,15.0,Late Aircraft,Delayed,591,3249,296,217,181.0,39277,73.3108108108108,Spring
FL02527,2024-05-12,AL008,AC034,AP008,AP001,2024-05-12 19:15:00,2024-05-12 19:20:00,5.0,Weather,Delayed,63,6207,300,225,600.0,135000,75.0,Spring
FL02528,2025-03-06,AL009,AC004,AP014,AP029,2025-03-06 12:30:00,2025-03-06 12:35:00,5.0,Air Traffic,Cancelled,358,800,180,0,301.0,0,0.0,Spring
FL02529,2024-06-29,AL007,AC040,AP012,AP001,2024-06-29 21:00:00,2024-06-29 21:05:00,5.0,Crew,Delayed,708,1412,220,190,448.0,85120,86.36363636363636,Summer
FL02530,2024-04-20,AL008,AC019,AP025,AP027,2024-04-20 20:15:00,2024-04-20 23:08:00,173.0,Weather,Severely Delayed,200,3832,296,230,536.0,123280,77.7027027027027,Spring
FL02531,2023-02-12,AL005,AC009,AP019,AP007,2023-02-12 13:30:00,2023-02-12 13:36:00,6.0,Crew,Delayed,509,556,296,205,583.0,119515,69.25675675675676,Winter
FL02532,2025-01-05,AL003,AC001,AP012,AP020,2025-01-05 14:30:00,2025-01-05 14:37:00,7.0,Late Aircraft,Delayed,516,2956,325,290,556.0,161240,89.23076923076924,Winter
FL02533,2025-10-07,AL009,AC004,AP015,AP005,2025-10-07 20:15:00,2025-10-07 20:28:00,13.0,Technical,Delayed,513,2964,180,156,447.0,69732,86.66666666666667,Autumn
FL02534,2025-05-11,AL003,AC030,AP004,AP013,2025-05-11 17:00:00,2025-05-11 17:12:00,12.0,Weather,Delayed,380,4511,325,244,619.0,151036,75.07692307692308,Spring
FL02535,2025-01-16,AL005,AC012,AP010,AP028,2025-01-16 05:15:00,2025-01-16 05:29:00,14.0,Late Aircraft,Delayed,109,5233,189,159,108.0,17172,84.12698412698413,Winter
FL02536,2023-12-21,AL007,AC011,AP015,AP008,2023-12-21 14:15:00,2023-12-21 14:19:00,4.0,Late Aircraft,Delayed,589,8440,300,216,550.0,118800,72.0,Winter
FL02537,2025-03-13,AL007,AC016,AP022,AP021,2025-03-13 19:15:00,2025-03-13 19:30:00,15.0,Security,Delayed,275,4168,189,143,436.0,62348,75.66137566137566,Spring
FL02538,2025-02-05,AL007,AC035,AP008,AP003,2025-02-05 18:00:00,2025-02-05 18:03:00,3.0,Technical,Delayed,181,1976,189,128,308.0,39424,67.72486772486772,Winter
FL02539,2023-06-21,AL006,AC015,AP014,AP005,2023-06-21 15:45:00,2023-06-21 15:49:00,4.0,Late Aircraft,Delayed,244,6572,396,307,142.0,43594,77.52525252525253,Summer
FL02540,2025-10-01,AL008,AC027,AP025,AP006,2025-10-01 21:15:00,2025-10-01 21:15:00,0.0,No Delay,On Time,249,3263,325,316,264.0,83424,97.23076923076924,Autumn
FL02541,2024-05-24,AL009,AC025,AP029,AP011,2024-05-24 14:00:00,2024-05-24 14:02:00,2.0,Crew,Delayed,303,1070,296,149,485.0,72265,50.33783783783784,Spring
FL02542,2025-01-29,AL005,AC003,AP008,AP011,2025-01-29 16:45:00,2025-01-29 16:47:00,2.0,Security,Delayed,372,7596,396,269,267.0,71823,67.92929292929293,Winter
FL02543,2025-12-26,AL005,AC001,AP009,AP028,2025-12-26 18:45:00,2025-12-26 18:52:00,7.0,Late Aircraft,Delayed,247,5372,325,224,636.0,142464,68.92307692307692,Winter
FL02544,2023-10-03,AL006,AC008,AP008,AP020,2023-10-03 19:45:00,2023-10-03 21:44:00,119.0,Security,Delayed,210,2927,300,212,70.0,14840,70.66666666666667,Autumn
FL02545,2025-08-18,AL001,AC024,AP015,AP010,2025-08-18 14:30:00,2025-08-18 16:33:00,123.0,Technical,Severely Delayed,583,2640,296,206,123.0,25338,69.5945945945946,Summer
FL02546,2025-01-19,AL004,AC019,AP019,AP018,2025-01-19 22:30:00,2025-01-19 22:35:00,5.0,Security,Delayed,341,1502,296,260,508.0,132080,87.83783783783784,Winter
FL02547,2024-04-18,AL006,AC036,AP019,AP008,2024-04-18 05:00:00,2024-04-18 05:01:00,1.0,Technical,Delayed,293,1185,180,178,598.0,106444,98.88888888888889,Spring
FL02548,2024-03-25,AL001,AC002,AP028,AP027,2024-03-25 15:45:00,2024-03-25 15:46:00,1.0,Security,Delayed,603,4357,300,232,469.0,108808,77.33333333333333,Spring
FL02549,2023-08-03,AL002,AC001,AP001,AP011,2023-08-03 14:00:00,2023-08-03 14:11:00,11.0,Weather,Delayed,494,8169,325,236,489.0,115404,72.61538461538461,Summer
FL02550,2023-03-04,AL009,AC009,AP027,AP015,2023-03-04 16:15:00,2023-03-04 16:25:00,10.0,Weather,Delayed,158,1350,296,244,509.0,124196,82.43243243243244,Spring
FL02551,2023-10-02,AL007,AC007,AP016,AP009,2023-10-02 13:15:00,2023-10-02 13:21:00,6.0,Security,Delayed,79,8346,300,166,251.0,41666,55.333333333333336,Autumn
FL02552,2025-07-06,AL010,AC037,AP019,AP011,2025-07-06 11:45:00,2025-07-06 11:53:00,8.0,Crew,Delayed,657,7758,220,211,255.0,53805,95.9090909090909,Summer
FL02553,2024-03-28,AL004,AC002,AP001,AP020,2024-03-28 21:00:00,2024-03-28 22:29:00,89.0,Weather,Delayed,702,5602,300,229,586.0,134194,76.33333333333333,Spring
FL02554,2025-01-04,AL010,AC018,AP021,AP016,2025-01-04 13:30:00,2025-01-04 13:39:00,9.0,Technical,Delayed,706,7351,189,120,649.0,77880,63.49206349206349,Winter
FL02555,2025-09-01,AL005,AC023,AP025,AP028,2025-09-01 07:15:00,2025-09-01 07:29:00,14.0,Air Traffic,Delayed,199,4292,180,149,406.0,60494,82.77777777777777,Autumn
FL02556,2023-08-10,AL006,AC029,AP015,AP018,2023-08-10 07:30:00,2023-08-10 07:37:00,7.0,Crew,Delayed,433,5295,220,217,291.0,63147,98.63636363636364,Summer
FL02557,2024-06-07,AL010,AC017,AP016,AP014,2024-06-07 07:00:00,2024-06-07 07:04:00,4.0,Weather,Delayed,292,2435,296,222,240.0,53280,75.0,Summer
FL02558,2023-04-17,AL008,AC012,AP006,AP002,2023-04-17 14:00:00,2023-04-17 14:15:00,15.0,Weather,Delayed,270,4375,189,142,610.0,86620,75.13227513227513,Spring
FL02559,2023-08-27,AL003,AC027,AP025,AP028,2023-08-27 19:45:00,2023-08-27 19:56:00,11.0,Air Traffic,Delayed,453,2368,325,296,241.0,71336,91.07692307692308,Summer
FL02560,2024-07-20,AL003,AC001,AP011,AP009,2024-07-20 10:00:00,2024-07-20 10:11:00,11.0,Late Aircraft,Delayed,118,5332,325,263,88.0,23144,80.92307692307692,Summer
FL02561,2025-11-29,AL008,AC034,AP024,AP030,2025-11-29 06:30:00,2025-11-29 08:27:00,117.0,Technical,Delayed,67,3301,300,248,532.0,131936,82.66666666666667,Autumn
FL02562,2025-05-24,AL001,AC036,AP027,AP030,2025-05-24 09:15:00,2025-05-24 09:21:00,6.0,Weather,Delayed,369,3598,180,114,446.0,50844,63.33333333333333,Spring
FL02563,2024-04-28,AL002,AC030,AP026,AP016,2024-04-28 11:00:00,2024-04-28 12:35:00,95.0,Weather,Delayed,586,348,325,293,533.0,156169,90.15384615384616,Spring
FL02564,2023-07-19,AL009,AC016,AP008,AP021,2023-07-19 16:15:00,2023-07-19 16:19:00,4.0,Crew,Delayed,489,7124,189,130,421.0,54730,68.78306878306879,Summer
FL02565,2023-03-29,AL002,AC022,AP009,AP011,2023-03-29 22:00:00,2023-03-29 22:11:00,11.0,Security,Delayed,233,8387,300,194,628.0,121832,64.66666666666666,Spring
FL02566,2025-01-28,AL006,AC003,AP015,AP017,2025-01-28 18:30:00,2025-01-28 18:42:00,12.0,Weather,Delayed,697,6323,396,240,75.0,18000,60.60606060606061,Winter
FL02567,2025-03-20,AL001,AC016,AP008,AP022,2025-03-20 19:15:00,2025-03-20 19:28:00,13.0,Technical,Delayed,196,960,189,154,182.0,28028,81.48148148148148,Spring
FL02568,2024-02-28,AL002,AC008,AP029,AP015,2024-02-28 22:30:00,2024-02-28 22:35:00,5.0,Air Traffic,Delayed,139,5816,300,250,583.0,145750,83.33333333333334,Winter
FL02569,2023-12-22,AL008,AC038,AP005,AP001,2023-12-22 21:00:00,2023-12-22 21:20:00,20.0,Crew,Delayed,646,393,189,154,163.0,25102,81.48148148148148,Winter
FL02570,2024-06-30,AL010,AC028,AP022,AP014,2024-06-30 11:00:00,2024-06-30 11:31:00,31.0,Weather,Delayed,322,5625,296,220,422.0,92840,74.32432432432432,Summer
FL02571,2024-10-26,AL004,AC029,AP014,AP013,2024-10-26 22:45:00,2024-10-26 22:50:00,5.0,Weather,Delayed,105,2547,220,150,411.0,61650,68.18181818181817,Autumn
FL02572,2025-02-18,AL001,AC012,AP014,AP020,2025-02-18 10:00:00,2025-02-18 10:06:00,6.0,Late Aircraft,Delayed,166,2752,189,163,162.0,26406,86.24338624338624,Winter
FL02573,2025-12-26,AL010,AC026,AP027,AP001,2025-12-26 14:00:00,2025-12-26 14:14:00,14.0,Security,Cancelled,265,7825,189,0,409.0,0,0.0,Winter
FL02574,2024-11-09,AL002,AC038,AP022,AP015,2024-11-09 22:00:00,2024-11-09 22:03:00,3.0,Late Aircraft,Delayed,177,6802,189,138,633.0,87354,73.01587301587301,Autumn
FL02575,2023-01-10,AL001,AC014,AP014,AP026,2023-01-10 19:45:00,2023-01-10 19:52:00,7.0,Technical,Delayed,412,1195,325,251,384.0,96384,77.23076923076924,Winter
FL02576,2025-01-06,AL009,AC025,AP011,AP024,2025-01-06 15:00:00,2025-01-06 15:08:00,8.0,Air Traffic,Delayed,168,8441,296,231,250.0,57750,78.04054054054053,Winter
FL02577,2023-01-30,AL001,AC033,AP005,AP026,2023-01-30 11:15:00,2023-01-30 11:19:00,4.0,Crew,Delayed,149,3788,220,217,246.0,53382,98.63636363636364,Winter
FL02578,2024-09-02,AL004,AC018,AP018,AP028,2024-09-02 22:15:00,2024-09-02 22:16:00,1.0,Weather,Delayed,147,2892,189,126,193.0,24318,66.66666666666666,Autumn
FL02579,2025-11-07,AL001,AC016,AP020,AP019,2025-11-07 11:30:00,2025-11-07 11:32:00,2.0,Crew,Delayed,243,3277,189,159,227.0,36093,84.12698412698413,Autumn
FL02580,2024-06-08,AL005,AC030,AP017,AP019,2024-06-08 05:15:00,2024-06-08 06:05:00,50.0,Technical,Delayed,424,2750,325,207,362.0,116955,63.69230769230769,Summer
FL02581,2025-03-07,AL010,AC004,AP029,AP019,2025-03-07 10:00:00,2025-03-07 11:39:00,99.0,Late Aircraft,Delayed,51,7757,180,136,287.0,39032,75.55555555555556,Spring
FL02582,2023-09-05,AL010,AC010,AP004,AP009,2023-09-05 08:15:00,2023-09-05 09:07:00,52.0,Security,Delayed,531,2832,396,307,235.0,72145,77.52525252525253,Autumn
FL02583,2023-10-30,AL008,AC022,AP015,AP012,2023-10-30 19:30:00,2023-10-30 19:39:00,9.0,Technical,Delayed,359,702,300,247,341.0,84227,82.33333333333334,Autumn
FL02584,2025-05-05,AL008,AC037,AP026,AP010,2025-05-05 08:30:00,2025-05-05 08:40:00,10.0,Weather,Delayed,372,8351,220,171,189.0,32319,77.72727272727272,Spring
FL02585,2024-09-08,AL001,AC006,AP010,AP002,2024-09-08 10:00:00,2024-09-08 10:07:00,7.0,Late Aircraft,Delayed,528,1074,300,251,228.0,57228,83.66666666666667,Autumn
FL02586,2025-09-21,AL003,AC007,AP020,AP001,2025-09-21 12:00:00,2025-09-21 12:20:00,20.0,Technical,Delayed,378,7174,300,220,91.0,20020,73.33333333333333,Autumn
FL02587,2023-03-30,AL001,AC029,AP012,AP027,2023-03-30 15:30:00,2023-03-30 15:42:00,12.0,Weather,Delayed,159,4014,220,156,366.0,57096,70.9090909090909,Spring
FL02588,2025-07-28,AL007,AC025,AP012,AP016,2025-07-28 05:15:00,2025-07-28 05:25:00,10.0,Technical,Delayed,715,3380,296,250,320.0,80000,84.45945945945947,Summer
FL02589,2023-12-03,AL005,AC027,AP019,AP022,2023-12-03 07:45:00,2023-12-03 08:08:00,23.0,Technical,Delayed,472,3886,325,257,254.0,65278,79.07692307692308,Winter
FL02590,2024-07-26,AL007,AC007,AP015,AP020,2024-07-26 06:30:00,2024-07-26 06:35:00,5.0,Air Traffic,Delayed,145,2602,300,236,287.0,67732,78.66666666666666,Summer
FL02591,2023-11-28,AL008,AC020,AP025,AP024,2023-11-28 18:00:00,2023-11-28 18:10:00,10.0,Air Traffic,Delayed,334,4041,396,252,122.0,30744,63.63636363636363,Autumn
FL02592,2024-04-25,AL005,AC006,AP008,AP030,2024-04-25 22:00:00,2024-04-25 22:08:00,8.0,Air Traffic,Delayed,397,2185,300,293,566.0,165838,97.66666666666669,Spring
FL02593,2025-06-14,AL008,AC024,AP022,AP024,2025-06-14 12:30:00,2025-06-14 12:30:00,0.0,No Delay,On Time,426,2740,296,182,367.0,66794,61.48648648648649,Summer
FL02594,2023-11-24,AL007,AC012,AP014,AP026,2023-11-24 10:15:00,2023-11-24 10:26:00,11.0,Technical,Delayed,679,7013,189,135,476.0,64260,71.42857142857143,Autumn
FL02595,2023-12-12,AL009,AC018,AP007,AP021,2023-12-12 21:45:00,2023-12-12 21:48:00,3.0,Late Aircraft,Delayed,127,4488,189,138,180.0,24840,73.01587301587301,Winter
FL02596,2025-10-15,AL004,AC001,AP018,AP016,2025-10-15 21:30:00,2025-10-15 22:27:00,57.0,Late Aircraft,Delayed,708,4021,325,306,273.0,83538,94.15384615384616,Autumn
FL02597,2024-05-25,AL007,AC040,AP020,AP002,2024-05-25 18:00:00,2024-05-25 19:40:00,100.0,Technical,Delayed,76,476,220,131,621.0,81351,59.54545454545455,Spring
FL02598,2025-11-11,AL009,AC024,AP022,AP004,2025-11-11 20:30:00,2025-11-11 20:45:00,15.0,Crew,Delayed,116,313,296,245,415.0,101675,82.77027027027027,Autumn
FL02599,2025-05-24,AL007,AC038,AP027,AP003,2025-05-24 21:45:00,2025-05-24 23:06:00,81.0,Technical,Delayed,480,7862,189,117,538.0,62946,61.90476190476191,Spring
FL02600,2024-11-06,AL008,AC018,AP029,AP020,2024-11-06 12:15:00,2024-11-06 12:44:00,29.0,Security,Delayed,289,1259,189,119,473.0,56287,62.96296296296296,Autumn
FL02601,2024-11-22,AL003,AC014,AP010,AP002,2024-11-22 15:45:00,2024-11-22 17:36:00,111.0,Late Aircraft,Delayed,439,4457,325,216,174.0,37584,66.46153846153847,Autumn
FL02602,2024-03-24,AL008,AC016,AP019,AP001,2024-03-24 22:45:00,2024-03-24 23:00:00,15.0,Air Traffic,Delayed,451,1752,189,169,250.0,42250,89.41798941798942,Spring
FL02603,2025-07-05,AL004,AC034,AP011,AP015,2025-07-05 19:00:00,2025-07-05 19:42:00,42.0,Security,Cancelled,144,316,300,0,76.0,0,0.0,Summer
FL02604,2024-03-11,AL006,AC019,AP012,AP007,2024-03-11 18:45:00,2024-03-11 18:54:00,9.0,Technical,Delayed,62,1791,296,253,278.0,70334,85.47297297297297,Spring
FL02605,2024-05-09,AL006,AC003,AP006,AP020,2024-05-09 12:45:00,2024-05-09 12:59:00,14.0,Security,Cancelled,472,7057,396,0,323.0,0,0.0,Spring
FL02606,2024-07-25,AL005,AC003,AP011,AP004,2024-07-25 16:45:00,2024-07-25 16:55:00,10.0,Technical,Delayed,247,6995,396,370,105.0,38850,93.43434343434345,Summer
FL02607,2025-03-03,AL009,AC031,AP001,AP003,2025-03-03 17:00:00,2025-03-03 17:00:00,0.0,No Delay,On Time,590,7929,300,226,436.0,98536,75.33333333333333,Spring
FL02608,2024-12-06,AL006,AC004,AP030,AP014,2024-12-06 06:00:00,2024-12-06 08:09:00,129.0,Air Traffic,Severely Delayed,200,4320,180,126,573.0,72198,70.0,Winter
FL02609,2023-04-14,AL001,AC019,AP008,AP024,2023-04-14 20:30:00,2023-04-14 20:35:00,5.0,Weather,Delayed,543,7746,296,200,522.0,104400,67.56756756756756,Spring
FL02610,2025-09-24,AL004,AC022,AP001,AP008,2025-09-24 20:30:00,2025-09-24 20:39:00,9.0,Security,Delayed,686,7401,300,200,148.0,29600,66.66666666666666,Autumn
FL02611,2024-10-29,AL001,AC014,AP024,AP010,2024-10-29 11:00:00,2024-10-29 11:08:00,8.0,Security,Delayed,397,5016,325,278,430.0,119540,85.53846153846155,Autumn
FL02612,2025-12-06,AL008,AC017,AP014,AP021,2025-12-06 06:00:00,2025-12-06 06:10:00,10.0,Security,Delayed,437,4562,296,233,290.0,67570,78.71621621621621,Winter
FL02613,2023-08-13,AL004,AC027,AP005,AP015,2023-08-13 08:15:00,2023-08-13 08:15:00,0.0,No Delay,On Time,394,6887,325,250,446.0,111500,76.92307692307693,Summer
FL02614,2025-12-26,AL007,AC016,AP028,AP015,2025-12-26 15:00:00,2025-12-26 16:35:00,95.0,Crew,Delayed,522,3145,189,143,359.0,51337,75.66137566137566,Winter
FL02615,2023-12-16,AL008,AC018,AP002,AP009,2023-12-16 14:45:00,2023-12-16 14:47:00,2.0,Late Aircraft,Delayed,623,2322,189,107,292.0,31244,56.61375661375661,Winter
FL02616,2024-06-02,AL001,AC037,AP012,AP017,2024-06-02 10:15:00,2024-06-02 10:20:00,5.0,Weather,Delayed,99,694,220,147,497.0,73059,66.81818181818183,Summer
FL02617,2025-06-07,AL005,AC024,AP023,AP017,2025-06-07 17:45:00,2025-06-07 17:54:00,9.0,Weather,Delayed,270,3436,296,192,154.0,29568,64.86486486486487,Summer
FL02618,2023-09-15,AL009,AC010,AP003,AP008,2023-09-15 09:15:00,2023-09-15 09:23:00,8.0,Technical,Delayed,548,4538,396,304,384.0,116736,76.76767676767676,Autumn
FL02619,2025-03-27,AL010,AC017,AP028,AP008,2025-03-27 19:45:00,2025-03-27 22:19:00,154.0,Late Aircraft,Severely Delayed,571,4604,296,231,109.0,25179,78.04054054054053,Spring
FL02620,2024-04-27,AL005,AC011,AP021,AP012,2024-04-27 19:45:00,2024-04-27 21:47:00,122.0,Crew,Severely Delayed,143,8108,300,235,131.0,30785,78.33333333333333,Spring
FL02621,2023-12-18,AL004,AC020,AP025,AP001,2023-12-18 14:00:00,2023-12-18 16:23:00,143.0,Technical,Severely Delayed,642,3749,396,310,314.0,97340,78.28282828282829,Winter
FL02622,2023-10-06,AL005,AC019,AP013,AP021,2023-10-06 13:30:00,2023-10-06 13:38:00,8.0,Late Aircraft,Delayed,604,4824,296,214,111.0,23754,72.2972972972973,Autumn
FL02623,2024-12-28,AL009,AC022,AP027,AP015,2024-12-28 21:30:00,2024-12-28 21:39:00,9.0,Technical,Delayed,282,6229,300,262,559.0,146458,87.33333333333333,Winter
FL02624,2023-04-18,AL001,AC001,AP013,AP019,2023-04-18 07:30:00,2023-04-18 07:33:00,3.0,Security,Delayed,298,2829,325,133,207.0,27531,40.92307692307692,Spring
FL02625,2023-10-01,AL005,AC029,AP018,AP024,2023-10-01 12:00:00,2023-10-01 12:14:00,14.0,Air Traffic,Delayed,338,4584,220,150,488.0,73200,68.18181818181817,Autumn
FL02626,2023-12-23,AL009,AC004,AP029,AP009,2023-12-23 06:45:00,2023-12-23 07:22:00,37.0,Weather,Delayed,657,3420,180,113,422.0,47686,62.77777777777778,Winter
FL02627,2023-06-11,AL003,AC022,AP024,AP015,2023-06-11 13:30:00,2023-06-11 14:00:00,30.0,Late Aircraft,Delayed,178,2595,300,213,86.0,18318,71.0,Summer
FL02628,2025-01-22,AL007,AC020,AP010,AP017,2025-01-22 17:30:00,2025-01-22 17:30:00,0.0,No Delay,On Time,96,3033,396,371,548.0,203308,93.68686868686868,Winter
FL02629,2024-11-06,AL009,AC001,AP029,AP026,2024-11-06 10:30:00,2024-11-06 11:49:00,79.0,Security,Delayed,584,7978,325,301,170.0,51170,92.6153846153846,Autumn
FL02630,2025-06-04,AL009,AC023,AP011,AP028,2025-06-04 14:15:00,2025-06-04 14:15:00,0.0,No Delay,On Time,579,1446,180,139,131.0,18209,77.22222222222223,Summer
FL02631,2025-02-15,AL007,AC040,AP025,AP004,2025-02-15 19:15:00,2025-02-15 19:15:00,0.0,No Delay,On Time,268,6971,220,131,204.0,26724,59.54545454545455,Winter
FL02632,2023-03-17,AL005,AC009,AP010,AP006,2023-03-17 16:00:00,2023-03-17 16:00:00,0.0,No Delay,On Time,427,7441,296,179,387.0,69273,60.47297297297297,Spring
FL02633,2023-09-09,AL008,AC035,AP004,AP024,2023-09-09 22:00:00,2023-09-09 22:03:00,3.0,Weather,Delayed,55,910,189,178,587.0,104486,94.17989417989418,Autumn
FL02634,2023-09-08,AL009,AC007,AP012,AP009,2023-09-08 10:45:00,2023-09-08 10:57:00,12.0,Crew,Delayed,615,1339,300,276,546.0,150696,92.0,Autumn
FL02635,2023-03-02,AL009,AC022,AP002,AP021,2023-03-02 17:00:00,2023-03-02 17:01:00,1.0,Air Traffic,Delayed,109,4601,300,297,522.0,155034,99.0,Spring
FL02636,2025-06-06,AL008,AC005,AP020,AP002,2025-06-06 20:30:00,2025-06-06 20:32:00,2.0,Security,Delayed,163,1117,325,321,563.0,180723,98.76923076923076,Summer
FL02637,2023-01-24,AL010,AC024,AP004,AP013,2023-01-24 11:45:00,2023-01-24 11:54:00,9.0,Security,Delayed,394,5868,296,293,478.0,140054,98.98648648648648,Winter
FL02638,2024-09-15,AL003,AC038,AP023,AP012,2024-09-15 19:00:00,2024-09-15 19:38:00,38.0,Security,Delayed,474,5434,189,142,549.0,77958,75.13227513227513,Autumn
FL02639,2024-09-02,AL004,AC014,AP005,AP009,2024-09-02 08:45:00,2024-09-02 08:46:00,1.0,Late Aircraft,Delayed,698,8092,325,241,318.0,76638,74.15384615384616,Autumn
FL02640,2024-02-19,AL004,AC024,AP029,AP015,2024-02-19 19:00:00,2024-02-19 19:11:00,11.0,Security,Delayed,266,813,296,200,248.0,49600,67.56756756756756,Winter
FL02641,2024-02-29,AL009,AC028,AP022,AP025,2024-02-29 10:15:00,2024-02-29 10:19:00,4.0,Air Traffic,Delayed,515,582,296,222,278.0,61716,75.0,Winter
FL02642,2025-02-25,AL008,AC007,AP016,AP015,2025-02-25 11:15:00,2025-02-25 11:20:00,5.0,Weather,Delayed,431,5066,300,161,227.0,36547,53.66666666666666,Winter
FL02643,2025-10-24,AL009,AC018,AP025,AP005,2025-10-24 08:00:00,2025-10-24 09:41:00,101.0,Security,Delayed,577,7542,189,141,421.0,59361,74.60317460317461,Autumn
FL02644,2023-02-16,AL010,AC037,AP026,AP010,2023-02-16 17:00:00,2023-02-16 19:48:00,168.0,Security,Severely Delayed,520,2498,220,169,112.0,18928,76.81818181818181,Winter
FL02645,2023-07-02,AL001,AC021,AP021,AP009,2023-07-02 10:45:00,2023-07-02 11:00:00,15.0,Technical,Delayed,175,4254,325,206,113.0,23278,63.38461538461539,Summer
FL02646,2024-04-01,AL008,AC006,AP024,AP013,2024-04-01 21:30:00,2024-04-01 21:31:00,1.0,Security,Delayed,533,479,300,257,511.0,131327,85.66666666666667,Spring
FL02647,2024-07-25,AL009,AC022,AP025,AP028,2024-07-25 09:45:00,2024-07-25 09:57:00,12.0,Crew,Delayed,654,3232,300,213,194.0,41322,71.0,Summer
FL02648,2024-07-27,AL001,AC016,AP002,AP023,2024-07-27 10:15:00,2024-07-27 10:27:00,12.0,Late Aircraft,Delayed,206,2168,189,148,621.0,91908,78.3068783068783,Summer
FL02649,2024-02-27,AL005,AC007,AP026,AP015,2024-02-27 20:15:00,2024-02-27 20:27:00,12.0,Technical,Delayed,572,8247,300,249,272.0,67728,83.0,Winter
FL02650,2024-08-12,AL006,AC033,AP026,AP015,2024-08-12 09:30:00,2024-08-12 09:39:00,9.0,Crew,Delayed,124,2083,220,165,381.0,62865,75.0,Summer
FL02651,2023-06-29,AL009,AC040,AP025,AP010,2023-06-29 19:30:00,2023-06-29 19:40:00,10.0,Crew,Delayed,441,5933,220,203,473.0,96019,92.27272727272728,Summer
FL02652,2024-05-25,AL002,AC033,AP019,AP017,2024-05-25 14:15:00,2024-05-25 14:20:00,5.0,Air Traffic,Delayed,615,6530,220,129,158.0,20382,58.63636363636363,Spring
FL02653,2023-10-17,AL002,AC029,AP019,AP010,2023-10-17 10:45:00,2023-10-17 10:53:00,8.0,Security,Delayed,174,414,220,121,378.0,45738,55.00000000000001,Autumn
FL02654,2025-12-29,AL007,AC001,AP004,AP001,2025-12-29 06:15:00,2025-12-29 06:22:00,7.0,Crew,Delayed,472,2836,325,261,572.0,149292,80.3076923076923,Winter
FL02655,2023-05-13,AL002,AC025,AP022,AP012,2023-05-13 05:30:00,2023-05-13 06:43:00,73.0,Security,Delayed,62,6154,296,190,222.0,42180,64.1891891891892,Spring
FL02656,2023-10-22,AL010,AC007,AP008,AP004,2023-10-22 07:45:00,2023-10-22 08:56:00,71.0,Crew,Delayed,663,4172,300,198,504.0,99792,66.0,Autumn
FL02657,2025-06-16,AL004,AC029,AP026,AP028,2025-06-16 12:30:00,2025-06-16 12:32:00,2.0,Technical,Delayed,524,6809,220,166,646.0,107236,75.45454545454545,Summer
FL02658,2023-07-29,AL005,AC032,AP008,AP001,2023-07-29 08:15:00,2023-07-29 08:20:00,5.0,Weather,Delayed,121,4454,396,257,260.0,66820,64.8989898989899,Summer
FL02659,2023-01-30,AL002,AC030,AP028,AP003,2023-01-30 13:45:00,2023-01-30 13:51:00,6.0,Security,Delayed,705,3731,325,220,390.0,85800,67.6923076923077,Winter
FL02660,2024-09-09,AL001,AC007,AP028,AP029,2024-09-09 10:30:00,2024-09-09 10:33:00,3.0,Weather,Delayed,464,6682,300,176,498.0,87648,58.66666666666666,Autumn
FL02661,2024-08-30,AL001,AC028,AP003,AP025,2024-08-30 15:00:00,2024-08-30 16:45:00,105.0,Weather,Delayed,358,7686,296,163,161.0,26243,55.067567567567565,Summer
FL02662,2025-06-29,AL009,AC007,AP004,AP023,2025-06-29 20:15:00,2025-06-29 20:27:00,12.0,Security,Delayed,170,5598,300,226,525.0,118650,75.33333333333333,Summer
FL02663,2025-05-20,AL009,AC038,AP023,AP010,2025-05-20 05:15:00,2025-05-20 07:20:00,125.0,Security,Cancelled,718,2808,189,0,277.0,0,0.0,Spring
FL02664,2024-11-22,AL006,AC004,AP028,AP001,2024-11-22 20:30:00,2024-11-22 21:40:00,70.0,Air Traffic,Delayed,239,5741,180,110,256.0,28160,61.11111111111112,Autumn
FL02665,2023-06-11,AL001,AC019,AP013,AP012,2023-06-11 08:45:00,2023-06-11 10:55:00,130.0,Security,Severely Delayed,401,5829,296,210,213.0,44730,70.94594594594594,Summer
FL02666,2024-06-16,AL008,AC015,AP026,AP003,2024-06-16 13:00:00,2024-06-16 13:48:00,48.0,Weather,Delayed,711,615,396,319,234.0,74646,80.55555555555556,Summer
FL02667,2025-09-06,AL010,AC030,AP017,AP028,2025-09-06 09:45:00,2025-09-06 09:53:00,8.0,Late Aircraft,Delayed,82,1182,325,258,72.0,18576,79.38461538461539,Autumn
FL02668,2024-03-17,AL004,AC018,AP025,AP011,2024-03-17 07:30:00,2024-03-17 07:36:00,6.0,Security,Delayed,325,2218,189,135,123.0,16605,71.42857142857143,Spring
FL02669,2023-11-12,AL006,AC015,AP029,AP018,2023-11-12 17:30:00,2023-11-12 17:31:00,1.0,Air Traffic,Delayed,464,2972,396,242,109.0,26378,61.11111111111112,Autumn
FL02670,2023-07-15,AL007,AC009,AP025,AP017,2023-07-15 08:00:00,2023-07-15 08:03:00,3.0,Late Aircraft,Delayed,629,4108,296,165,377.0,62205,55.74324324324324,Summer
FL02671,2025-09-04,AL005,AC035,AP030,AP025,2025-09-04 13:00:00,2025-09-04 13:04:00,4.0,Late Aircraft,Delayed,87,3505,189,145,424.0,61480,76.71957671957672,Autumn
FL02672,2023-10-17,AL010,AC022,AP020,AP028,2023-10-17 16:00:00,2023-10-17 16:07:00,7.0,Security,Delayed,65,7043,300,255,550.0,140250,85.0,Autumn
FL02673,2023-10-24,AL002,AC038,AP012,AP019,2023-10-24 19:30:00,2023-10-24 19:39:00,9.0,Crew,Delayed,606,2851,189,129,156.0,20124,68.25396825396825,Autumn
FL02674,2023-12-23,AL005,AC003,AP011,AP009,2023-12-23 14:00:00,2023-12-23 14:11:00,11.0,Technical,Delayed,588,8222,396,288,553.0,159264,72.72727272727273,Winter
FL02675,2023-02-06,AL009,AC009,AP015,AP012,2023-02-06 05:45:00,2023-02-06 05:47:00,2.0,Weather,Cancelled,93,8449,296,0,633.0,0,0.0,Winter
FL02676,2025-07-25,AL009,AC013,AP022,AP019,2025-07-25 13:30:00,2025-07-25 13:41:00,11.0,Crew,Delayed,637,8168,325,214,316.0,67624,65.84615384615384,Summer
FL02677,2025-01-11,AL006,AC012,AP012,AP005,2025-01-11 11:15:00,2025-01-11 11:25:00,10.0,Weather,Delayed,88,4562,189,182,86.0,15652,96.29629629629628,Winter
FL02678,2025-03-17,AL004,AC007,AP030,AP012,2025-03-17 20:00:00,2025-03-17 20:15:00,15.0,Crew,Delayed,631,3322,300,210,84.0,17640,70.0,Spring
FL02679,2024-01-02,AL002,AC015,AP019,AP001,2024-01-02 16:45:00,2024-01-02 17:00:00,15.0,Late Aircraft,Delayed,150,865,396,338,625.0,211250,85.35353535353535,Winter
FL02680,2023-02-06,AL006,AC009,AP028,AP013,2023-02-06 19:15:00,2023-02-06 19:30:00,15.0,Crew,Delayed,358,425,296,262,379.0,99298,88.51351351351352,Winter
FL02681,2025-08-23,AL004,AC029,AP028,AP003,2025-08-23 19:15:00,2025-08-23 19:22:00,7.0,Security,Delayed,460,4760,220,158,310.0,48980,71.81818181818181,Summer
FL02682,2024-06-20,AL002,AC037,AP014,AP018,2024-06-20 10:45:00,2024-06-20 10:47:00,2.0,Air Traffic,Delayed,143,3771,220,177,441.0,78057,80.45454545454545,Summer
FL02683,2024-09-28,AL002,AC015,AP014,AP008,2024-09-28 15:45:00,2024-09-28 15:47:00,2.0,Technical,Delayed,73,6854,396,348,367.0,127716,87.87878787878788,Autumn
FL02684,2024-03-23,AL003,AC023,AP004,AP018,2024-03-23 05:30:00,2024-03-23 05:35:00,5.0,Security,Delayed,379,4758,180,167,241.0,40247,92.7777777777778,Spring
FL02685,2024-04-19,AL005,AC028,AP011,AP021,2024-04-19 05:15:00,2024-04-19 05:17:00,2.0,Security,Delayed,591,2190,296,181,438.0,79278,61.14864864864865,Spring
FL02686,2023-03-28,AL003,AC030,AP020,AP011,2023-03-28 15:00:00,2023-03-28 15:08:00,8.0,Crew,Delayed,309,2381,325,215,501.0,107715,66.15384615384615,Spring
FL02687,2023-06-27,AL005,AC018,AP011,AP012,2023-06-27 16:15:00,2023-06-27 17:11:00,56.0,Crew,Delayed,174,4180,189,170,598.0,101660,89.94708994708994,Summer
FL02688,2023-10-29,AL010,AC030,AP029,AP015,2023-10-29 15:00:00,2023-10-29 15:01:00,1.0,Security,Delayed,318,5047,325,175,449.0,78575,53.84615384615385,Autumn
FL02689,2023-03-07,AL007,AC016,AP029,AP013,2023-03-07 14:45:00,2023-03-07 15:43:00,58.0,Crew,Delayed,230,7507,189,138,505.0,69690,73.01587301587301,Spring
FL02690,2025-03-10,AL001,AC015,AP019,AP025,2025-03-10 19:30:00,2025-03-10 19:30:00,0.0,No Delay,On Time,581,1731,396,335,508.0,170180,84.59595959595958,Spring
FL02691,2025-11-15,AL007,AC027,AP026,AP024,2025-11-15 11:15:00,2025-11-15 12:40:00,85.0,Air Traffic,Delayed,433,3515,325,172,72.0,12384,52.92307692307693,Autumn
FL02692,2024-07-18,AL002,AC031,AP004,AP008,2024-07-18 05:45:00,2024-07-18 05:46:00,1.0,Crew,Delayed,633,4969,300,288,473.0,136224,96.0,Summer
FL02693,2024-09-26,AL008,AC029,AP028,AP026,2024-09-26 08:30:00,2024-09-26 11:02:00,152.0,Technical,Severely Delayed,681,6482,220,139,282.0,39198,63.18181818181819,Autumn
FL02694,2023-12-17,AL004,AC009,AP027,AP016,2023-12-17 19:45:00,2023-12-17 22:44:00,179.0,Technical,Severely Delayed,463,8337,296,244,310.0,75640,82.43243243243244,Winter
FL02695,2025-01-23,AL007,AC017,AP030,AP025,2025-01-23 10:00:00,2025-01-23 10:07:00,7.0,Air Traffic,Delayed,602,2291,296,215,241.0,51815,72.63513513513513,Winter
FL02696,2023-01-11,AL005,AC005,AP001,AP010,2023-01-11 11:15:00,2023-01-11 11:28:00,13.0,Air Traffic,Delayed,386,1705,325,274,630.0,172620,84.3076923076923,Winter
FL02697,2024-05-20,AL002,AC037,AP019,AP016,2024-05-20 19:15:00,2024-05-20 19:28:00,13.0,Security,Delayed,603,6726,220,172,356.0,61232,78.18181818181819,Spring
FL02698,2023-09-27,AL001,AC039,AP015,AP010,2023-09-27 13:45:00,2023-09-27 13:57:00,12.0,Air Traffic,Delayed,682,7375,300,185,196.0,36260,61.66666666666667,Autumn
FL02699,2025-11-22,AL002,AC001,AP010,AP007,2025-11-22 07:00:00,2025-11-22 07:14:00,14.0,Late Aircraft,Delayed,209,3636,325,297,244.0,72468,91.3846153846154,Autumn
FL02700,2024-08-20,AL006,AC040,AP013,AP026,2024-08-20 14:45:00,2024-08-20 14:47:00,2.0,Security,Delayed,496,7075,220,203,158.0,32074,92.27272727272728,Summer
FL02701,2024-12-20,AL001,AC011,AP029,AP006,2024-12-20 14:45:00,2024-12-20 14:57:00,12.0,Weather,Delayed,454,2897,300,266,343.0,91238,88.66666666666667,Winter
FL02702,2025-02-23,AL007,AC038,AP023,AP002,2025-02-23 12:30:00,2025-02-23 12:33:00,3.0,Crew,Delayed,689,6486,189,141,346.0,48786,74.60317460317461,Winter
FL02703,2025-04-09,AL003,AC027,AP029,AP020,2025-04-09 20:15:00,2025-04-09 20:22:00,7.0,Weather,Delayed,126,1253,325,278,512.0,142336,85.53846153846155,Spring
FL02704,2025-12-26,AL007,AC032,AP013,AP009,2025-12-26 06:00:00,2025-12-26 06:09:00,9.0,Crew,Delayed,316,8171,396,236,223.0,52628,59.59595959595959,Winter
FL02705,2024-03-19,AL001,AC005,AP030,AP024,2024-03-19 22:00:00,2024-03-19 22:12:00,12.0,Security,Delayed,466,5635,325,283,304.0,86032,87.07692307692308,Spring
FL02706,2023-07-07,AL010,AC005,AP008,AP024,2023-07-07 19:15:00,2023-07-07 19:26:00,11.0,Technical,Delayed,626,6621,325,220,637.0,140140,67.6923076923077,Summer
FL02707,2025-10-29,AL009,AC027,AP027,AP005,2025-10-29 08:45:00,2025-10-29 08:49:00,4.0,Technical,Delayed,619,6922,325,246,402.0,98892,75.6923076923077,Autumn
FL02708,2024-12-30,AL008,AC026,AP002,AP013,2024-12-30 13:30:00,2024-12-30 13:43:00,13.0,Security,Delayed,686,652,189,187,247.0,46189,98.94179894179894,Winter
FL02709,2024-02-07,AL001,AC031,AP021,AP003,2024-02-07 05:45:00,2024-02-07 05:49:00,4.0,Late Aircraft,Delayed,368,2813,300,193,619.0,119467,64.33333333333333,Winter
FL02710,2024-07-14,AL004,AC007,AP001,AP011,2024-07-14 12:30:00,2024-07-14 12:43:00,13.0,Technical,Delayed,86,8154,300,205,552.0,113160,68.33333333333333,Summer
FL02711,2025-06-30,AL006,AC037,AP021,AP028,2025-06-30 20:00:00,2025-06-30 20:11:00,11.0,Crew,Delayed,502,6573,220,183,107.0,19581,83.18181818181817,Summer
FL02712,2025-06-04,AL002,AC024,AP008,AP012,2025-06-04 11:45:00,2025-06-04 11:58:00,13.0,Security,Delayed,674,7253,296,220,278.0,61160,74.32432432432432,Summer
FL02713,2025-12-29,AL001,AC025,AP022,AP006,2025-12-29 08:30:00,2025-12-29 08:44:00,14.0,Late Aircraft,Delayed,507,446,296,147,624.0,91728,49.66216216216216,Winter
FL02714,2023-10-10,AL005,AC017,AP019,AP014,2023-10-10 17:30:00,2023-10-10 17:30:00,0.0,No Delay,On Time,438,6963,296,283,158.0,44714,95.6081081081081,Autumn
FL02715,2025-05-25,AL003,AC026,AP006,AP017,2025-05-25 06:00:00,2025-05-25 06:51:00,51.0,Late Aircraft,Delayed,491,4937,189,162,498.0,80676,85.71428571428571,Spring
FL02716,2025-10-19,AL004,AC030,AP027,AP020,2025-10-19 13:45:00,2025-10-19 13:54:00,9.0,Air Traffic,Delayed,384,2270,325,198,294.0,58212,60.92307692307693,Autumn
FL02717,2025-11-06,AL007,AC026,AP028,AP026,2025-11-06 10:00:00,2025-11-06 12:20:00,140.0,Air Traffic,Severely Delayed,405,6198,189,112,376.0,42112,59.25925925925925,Autumn
FL02718,2024-10-01,AL003,AC015,AP005,AP025,2024-10-01 20:00:00,2024-10-01 20:11:00,11.0,Crew,Delayed,156,5723,396,334,558.0,186372,84.34343434343434,Autumn
FL02719,2023-06-17,AL008,AC001,AP016,AP007,2023-06-17 12:00:00,2023-06-17 12:11:00,11.0,Security,Delayed,111,4518,325,240,566.0,135840,73.84615384615385,Summer
FL02720,2025-07-31,AL004,AC001,AP011,AP007,2025-07-31 22:15:00,2025-08-01 00:10:00,115.0,Crew,Delayed,189,7350,325,222,193.0,42846,68.3076923076923,Summer
FL02721,2025-06-04,AL009,AC007,AP030,AP015,2025-06-04 20:15:00,2025-06-04 22:44:00,149.0,Security,Severely Delayed,510,1097,300,297,154.0,45738,99.0,Summer
FL02722,2025-04-10,AL005,AC016,AP001,AP009,2025-04-10 16:45:00,2025-04-10 18:14:00,89.0,Technical,Delayed,659,7536,189,141,213.0,30033,74.60317460317461,Spring
FL02723,2024-02-18,AL005,AC031,AP012,AP030,2024-02-18 17:00:00,2024-02-18 17:05:00,5.0,Crew,Delayed,217,512,300,258,352.0,90816,86.0,Winter
FL02724,2025-11-07,AL005,AC005,AP023,AP029,2025-11-07 11:45:00,2025-11-07 13:23:00,98.0,Late Aircraft,Delayed,92,942,325,232,280.0,64960,71.38461538461539,Autumn
FL02725,2023-05-11,AL005,AC008,AP025,AP006,2023-05-11 17:30:00,2023-05-11 17:33:00,3.0,Crew,Delayed,276,4864,300,229,357.0,81753,76.33333333333333,Spring
FL02726,2023-11-07,AL001,AC010,AP024,AP026,2023-11-07 05:15:00,2023-11-07 05:19:00,4.0,Late Aircraft,Delayed,556,825,396,277,72.0,19944,69.94949494949495,Autumn
FL02727,2023-06-07,AL005,AC020,AP012,AP021,2023-06-07 17:15:00,2023-06-07 17:16:00,1.0,Security,Delayed,606,2770,396,330,602.0,198660,83.33333333333334,Summer
FL02728,2023-05-28,AL008,AC017,AP008,AP021,2023-05-28 18:30:00,2023-05-28 18:45:00,15.0,Technical,Delayed,441,3000,296,239,230.0,54970,80.74324324324324,Spring
FL02729,2024-02-10,AL007,AC018,AP004,AP005,2024-02-10 13:45:00,2024-02-10 13:54:00,9.0,Security,Delayed,618,2130,189,170,535.0,90950,89.94708994708994,Winter
FL02730,2023-09-07,AL008,AC025,AP030,AP026,2023-09-07 06:45:00,2023-09-07 07:42:00,57.0,Air Traffic,Delayed,536,4941,296,223,441.0,98343,75.33783783783784,Autumn
FL02731,2023-02-06,AL005,AC007,AP002,AP008,2023-02-06 21:15:00,2023-02-06 21:21:00,6.0,Security,Delayed,99,7063,300,207,639.0,132273,69.0,Winter
FL02732,2025-06-17,AL002,AC018,AP007,AP019,2025-06-17 05:45:00,2025-06-17 07:04:00,79.0,Air Traffic,Delayed,119,7076,189,154,133.0,20482,81.48148148148148,Summer
FL02733,2024-04-20,AL009,AC021,AP009,AP015,2024-04-20 07:45:00,2024-04-20 08:21:00,36.0,Security,Delayed,580,6659,325,241,386.0,93026,74.15384615384616,Spring
FL02734,2024-01-06,AL010,AC033,AP019,AP005,2024-01-06 10:00:00,2024-01-06 10:15:00,15.0,Late Aircraft,Delayed,271,1378,220,148,586.0,86728,67.27272727272727,Winter
FL02735,2023-06-03,AL008,AC035,AP010,AP006,2023-06-03 10:00:00,2023-06-03 10:07:00,7.0,Technical,Delayed,93,6740,189,151,589.0,88939,79.8941798941799,Summer
FL02736,2024-11-29,AL005,AC004,AP025,AP026,2024-11-29 15:15:00,2024-11-29 15:24:00,9.0,Air Traffic,Delayed,240,3190,180,136,421.0,57256,75.55555555555556,Autumn
FL02737,2025-04-16,AL008,AC035,AP030,AP016,2025-04-16 11:00:00,2025-04-16 11:08:00,8.0,Late Aircraft,Delayed,535,3703,189,145,436.0,63220,76.71957671957672,Spring
FL02738,2025-06-06,AL001,AC023,AP023,AP027,2025-06-06 21:45:00,2025-06-06 22:40:00,55.0,Air Traffic,Cancelled,589,7518,180,0,309.0,0,0.0,Summer
FL02739,2023-02-26,AL007,AC006,AP018,AP028,2023-02-26 10:00:00,2023-02-26 10:15:00,15.0,Crew,Cancelled,384,2193,300,0,538.0,0,0.0,Winter
FL02740,2025-11-29,AL010,AC036,AP001,AP010,2025-11-29 22:30:00,2025-11-29 23:36:00,66.0,Technical,Delayed,501,2350,180,154,141.0,21714,85.55555555555556,Autumn
FL02741,2025-07-10,AL005,AC039,AP013,AP006,2025-07-10 13:45:00,2025-07-10 13:58:00,13.0,Security,Delayed,589,2087,300,261,80.0,20880,87.0,Summer
FL02742,2025-04-25,AL008,AC028,AP030,AP011,2025-04-25 05:45:00,2025-04-25 05:46:00,1.0,Air Traffic,Delayed,382,7138,296,185,116.0,21460,62.5,Spring
FL02743,2024-05-24,AL001,AC025,AP009,AP024,2024-05-24 11:45:00,2024-05-24 11:45:00,0.0,No Delay,On Time,136,7157,296,206,640.0,131840,69.5945945945946,Spring
FL02744,2025-06-14,AL003,AC015,AP030,AP028,2025-06-14 22:30:00,2025-06-14 22:43:00,13.0,Late Aircraft,Delayed,708,1261,396,260,225.0,58500,65.65656565656566,Summer
FL02745,2025-07-03,AL001,AC012,AP026,AP011,2025-07-03 08:30:00,2025-07-03 08:42:00,12.0,Weather,Delayed,633,2011,189,83,96.0,7968,43.91534391534391,Summer
FL02746,2025-08-16,AL007,AC010,AP001,AP010,2025-08-16 16:30:00,2025-08-16 16:34:00,4.0,Air Traffic,Delayed,150,1050,396,284,253.0,71852,71.71717171717171,Summer
FL02747,2024-04-06,AL002,AC034,AP005,AP010,2024-04-06 08:15:00,2024-04-06 08:17:00,2.0,Weather,Delayed,625,7536,300,164,482.0,79048,54.66666666666666,Spring
FL02748,2025-10-27,AL006,AC034,AP012,AP013,2025-10-27 18:15:00,2025-10-27 18:30:00,15.0,Crew,Delayed,575,7713,300,213,216.0,46008,71.0,Autumn
FL02749,2024-05-18,AL007,AC020,AP004,AP024,2024-05-18 10:15:00,2024-05-18 10:18:00,3.0,Late Aircraft,Delayed,203,2038,396,317,479.0,151843,80.05050505050505,Spring
FL02750,2024-03-22,AL009,AC005,AP014,AP015,2024-03-22 14:30:00,2024-03-22 14:36:00,6.0,Crew,Delayed,689,534,325,183,106.0,19398,56.30769230769231,Spring
FL02751,2025-04-26,AL009,AC020,AP029,AP025,2025-04-26 20:30:00,2025-04-26 20:35:00,5.0,Air Traffic,Delayed,347,5832,396,326,347.0,113122,82.32323232323232,Spring
FL02752,2024-02-18,AL004,AC012,AP011,AP022,2024-02-18 08:45:00,2024-02-18 08:57:00,12.0,Weather,Cancelled,276,1550,189,0,413.0,0,0.0,Winter
FL02753,2024-08-16,AL010,AC020,AP013,AP012,2024-08-16 12:15:00,2024-08-16 12:19:00,4.0,Security,Delayed,323,631,396,260,121.0,31460,65.65656565656566,Summer
FL02754,2025-05-07,AL003,AC032,AP003,AP013,2025-05-07 18:45:00,2025-05-07 18:46:00,1.0,Crew,Delayed,245,3537,396,314,376.0,118064,79.29292929292929,Spring
FL02755,2025-01-23,AL001,AC012,AP005,AP010,2025-01-23 16:15:00,2025-01-23 16:26:00,11.0,Technical,Delayed,222,8063,189,136,343.0,46648,71.95767195767195,Winter
FL02756,2025-05-22,AL002,AC009,AP002,AP001,2025-05-22 08:00:00,2025-05-22 08:08:00,8.0,Late Aircraft,Cancelled,481,6188,296,0,407.0,0,0.0,Spring
FL02757,2025-09-07,AL009,AC024,AP013,AP012,2025-09-07 15:30:00,2025-09-07 17:56:00,146.0,Crew,Severely Delayed,664,8484,296,240,354.0,84960,81.08108108108108,Autumn
FL02758,2025-07-21,AL009,AC023,AP001,AP021,2025-07-21 09:00:00,2025-07-21 10:25:00,85.0,Air Traffic,Delayed,234,8432,180,169,316.0,53404,93.88888888888889,Summer
FL02759,2023-08-23,AL007,AC018,AP019,AP030,2023-08-23 06:15:00,2023-08-23 06:22:00,7.0,Crew,Delayed,448,5237,189,187,232.0,43384,98.94179894179894,Summer
FL02760,2025-07-15,AL008,AC023,AP002,AP022,2025-07-15 15:15:00,2025-07-15 15:42:00,27.0,Security,Delayed,88,2348,180,175,123.0,21525,97.2222222222222,Summer
FL02761,2024-12-11,AL007,AC002,AP012,AP021,2024-12-11 17:15:00,2024-12-11 17:26:00,11.0,Crew,Delayed,518,5204,300,204,357.0,72828,68.0,Winter
FL02762,2024-11-11,AL009,AC026,AP010,AP011,2024-11-11 07:45:00,2024-11-11 07:45:00,0.0,No Delay,On Time,204,3374,189,187,576.0,107712,98.94179894179894,Autumn
FL02763,2023-10-23,AL001,AC024,AP010,AP014,2023-10-23 05:30:00,2023-10-23 05:36:00,6.0,Late Aircraft,Delayed,336,1659,296,213,577.0,122901,71.95945945945947,Autumn
FL02764,2023-11-28,AL004,AC036,AP030,AP001,2023-11-28 08:00:00,2023-11-28 08:09:00,9.0,Air Traffic,Delayed,682,4059,180,87,351.0,30537,48.333333333333336,Autumn
FL02765,2025-08-18,AL004,AC006,AP015,AP007,2025-08-18 14:30:00,2025-08-18 14:37:00,7.0,Late Aircraft,Delayed,345,6376,300,173,213.0,36849,57.66666666666666,Summer
FL02766,2023-01-10,AL003,AC001,AP027,AP028,2023-01-10 11:00:00,2023-01-10 11:14:00,14.0,Crew,Delayed,474,4712,325,283,524.0,148292,87.07692307692308,Winter
FL02767,2024-08-10,AL003,AC027,AP009,AP012,2024-08-10 10:00:00,2024-08-10 10:11:00,11.0,Crew,Delayed,710,4538,325,306,611.0,186966,94.15384615384616,Summer
FL02768,2025-04-30,AL009,AC021,AP007,AP018,2025-04-30 19:45:00,2025-04-30 21:14:00,89.0,Technical,Delayed,59,8125,325,197,433.0,85301,60.61538461538461,Spring
FL02769,2024-10-10,AL005,AC015,AP016,AP009,2024-10-10 11:15:00,2024-10-10 13:05:00,110.0,Late Aircraft,Delayed,246,8250,396,255,396.0,100980,64.39393939393939,Autumn
FL02770,2023-11-05,AL002,AC015,AP026,AP022,2023-11-05 14:30:00,2023-11-05 14:31:00,1.0,Security,Delayed,139,1326,396,265,262.0,69430,66.91919191919192,Autumn
FL02771,2025-03-05,AL009,AC039,AP013,AP009,2025-03-05 21:00:00,2025-03-05 21:15:00,15.0,Crew,Delayed,350,1365,300,297,362.0,90585,99.0,Spring
FL02772,2024-04-03,AL001,AC040,AP007,AP018,2024-04-03 18:15:00,2024-04-03 18:23:00,8.0,Crew,Cancelled,96,4460,220,0,328.0,0,0.0,Spring
FL02773,2025-08-28,AL010,AC026,AP005,AP014,2025-08-28 10:00:00,2025-08-28 10:05:00,5.0,Security,Delayed,271,7498,189,115,302.0,34730,60.84656084656085,Summer
FL02774,2023-01-28,AL003,AC039,AP028,AP020,2023-01-28 12:45:00,2023-01-28 12:46:00,1.0,Late Aircraft,Delayed,149,7233,300,297,552.0,163944,99.0,Winter
FL02775,2023-12-16,AL002,AC021,AP027,AP023,2023-12-16 20:00:00,2023-12-16 20:14:00,14.0,Late Aircraft,Delayed,168,7306,325,213,89.0,18957,65.53846153846153,Winter
FL02776,2025-06-02,AL009,AC024,AP029,AP024,2025-06-02 12:00:00,2025-06-02 12:17:00,17.0,Weather,Delayed,291,6759,296,260,187.0,48620,87.83783783783784,Summer
FL02777,2025-09-10,AL009,AC004,AP008,AP021,2025-09-10 18:00:00,2025-09-10 20:44:00,164.0,Weather,Cancelled,95,3225,180,0,145.0,0,0.0,Autumn
FL02778,2023-10-24,AL004,AC027,AP027,AP014,2023-10-24 08:45:00,2023-10-24 08:57:00,12.0,Security,Delayed,654,5475,325,296,618.0,182928,91.07692307692308,Autumn
FL02779,2023-08-06,AL001,AC037,AP026,AP007,2023-08-06 17:15:00,2023-08-06 19:34:00,139.0,Crew,Severely Delayed,316,389,220,145,190.0,27550,65.9090909090909,Summer
FL02780,2025-11-08,AL009,AC009,AP015,AP005,2025-11-08 18:30:00,2025-11-08 18:30:00,0.0,No Delay,On Time,430,3855,296,220,525.0,115500,74.32432432432432,Autumn
FL02781,2023-04-01,AL004,AC009,AP017,AP030,2023-04-01 14:45:00,2023-04-01 14:57:00,12.0,Technical,Delayed,173,7898,296,193,73.0,14089,65.2027027027027,Spring
FL02782,2024-06-25,AL004,AC032,AP006,AP014,2024-06-25 20:30:00,2024-06-25 20:31:00,1.0,Late Aircraft,Delayed,654,5100,396,291,555.0,161505,73.48484848484848,Summer
FL02783,2023-10-19,AL004,AC040,AP022,AP010,2023-10-19 22:30:00,2023-10-19 22:37:00,7.0,Air Traffic,Delayed,125,6046,220,195,565.0,110175,88.63636363636364,Autumn
FL02784,2025-06-09,AL002,AC018,AP013,AP021,2025-06-09 10:00:00,2025-06-09 12:21:00,141.0,Weather,Severely Delayed,400,5454,189,111,388.0,43068,58.730158730158735,Summer
FL02785,2024-06-19,AL001,AC036,AP017,AP011,2024-06-19 18:45:00,2024-06-19 18:59:00,14.0,Air Traffic,Delayed,58,3923,180,159,337.0,53583,88.33333333333333,Summer
FL02786,2025-10-10,AL004,AC015,AP011,AP014,2025-10-10 22:45:00,2025-10-10 22:56:00,11.0,Crew,Delayed,219,4055,396,258,338.0,87204,65.15151515151516,Autumn
FL02787,2024-10-05,AL001,AC034,AP030,AP005,2024-10-05 09:15:00,2024-10-05 09:25:00,10.0,Late Aircraft,Delayed,221,8062,300,237,190.0,45030,79.0,Autumn
FL02788,2023-12-13,AL009,AC017,AP017,AP026,2023-12-13 18:45:00,2023-12-13 18:47:00,2.0,Unknown,Delayed,289,7895,296,198,296.0,58608,66.8918918918919,Winter
FL02789,2025-07-27,AL005,AC023,AP022,AP010,2025-07-27 06:45:00,2025-07-27 07:35:00,50.0,Security,Delayed,649,1632,180,101,639.0,64539,56.11111111111112,Summer
FL02790,2024-04-16,AL008,AC004,AP015,AP024,2024-04-16 11:00:00,2024-04-16 11:09:00,9.0,Security,Delayed,136,432,180,118,421.0,49678,65.55555555555556,Spring
FL02791,2023-02-11,AL008,AC031,AP025,AP006,2023-02-11 16:45:00,2023-02-11 16:48:00,3.0,Technical,Delayed,451,4537,300,199,605.0,120395,66.33333333333333,Winter
FL02792,2024-10-31,AL009,AC024,AP002,AP015,2024-10-31 15:15:00,2024-10-31 16:09:00,54.0,Late Aircraft,Delayed,623,1445,296,216,489.0,105624,72.97297297297297,Autumn
FL02793,2024-04-03,AL004,AC016,AP015,AP018,2024-04-03 15:00:00,2024-04-03 15:03:00,3.0,Air Traffic,Delayed,654,6277,189,156,617.0,96252,82.53968253968253,Spring
FL02794,2024-05-25,AL008,AC005,AP004,AP002,2024-05-25 21:30:00,2024-05-25 23:38:00,128.0,Weather,Severely Delayed,377,7998,325,261,299.0,78039,80.3076923076923,Spring
FL02795,2023-09-04,AL009,AC001,AP001,AP010,2023-09-04 08:45:00,2023-09-04 11:15:00,150.0,Crew,Severely Delayed,579,6115,325,266,509.0,135394,81.84615384615384,Autumn
FL02796,2023-11-08,AL001,AC027,AP022,AP005,2023-11-08 08:15:00,2023-11-08 08:21:00,6.0,Crew,Delayed,75,1250,325,321,392.0,125832,98.76923076923076,Autumn
FL02797,2024-08-26,AL005,AC037,AP019,AP004,2024-08-26 10:30:00,2024-08-26 10:44:00,14.0,Late Aircraft,Delayed,126,582,220,165,315.0,51975,75.0,Summer
FL02798,2023-11-23,AL010,AC019,AP023,AP025,2023-11-23 10:30:00,2023-11-23 10:40:00,10.0,Weather,Delayed,514,6487,296,247,262.0,64714,83.44594594594594,Autumn
FL02799,2023-12-05,AL006,AC038,AP030,AP017,2023-12-05 12:30:00,2023-12-05 13:32:00,62.0,Weather,Delayed,187,7359,189,134,279.0,37386,70.8994708994709,Winter
FL02800,2025-05-28,AL005,AC013,AP006,AP004,2025-05-28 09:15:00,2025-05-28 09:20:00,5.0,Security,Delayed,219,429,325,207,266.0,55062,63.69230769230769,Spring
FL02801,2023-11-07,AL002,AC037,AP001,AP024,2023-11-07 05:30:00,2023-11-07 05:32:00,2.0,Weather,Delayed,540,444,220,121,535.0,64735,55.00000000000001,Autumn
FL02802,2025-02-07,AL009,AC032,AP024,AP001,2025-02-07 14:30:00,2025-02-07 16:46:00,136.0,Crew,Severely Delayed,607,6306,396,349,231.0,80619,88.13131313131312,Winter
FL02803,2024-06-03,AL001,AC026,AP020,AP008,2024-06-03 10:00:00,2024-06-03 10:18:00,18.0,Crew,Delayed,390,3478,189,152,176.0,26752,80.42328042328042,Summer
FL02804,2025-10-20,AL004,AC027,AP029,AP027,2025-10-20 05:45:00,2025-10-20 05:49:00,4.0,Late Aircraft,Delayed,84,2356,325,273,488.0,133224,84.0,Autumn
FL02805,2024-01-27,AL008,AC028,AP014,AP027,2024-01-27 18:00:00,2024-01-27 20:52:00,172.0,Weather,Severely Delayed,630,3714,296,239,362.0,124041,80.74324324324324,Winter
FL02806,2023-05-09,AL008,AC001,AP023,AP017,2023-05-09 20:45:00,2023-05-09 21:00:00,15.0,Technical,Delayed,101,606,325,202,171.0,34542,62.15384615384615,Spring
FL02807,2025-12-25,AL010,AC034,AP026,AP017,2025-12-25 20:30:00,2025-12-25 23:02:00,152.0,Technical,Severely Delayed,424,3316,300,195,344.0,67080,65.0,Winter
FL02808,2025-12-26,AL007,AC032,AP006,AP002,2025-12-26 07:15:00,2025-12-26 07:15:00,0.0,No Delay,On Time,241,942,396,383,619.0,237077,96.71717171717172,Winter
FL02809,2025-08-04,AL002,AC036,AP023,AP026,2025-08-04 16:45:00,2025-08-04 16:49:00,4.0,Weather,Delayed,533,7253,180,152,643.0,97736,84.44444444444444,Summer
FL02810,2025-08-22,AL007,AC003,AP021,AP024,2025-08-22 11:15:00,2025-08-22 11:19:00,4.0,Crew,Delayed,511,8104,396,363,282.0,102366,91.66666666666666,Summer
FL02811,2023-12-09,AL004,AC022,AP024,AP020,2023-12-09 19:15:00,2023-12-09 19:20:00,5.0,Crew,Delayed,508,1277,300,237,448.0,106176,79.0,Winter
FL02812,2024-06-10,AL003,AC030,AP030,AP007,2024-06-10 17:15:00,2024-06-10 17:27:00,12.0,Technical,Delayed,94,4609,325,160,297.0,47520,49.23076923076923,Summer
FL02813,2024-07-13,AL010,AC013,AP018,AP012,2024-07-13 21:45:00,2024-07-13 21:59:00,14.0,Technical,Delayed,520,6251,325,276,126.0,34776,84.92307692307692,Summer
FL02814,2025-05-11,AL009,AC031,AP015,AP001,2025-05-11 17:15:00,2025-05-11 17:31:00,16.0,Security,Delayed,131,3637,300,228,391.0,89148,76.0,Spring
FL02815,2024-09-22,AL010,AC031,AP010,AP022,2024-09-22 09:00:00,2024-09-22 09:08:00,8.0,Weather,Delayed,413,6161,300,210,433.0,90930,70.0,Autumn
FL02816,2024-09-01,AL001,AC003,AP026,AP016,2024-09-01 22:30:00,2024-09-01 22:44:00,14.0,Crew,Delayed,274,6283,396,322,318.0,102396,81.31313131313132,Autumn
FL02817,2025-03-09,AL005,AC022,AP027,AP018,2025-03-09 07:45:00,2025-03-09 07:55:00,10.0,Air Traffic,Delayed,452,4390,300,234,443.0,103662,78.0,Spring
FL02818,2023-03-05,AL005,AC026,AP024,AP006,2023-03-05 12:00:00,2023-03-05 12:15:00,15.0,Security,Delayed,339,326,189,187,465.0,86955,98.94179894179894,Spring
FL02819,2025-06-15,AL008,AC006,AP020,AP021,2025-06-15 07:30:00,2025-06-15 07:37:00,7.0,Technical,Delayed,295,6808,300,296,559.0,165464,98.66666666666669,Summer
FL02820,2025-09-19,AL001,AC003,AP001,AP008,2025-09-19 15:00:00,2025-09-19 15:09:00,9.0,Security,Delayed,273,8217,396,365,486.0,177390,92.17171717171718,Autumn
FL02821,2024-06-28,AL004,AC029,AP028,AP018,2024-06-28 11:00:00,2024-06-28 11:13:00,13.0,Technical,Delayed,671,2546,220,154,545.0,83930,70.0,Summer
FL02822,2024-09-02,AL009,AC033,AP013,AP006,2024-09-02 21:15:00,2024-09-02 21:27:00,12.0,Security,Delayed,51,1343,220,114,79.0,9006,51.81818181818182,Autumn
FL02823,2025-05-20,AL010,AC020,AP025,AP003,2025-05-20 09:30:00,2025-05-20 09:30:00,0.0,No Delay,Cancelled,681,666,396,0,413.0,0,0.0,Spring
FL02824,2025-01-30,AL006,AC027,AP023,AP025,2025-01-30 21:45:00,2025-01-30 21:52:00,7.0,Technical,Cancelled,468,7460,325,0,225.0,0,0.0,Winter
FL02825,2025-09-13,AL002,AC011,AP014,AP022,2025-09-13 11:45:00,2025-09-13 11:58:00,13.0,Security,Delayed,159,4072,300,198,436.0,86328,66.0,Autumn
FL02826,2024-01-28,AL004,AC028,AP027,AP016,2024-01-28 06:45:00,2024-01-28 06:48:00,3.0,Weather,Delayed,358,1269,296,276,380.0,104880,93.24324324324324,Winter
FL02827,2024-09-08,AL007,AC002,AP014,AP015,2024-09-08 17:30:00,2024-09-08 17:37:00,7.0,Security,Delayed,485,4214,300,264,126.0,33264,88.0,Autumn
FL02828,2025-06-05,AL009,AC024,AP022,AP020,2025-06-05 08:45:00,2025-06-05 09:27:00,42.0,Technical,Delayed,439,5914,296,229,605.0,138545,77.36486486486487,Summer
FL02829,2024-10-12,AL006,AC026,AP014,AP010,2024-10-12 09:15:00,2024-10-12 09:16:00,1.0,Unknown,Delayed,135,6903,189,141,543.0,76563,74.60317460317461,Autumn
FL02830,2023-11-10,AL007,AC001,AP008,AP014,2023-11-10 19:00:00,2023-11-10 20:30:00,90.0,Air Traffic,Delayed,710,4034,325,222,551.0,122322,68.3076923076923,Autumn
FL02831,2025-11-20,AL002,AC005,AP001,AP010,2025-11-20 18:00:00,2025-11-20 18:09:00,9.0,Weather,Delayed,316,2559,325,311,547.0,170117,95.6923076923077,Autumn
FL02832,2023-08-26,AL008,AC009,AP013,AP003,2023-08-26 10:00:00,2023-08-26 10:02:00,2.0,Crew,Delayed,345,7874,296,227,238.0,54026,76.6891891891892,Summer
FL02833,2023-06-20,AL009,AC036,AP019,AP007,2023-06-20 06:15:00,2023-06-20 06:24:00,9.0,Technical,Delayed,643,2668,180,123,268.0,32964,68.33333333333333,Summer
FL02834,2023-01-03,AL004,AC019,AP015,AP010,2023-01-03 11:00:00,2023-01-03 11:14:00,14.0,Late Aircraft,Delayed,266,3903,296,225,568.0,127800,76.01351351351352,Winter
FL02835,2025-04-03,AL009,AC009,AP017,AP028,2025-04-03 16:45:00,2025-04-03 16:58:00,13.0,Security,Delayed,584,8167,296,270,192.0,51840,91.2162162162162,Spring
FL02836,2023-09-08,AL010,AC003,AP007,AP029,2023-09-08 15:30:00,2023-09-08 17:44:00,134.0,Security,Severely Delayed,446,2209,396,293,101.0,29593,73.98989898989899,Autumn
FL02837,2023-12-12,AL001,AC030,AP022,AP029,2023-12-12 11:45:00,2023-12-12 11:48:00,3.0,Air Traffic,Delayed,99,3956,325,317,456.0,144552,97.53846153846156,Winter
FL02838,2025-08-18,AL002,AC003,AP029,AP002,2025-08-18 14:00:00,2025-08-18 14:04:00,4.0,Technical,Delayed,410,3091,396,331,440.0,145640,83.58585858585859,Summer
FL02839,2024-01-11,AL005,AC023,AP012,AP015,2024-01-11 18:00:00,2024-01-11 18:10:00,10.0,Crew,Delayed,468,6047,180,158,302.0,47716,87.77777777777777,Winter
FL02840,2023-05-23,AL002,AC025,AP023,AP015,2023-05-23 18:45:00,2023-05-23 18:49:00,4.0,Security,Delayed,678,7069,296,271,470.0,127370,91.55405405405406,Spring
FL02841,2025-06-18,AL007,AC034,AP021,AP019,2025-06-18 19:15:00,2025-06-18 19:30:00,15.0,Air Traffic,Delayed,510,6546,300,222,480.0,106560,74.0,Summer
FL02842,2024-08-10,AL006,AC013,AP001,AP002,2024-08-10 22:00:00,2024-08-10 22:01:00,1.0,Late Aircraft,Delayed,170,2836,325,246,491.0,120786,75.6923076923077,Summer
FL02843,2024-04-14,AL003,AC010,AP014,AP028,2024-04-14 06:00:00,2024-04-14 06:10:00,10.0,Crew,Delayed,356,489,396,261,98.0,25578,65.9090909090909,Spring
FL02844,2025-03-01,AL003,AC012,AP012,AP020,2025-03-01 15:15:00,2025-03-01 15:30:00,15.0,Air Traffic,Delayed,335,1116,189,170,220.0,37400,89.94708994708994,Spring
FL02845,2024-08-13,AL003,AC010,AP030,AP020,2024-08-13 22:45:00,2024-08-13 22:48:00,3.0,Technical,Delayed,232,2326,396,296,95.0,28120,74.74747474747475,Summer
FL02846,2025-01-14,AL008,AC027,AP028,AP013,2025-01-14 10:30:00,2025-01-14 10:34:00,4.0,Weather,Delayed,211,5901,325,240,192.0,46080,73.84615384615385,Winter
FL02847,2025-08-15,AL001,AC030,AP019,AP024,2025-08-15 14:00:00,2025-08-15 14:01:00,1.0,Air Traffic,Delayed,560,8088,325,187,597.0,111639,57.53846153846154,Summer
FL02848,2025-08-15,AL004,AC015,AP025,AP017,2025-08-15 09:30:00,2025-08-15 10:18:00,48.0,Air Traffic,Delayed,339,5783,396,291,632.0,183912,73.48484848484848,Summer
FL02849,2023-09-08,AL009,AC010,AP030,AP021,2023-09-08 20:15:00,2023-09-08 20:25:00,10.0,Technical,Delayed,509,7426,396,285,516.0,147060,71.96969696969697,Autumn
FL02850,2023-04-25,AL002,AC026,AP023,AP013,2023-04-25 05:30:00,2023-04-25 07:43:00,133.0,Security,Severely Delayed,353,8039,189,163,622.0,101386,86.24338624338624,Spring
FL02851,2025-09-13,AL010,AC030,AP021,AP018,2025-09-13 16:15:00,2025-09-13 16:15:00,0.0,No Delay,On Time,335,5047,325,265,198.0,52470,81.53846153846153,Autumn
FL02852,2023-06-03,AL010,AC034,AP017,AP024,2023-06-03 15:45:00,2023-06-03 17:12:00,87.0,Weather,Delayed,436,5842,300,242,590.0,142780,80.66666666666666,Summer
FL02853,2023-06-28,AL001,AC015,AP013,AP027,2023-06-28 08:30:00,2023-06-28 08:45:00,15.0,Air Traffic,Delayed,220,934,396,353,433.0,152849,89.14141414141415,Summer
FL02854,2025-02-10,AL001,AC001,AP020,AP008,2025-02-10 13:00:00,2025-02-10 13:12:00,12.0,Technical,Delayed,54,3635,325,257,622.0,159854,79.07692307692308,Winter
FL02855,2025-12-03,AL005,AC013,AP007,AP006,2025-12-03 19:15:00,2025-12-03 19:24:00,9.0,Crew,Delayed,153,1771,325,248,643.0,159464,76.3076923076923,Winter
FL02856,2025-08-14,AL001,AC023,AP014,AP030,2025-08-14 06:15:00,2025-08-14 06:20:00,5.0,Late Aircraft,Delayed,73,1801,180,99,304.0,30096,55.00000000000001,Summer
FL02857,2025-12-14,AL010,AC026,AP025,AP008,2025-12-14 12:45:00,2025-12-14 12:46:00,1.0,Air Traffic,Delayed,364,4588,189,168,424.0,71232,88.88888888888889,Winter
FL02858,2023-05-04,AL008,AC009,AP015,AP007,2023-05-04 08:30:00,2023-05-04 09:42:00,72.0,Air Traffic,Delayed,638,2523,296,210,456.0,95760,70.94594594594594,Spring
FL02859,2025-04-09,AL006,AC020,AP012,AP030,2025-04-09 17:15:00,2025-04-09 17:17:00,2.0,Air Traffic,Delayed,232,7090,396,392,444.0,174048,98.989898989899,Spring
FL02860,2024-03-08,AL009,AC032,AP016,AP007,2024-03-08 12:00:00,2024-03-08 12:46:00,46.0,Weather,Delayed,709,8490,396,377,197.0,74269,95.2020202020202,Spring
FL02861,2025-01-15,AL010,AC036,AP010,AP021,2025-01-15 08:00:00,2025-01-15 08:10:00,10.0,Air Traffic,Delayed,133,6902,180,131,571.0,74801,72.77777777777777,Winter
FL02862,2024-02-04,AL008,AC034,AP009,AP027,2024-02-04 14:15:00,2024-02-04 14:30:00,15.0,Late Aircraft,Delayed,510,7485,300,150,585.0,87750,50.0,Winter
FL02863,2025-02-20,AL003,AC022,AP022,AP029,2025-02-20 14:00:00,2025-02-20 14:05:00,5.0,Weather,Delayed,437,5549,300,216,133.0,28728,72.0,Winter
FL02864,2024-04-07,AL008,AC022,AP022,AP013,2024-04-07 07:30:00,2024-04-07 07:35:00,5.0,Air Traffic,Delayed,663,2074,300,199,568.0,113032,66.33333333333333,Spring
FL02865,2025-08-15,AL006,AC023,AP027,AP022,2025-08-15 14:45:00,2025-08-15 15:53:00,68.0,Weather,Delayed,95,5831,180,109,233.0,25397,60.55555555555555,Summer
FL02866,2023-04-10,AL009,AC016,AP015,AP007,2023-04-10 06:00:00,2023-04-10 06:17:00,17.0,Late Aircraft,Delayed,296,2620,189,117,540.0,63180,61.90476190476191,Spring
FL02867,2024-09-01,AL005,AC028,AP018,AP022,2024-09-01 12:15:00,2024-09-01 13:13:00,58.0,Security,Delayed,422,4478,296,279,196.0,54684,94.25675675675676,Autumn
FL02868,2023-12-14,AL003,AC018,AP005,AP013,2023-12-14 18:45:00,2023-12-14 19:00:00,15.0,Late Aircraft,Delayed,703,3356,189,131,208.0,27248,69.31216931216932,Winter
FL02869,2025-05-02,AL002,AC011,AP018,AP017,2025-05-02 05:00:00,2025-05-02 05:04:00,4.0,Crew,Delayed,523,4174,300,269,355.0,95495,89.66666666666666,Spring
FL02870,2024-08-05,AL007,AC021,AP015,AP007,2024-08-05 11:15:00,2024-08-05 11:18:00,3.0,Security,Delayed,579,6340,325,309,276.0,85284,95.07692307692308,Summer
FL02871,2024-11-30,AL004,AC011,AP016,AP023,2024-11-30 16:45:00,2024-11-30 16:59:00,14.0,Air Traffic,Delayed,346,6108,300,185,183.0,33855,61.66666666666667,Autumn
FL02872,2023-06-27,AL003,AC014,AP016,AP009,2023-06-27 05:45:00,2023-06-27 05:52:00,7.0,Air Traffic,Delayed,331,8238,325,282,260.0,73320,86.76923076923076,Summer
FL02873,2025-11-28,AL005,AC004,AP012,AP011,2025-11-28 18:45:00,2025-11-28 19:00:00,15.0,Security,Delayed,482,3310,180,163,627.0,102201,90.55555555555556,Autumn
FL02874,2023-04-05,AL002,AC038,AP001,AP009,2023-04-05 07:15:00,2023-04-05 07:24:00,9.0,Technical,Delayed,380,5509,189,118,272.0,32096,62.43386243386243,Spring
FL02875,2025-02-22,AL002,AC031,AP006,AP024,2025-02-22 18:30:00,2025-02-22 18:36:00,6.0,Technical,Delayed,132,2453,300,204,305.0,62220,68.0,Winter
FL02876,2025-04-04,AL008,AC025,AP027,AP021,2025-04-04 22:15:00,2025-04-04 22:30:00,15.0,Technical,Delayed,289,7891,296,196,352.0,68992,66.21621621621621,Spring
FL02877,2025-03-09,AL009,AC039,AP005,AP001,2025-03-09 06:30:00,2025-03-09 07:25:00,55.0,Security,Delayed,660,1512,300,196,469.0,91924,65.33333333333333,Spring
FL02878,2024-12-08,AL006,AC020,AP010,AP004,2024-12-08 17:15:00,2024-12-08 17:23:00,8.0,Late Aircraft,Delayed,440,4359,396,378,411.0,155358,95.45454545454544,Winter
FL02879,2024-08-10,AL002,AC037,AP004,AP001,2024-08-10 08:45:00,2024-08-10 08:45:00,0.0,No Delay,On Time,229,2001,220,145,441.0,63945,65.9090909090909,Summer
FL02880,2023-06-21,AL001,AC025,AP003,AP014,2023-06-21 14:00:00,2023-06-21 14:00:00,0.0,No Delay,On Time,399,3845,296,191,139.0,26549,64.52702702702703,Summer
FL02881,2025-12-04,AL003,AC027,AP020,AP012,2025-12-04 17:15:00,2025-12-04 17:16:00,1.0,Technical,Delayed,343,1810,325,220,281.0,61820,67.6923076923077,Winter
FL02882,2025-08-05,AL003,AC009,AP005,AP016,2025-08-05 20:30:00,2025-08-05 20:33:00,3.0,Security,Delayed,538,5396,296,157,221.0,34697,53.04054054054054,Summer
FL02883,2023-04-05,AL006,AC023,AP027,AP028,2023-04-05 13:45:00,2023-04-05 13:46:00,1.0,Air Traffic,Delayed,254,460,180,162,243.0,39366,90.0,Spring
FL02884,2023-03-06,AL008,AC026,AP028,AP019,2023-03-06 13:00:00,2023-03-06 13:03:00,3.0,Security,Delayed,288,2844,189,158,527.0,83266,83.5978835978836,Spring
FL02885,2025-12-13,AL006,AC036,AP028,AP026,2025-12-13 15:00:00,2025-12-13 15:09:00,9.0,Technical,Delayed,341,6669,180,149,303.0,45147,82.77777777777777,Winter
FL02886,2025-01-10,AL008,AC003,AP004,AP012,2025-01-10 16:45:00,2025-01-10 16:57:00,12.0,Security,Delayed,366,6604,396,283,592.0,167536,71.46464646464646,Winter
FL02887,2023-06-29,AL002,AC035,AP005,AP020,2023-06-29 10:30:00,2023-06-29 11:03:00,33.0,Air Traffic,Delayed,655,3727,189,108,199.0,21492,57.14285714285714,Summer
FL02888,2024-07-08,AL006,AC028,AP012,AP026,2024-07-08 20:30:00,2024-07-08 20:32:00,2.0,Technical,Delayed,212,5954,296,210,496.0,104160,70.94594594594594,Summer
FL02889,2023-09-03,AL010,AC021,AP003,AP017,2023-09-03 08:45:00,2023-09-03 10:26:00,101.0,Weather,Delayed,202,2384,325,213,364.0,77532,65.53846153846153,Autumn
FL02890,2024-05-15,AL004,AC015,AP006,AP014,2024-05-15 09:45:00,2024-05-15 09:56:00,11.0,Weather,Delayed,399,2564,396,290,430.0,124700,73.23232323232324,Spring
FL02891,2025-05-14,AL006,AC037,AP008,AP012,2025-05-14 13:00:00,2025-05-14 13:13:00,13.0,Crew,Delayed,640,5879,220,151,313.0,47263,68.63636363636364,Spring
FL02892,2025-12-17,AL004,AC017,AP016,AP006,2025-12-17 22:30:00,2025-12-17 22:36:00,6.0,Crew,Delayed,287,7850,296,224,293.0,65632,75.67567567567568,Winter
FL02893,2024-02-04,AL005,AC019,AP029,AP011,2024-02-04 11:45:00,2024-02-04 11:56:00,11.0,Technical,Delayed,278,7365,296,225,482.0,108450,76.01351351351352,Winter
FL02894,2023-11-24,AL010,AC009,AP011,AP016,2023-11-24 18:15:00,2023-11-24 18:16:00,1.0,Weather,Delayed,588,4322,296,215,452.0,97180,72.63513513513513,Autumn
FL02895,2025-12-23,AL010,AC035,AP027,AP012,2025-12-23 12:45:00,2025-12-23 12:56:00,11.0,Crew,Delayed,478,803,189,119,646.0,76874,62.96296296296296,Winter
FL02896,2023-05-08,AL001,AC023,AP026,AP027,2023-05-08 08:45:00,2023-05-08 08:59:00,14.0,Security,Delayed,263,3043,180,136,236.0,32096,75.55555555555556,Spring
FL02897,2025-06-30,AL006,AC033,AP012,AP008,2025-06-30 06:45:00,2025-06-30 06:54:00,9.0,Technical,Delayed,426,871,220,163,490.0,79870,74.0909090909091,Summer
FL02898,2023-10-20,AL002,AC012,AP011,AP021,2023-10-20 17:15:00,2023-10-20 17:29:00,14.0,Technical,Delayed,121,8227,189,151,216.0,32616,79.8941798941799,Autumn
FL02899,2024-03-29,AL006,AC007,AP015,AP011,2024-03-29 12:15:00,2024-03-29 15:11:00,176.0,Technical,Severely Delayed,374,7441,300,200,516.0,103200,66.66666666666666,Spring
FL02900,2023-01-24,AL006,AC016,AP026,AP004,2023-01-24 14:30:00,2023-01-24 14:38:00,8.0,Technical,Delayed,256,656,189,121,562.0,68002,64.02116402116403,Winter
FL02901,2025-02-11,AL007,AC003,AP016,AP007,2025-02-11 05:45:00,2025-02-11 05:56:00,11.0,Late Aircraft,Delayed,481,4105,396,304,583.0,177232,76.76767676767676,Winter
FL02902,2025-09-16,AL010,AC036,AP025,AP010,2025-09-16 08:00:00,2025-09-16 08:11:00,11.0,Technical,Delayed,315,6766,180,128,428.0,54784,71.11111111111111,Autumn
FL02903,2025-03-19,AL009,AC030,AP017,AP011,2025-03-19 09:30:00,2025-03-19 09:37:00,7.0,Technical,Delayed,60,1157,325,278,312.0,86736,85.53846153846155,Spring
FL02904,2023-08-30,AL006,AC011,AP009,AP019,2023-08-30 10:00:00,2023-08-30 10:00:00,0.0,No Delay,On Time,520,4848,300,261,487.0,127107,87.0,Summer
FL02905,2023-09-27,AL006,AC031,AP007,AP006,2023-09-27 07:30:00,2023-09-27 07:30:00,0.0,No Delay,On Time,67,909,300,230,355.0,81650,76.66666666666667,Autumn
FL02906,2023-10-22,AL003,AC037,AP018,AP014,2023-10-22 17:00:00,2023-10-22 17:11:00,11.0,Weather,Delayed,580,3166,220,201,353.0,70953,91.36363636363636,Autumn
FL02907,2025-12-16,AL007,AC003,AP004,AP016,2025-12-16 06:15:00,2025-12-16 08:35:00,140.0,Late Aircraft,Severely Delayed,521,1109,396,283,453.0,128199,71.46464646464646,Winter
FL02908,2025-04-28,AL001,AC017,AP005,AP001,2025-04-28 17:15:00,2025-04-28 17:26:00,11.0,Late Aircraft,Delayed,102,3389,296,210,298.0,62580,70.94594594594594,Spring
FL02909,2024-05-25,AL009,AC031,AP011,AP001,2024-05-25 18:45:00,2024-05-25 18:56:00,11.0,Technical,Delayed,578,615,300,262,518.0,135716,87.33333333333333,Spring
FL02910,2025-01-30,AL003,AC010,AP024,AP005,2025-01-30 10:15:00,2025-01-30 12:12:00,117.0,Late Aircraft,Delayed,134,7495,396,349,335.0,116915,88.13131313131312,Winter
FL02911,2024-05-02,AL009,AC028,AP009,AP027,2024-05-02 05:30:00,2024-05-02 05:31:00,1.0,Security,Delayed,324,4546,296,236,575.0,135700,79.72972972972973,Spring
FL02912,2023-10-15,AL001,AC014,AP019,AP026,2023-10-15 11:30:00,2023-10-15 11:40:00,10.0,Crew,Delayed,298,5768,325,229,204.0,46716,70.46153846153847,Autumn
FL02913,2024-08-17,AL008,AC029,AP012,AP022,2024-08-17 07:30:00,2024-08-17 08:36:00,66.0,Weather,Delayed,691,7024,220,184,446.0,82064,83.63636363636363,Summer
FL02914,2025-09-07,AL001,AC031,AP006,AP025,2025-09-07 15:00:00,2025-09-07 15:00:00,0.0,No Delay,On Time,497,2577,300,240,605.0,145200,80.0,Autumn
FL02915,2025-03-07,AL010,AC017,AP008,AP015,2025-03-07 05:00:00,2025-03-07 05:00:00,0.0,No Delay,On Time,623,2576,296,206,121.0,24926,69.5945945945946,Spring
FL02916,2025-06-15,AL006,AC033,AP024,AP030,2025-06-15 07:45:00,2025-06-15 07:51:00,6.0,Technical,Delayed,362,4550,220,167,304.0,50768,75.9090909090909,Summer
FL02917,2025-06-02,AL009,AC024,AP005,AP027,2025-06-02 20:15:00,2025-06-02 21:32:00,77.0,Weather,Delayed,51,1403,296,227,253.0,57431,76.6891891891892,Summer
FL02918,2024-12-29,AL006,AC022,AP028,AP008,2024-12-29 08:45:00,2024-12-29 08:46:00,1.0,Security,Delayed,353,8345,300,225,405.0,91125,75.0,Winter
FL02919,2025-09-14,AL004,AC023,AP026,AP019,2025-09-14 13:00:00,2025-09-14 13:14:00,14.0,Weather,Delayed,321,3127,180,98,295.0,28910,54.44444444444444,Autumn
FL02920,2023-11-02,AL010,AC019,AP019,AP011,2023-11-02 13:00:00,2023-11-02 13:11:00,11.0,Late Aircraft,Delayed,490,1664,296,179,288.0,51552,60.47297297297297,Autumn
FL02921,2023-10-09,AL004,AC027,AP012,AP008,2023-10-09 20:30:00,2023-10-09 20:52:00,22.0,Weather,Delayed,357,3352,325,259,602.0,155918,79.6923076923077,Autumn
FL02922,2024-04-29,AL002,AC005,AP005,AP018,2024-04-29 14:00:00,2024-04-29 14:07:00,7.0,Air Traffic,Delayed,371,314,325,217,244.0,52948,66.76923076923077,Spring
FL02923,2025-01-26,AL008,AC025,AP028,AP019,2025-01-26 05:00:00,2025-01-26 05:15:00,15.0,Security,Delayed,626,6121,296,159,274.0,43566,53.71621621621622,Winter
FL02924,2025-08-05,AL002,AC034,AP021,AP011,2025-08-05 13:45:00,2025-08-05 13:52:00,7.0,Weather,Delayed,576,3782,300,194,298.0,57812,64.66666666666666,Summer
FL02925,2023-09-01,AL002,AC023,AP002,AP005,2023-09-01 05:00:00,2023-09-01 05:02:00,2.0,Weather,Cancelled,505,1863,180,0,508.0,0,0.0,Autumn
FL02926,2024-04-17,AL008,AC025,AP015,AP005,2024-04-17 07:30:00,2024-04-17 07:36:00,6.0,Crew,Delayed,148,7069,296,218,492.0,107256,73.64864864864865,Spring
FL02927,2023-07-16,AL002,AC026,AP003,AP024,2023-07-16 16:30:00,2023-07-16 16:35:00,5.0,Technical,Delayed,245,6521,189,132,608.0,80256,69.84126984126983,Summer
FL02928,2024-02-18,AL004,AC018,AP023,AP009,2024-02-18 21:15:00,2024-02-18 21:17:00,2.0,Late Aircraft,Delayed,653,865,189,149,496.0,73904,78.83597883597884,Winter
FL02929,2025-05-10,AL002,AC033,AP023,AP005,2025-05-10 15:00:00,2025-05-10 15:01:00,1.0,Security,Delayed,67,6072,220,153,397.0,60741,69.54545454545455,Spring
FL02930,2024-10-16,AL008,AC025,AP012,AP028,2024-10-16 12:15:00,2024-10-16 12:20:00,5.0,Air Traffic,Delayed,626,8163,296,208,99.0,20592,70.27027027027027,Autumn
FL02931,2024-07-26,AL003,AC016,AP030,AP021,2024-07-26 16:30:00,2024-07-26 16:38:00,8.0,Security,Delayed,279,1695,189,165,346.0,57090,87.3015873015873,Summer
FL02932,2023-06-03,AL006,AC028,AP016,AP011,2023-06-03 07:45:00,2023-06-03 07:52:00,7.0,Technical,Delayed,479,6874,296,245,195.0,47775,82.77027027027027,Summer
FL02933,2024-11-04,AL002,AC020,AP015,AP020,2024-11-04 20:30:00,2024-11-04 22:49:00,139.0,Technical,Severely Delayed,312,1116,396,366,610.0,223260,92.42424242424242,Autumn
FL02934,2024-12-29,AL002,AC040,AP005,AP019,2024-12-29 11:45:00,2024-12-29 11:47:00,2.0,Technical,Delayed,372,2737,220,167,523.0,87341,75.9090909090909,Winter
FL02935,2024-03-24,AL008,AC027,AP003,AP018,2024-03-24 17:00:00,2024-03-24 17:05:00,5.0,Technical,Delayed,279,3055,325,293,522.0,152946,90.15384615384616,Spring
FL02936,2023-05-08,AL002,AC031,AP016,AP029,2023-05-08 10:45:00,2023-05-08 12:16:00,91.0,Late Aircraft,Delayed,430,8497,300,269,126.0,33894,89.66666666666666,Spring
FL02937,2023-10-15,AL010,AC023,AP004,AP029,2023-10-15 15:15:00,2023-10-15 15:20:00,5.0,Late Aircraft,Delayed,216,7756,180,124,614.0,76136,68.88888888888889,Autumn
FL02938,2025-05-09,AL001,AC039,AP029,AP003,2025-05-09 07:15:00,2025-05-09 07:30:00,15.0,Crew,Delayed,55,7021,300,255,411.0,104805,85.0,Spring
FL02939,2025-08-06,AL007,AC009,AP001,AP019,2025-08-06 12:45:00,2025-08-06 12:48:00,3.0,Crew,Delayed,610,4152,296,247,548.0,135356,83.44594594594594,Summer
FL02940,2023-01-06,AL009,AC007,AP023,AP004,2023-01-06 09:15:00,2023-01-06 09:22:00,7.0,Weather,Delayed,378,7567,300,197,362.0,107956,65.66666666666666,Winter
FL02941,2025-05-10,AL008,AC017,AP014,AP007,2025-05-10 13:00:00,2025-05-10 13:09:00,9.0,Crew,Delayed,319,4837,296,151,459.0,69309,51.01351351351351,Spring
FL02942,2024-12-17,AL006,AC019,AP027,AP021,2024-12-17 11:00:00,2024-12-17 11:13:00,13.0,Late Aircraft,Delayed,457,6308,296,282,312.0,87984,95.27027027027027,Winter
FL02943,2024-03-03,AL010,AC005,AP030,AP012,2024-03-03 12:15:00,2024-03-03 12:21:00,6.0,Security,Delayed,602,7267,325,203,353.0,71659,62.46153846153846,Spring
FL02944,2025-05-23,AL005,AC038,AP003,AP013,2025-05-23 13:00:00,2025-05-23 13:05:00,5.0,Security,Delayed,465,7902,189,98,515.0,50470,51.85185185185185,Spring
FL02945,2024-12-10,AL004,AC019,AP012,AP029,2024-12-10 05:00:00,2024-12-10 05:53:00,53.0,Security,Delayed,341,3214,296,190,477.0,90630,64.1891891891892,Winter
FL02946,2025-06-28,AL003,AC014,AP024,AP020,2025-06-28 09:30:00,2025-06-28 09:40:00,10.0,Weather,Delayed,223,1061,325,284,536.0,152224,87.38461538461539,Summer
FL02947,2024-06-17,AL003,AC002,AP006,AP023,2024-06-17 16:45:00,2024-06-17 16:46:00,1.0,Air Traffic,Delayed,540,8043,300,234,162.0,37908,78.0,Summer
FL02948,2024-07-07,AL005,AC006,AP011,AP025,2024-07-07 22:45:00,2024-07-07 22:56:00,11.0,Air Traffic,Delayed,363,6484,300,263,366.0,96258,87.66666666666667,Summer
FL02949,2025-05-09,AL008,AC021,AP008,AP027,2025-05-09 08:45:00,2025-05-09 08:45:00,0.0,No Delay,On Time,681,1786,325,236,326.0,76936,72.61538461538461,Spring
FL02950,2023-12-07,AL008,AC013,AP013,AP026,2023-12-07 21:45:00,2023-12-07 21:55:00,10.0,Air Traffic,Delayed,481,1535,325,203,260.0,52780,62.46153846153846,Winter
FL02951,2025-08-28,AL001,AC019,AP004,AP011,2025-08-28 09:15:00,2025-08-28 10:24:00,69.0,Weather,Delayed,503,4038,296,265,303.0,80295,89.52702702702703,Summer
FL02952,2023-05-01,AL010,AC034,AP026,AP007,2023-05-01 18:00:00,2023-05-01 18:15:00,15.0,Late Aircraft,Delayed,91,2333,300,221,492.0,108732,73.66666666666667,Spring
FL02953,2023-07-31,AL007,AC012,AP018,AP012,2023-07-31 10:15:00,2023-07-31 10:28:00,13.0,Air Traffic,Delayed,433,6360,189,122,352.0,42944,64.55026455026454,Summer
FL02954,2025-04-14,AL004,AC008,AP008,AP026,2025-04-14 15:30:00,2025-04-14 15:34:00,4.0,Air Traffic,Delayed,475,2001,300,198,510.0,100980,66.0,Spring
FL02955,2024-05-20,AL005,AC021,AP002,AP003,2024-05-20 20:15:00,2024-05-20 20:25:00,10.0,Crew,Delayed,468,4280,325,240,448.0,107520,73.84615384615385,Spring
FL02956,2023-04-04,AL004,AC019,AP017,AP003,2023-04-04 18:15:00,2023-04-04 18:21:00,6.0,Late Aircraft,Delayed,476,1525,296,250,84.0,21000,84.45945945945947,Spring
FL02957,2024-04-24,AL003,AC020,AP005,AP011,2024-04-24 15:45:00,2024-04-24 16:52:00,67.0,Crew,Delayed,568,4035,396,223,498.0,111054,56.31313131313132,Spring
FL02958,2024-09-27,AL005,AC009,AP013,AP001,2024-09-27 13:15:00,2024-09-27 13:27:00,12.0,Air Traffic,Delayed,477,6647,296,262,361.0,94582,88.51351351351352,Autumn
FL02959,2024-01-31,AL001,AC003,AP013,AP024,2024-01-31 06:15:00,2024-01-31 06:23:00,8.0,Air Traffic,Delayed,343,4645,396,392,209.0,81928,98.989898989899,Winter
FL02960,2025-05-28,AL010,AC001,AP019,AP029,2025-05-28 15:15:00,2025-05-28 15:36:00,21.0,Crew,Delayed,113,1845,325,242,320.0,77440,74.46153846153845,Spring
FL02961,2023-11-02,AL007,AC028,AP017,AP026,2023-11-02 19:45:00,2023-11-02 19:58:00,13.0,Crew,Delayed,69,6940,296,276,145.0,40020,93.24324324324324,Autumn
FL02962,2023-04-04,AL002,AC020,AP014,AP028,2023-04-04 06:30:00,2023-04-04 06:36:00,6.0,Weather,Delayed,289,2889,396,326,504.0,164304,82.32323232323232,Spring
FL02963,2024-09-22,AL008,AC032,AP020,AP009,2024-09-22 14:30:00,2024-09-22 14:36:00,6.0,Weather,Delayed,575,2188,396,278,427.0,118706,70.2020202020202,Autumn
FL02964,2023-02-16,AL004,AC025,AP021,AP008,2023-02-16 20:15:00,2023-02-16 20:22:00,7.0,Late Aircraft,Delayed,181,8200,296,220,241.0,53020,74.32432432432432,Winter
FL02965,2024-02-06,AL009,AC028,AP020,AP021,2024-02-06 12:00:00,2024-02-06 12:57:00,57.0,Late Aircraft,Delayed,136,7951,296,229,502.0,114958,77.36486486486487,Winter
FL02966,2025-11-01,AL002,AC014,AP007,AP012,2025-11-01 12:15:00,2025-11-01 12:18:00,3.0,Technical,Delayed,247,6479,325,321,118.0,37878,98.76923076923076,Autumn
FL02967,2025-03-11,AL009,AC004,AP019,AP021,2025-03-11 13:15:00,2025-03-11 13:30:00,15.0,Air Traffic,Delayed,605,5110,180,143,98.0,14014,79.44444444444444,Spring
FL02968,2024-07-19,AL003,AC026,AP008,AP020,2024-07-19 07:00:00,2024-07-19 07:10:00,10.0,Technical,Delayed,208,8056,189,136,507.0,68952,71.95767195767195,Summer
FL02969,2024-05-29,AL006,AC039,AP017,AP001,2024-05-29 08:30:00,2024-05-29 08:40:00,10.0,Security,Delayed,627,1428,300,209,247.0,51623,69.66666666666667,Spring
FL02970,2025-04-10,AL006,AC037,AP021,AP004,2025-04-10 22:30:00,2025-04-10 22:45:00,15.0,Crew,Delayed,685,6993,220,169,380.0,64220,76.81818181818181,Spring
FL02971,2024-07-09,AL009,AC033,AP009,AP026,2024-07-09 13:15:00,2024-07-09 13:28:00,13.0,Weather,Delayed,176,1035,220,152,350.0,53200,69.0909090909091,Summer
FL02972,2024-09-28,AL008,AC010,AP001,AP025,2024-09-28 20:00:00,2024-09-28 20:00:00,0.0,No Delay,On Time,532,4466,396,335,187.0,62645,84.59595959595958,Autumn
FL02973,2025-10-16,AL004,AC028,AP018,AP021,2025-10-16 15:30:00,2025-10-16 15:39:00,9.0,Air Traffic,Delayed,493,3598,296,217,97.0,21049,73.3108108108108,Autumn
FL02974,2024-08-08,AL008,AC038,AP008,AP006,2024-08-08 09:45:00,2024-08-08 09:50:00,5.0,Technical,Delayed,314,4878,189,122,421.0,51362,64.55026455026454,Summer
FL02975,2025-12-22,AL006,AC009,AP017,AP008,2025-12-22 12:15:00,2025-12-22 12:23:00,8.0,Crew,Delayed,250,6428,296,276,215.0,59340,93.24324324324324,Winter
FL02976,2024-01-09,AL007,AC008,AP012,AP025,2024-01-09 17:15:00,2024-01-09 17:15:00,0.0,No Delay,On Time,403,2415,300,206,169.0,34814,68.66666666666667,Winter
FL02977,2025-11-29,AL005,AC015,AP003,AP015,2025-11-29 10:00:00,2025-11-29 10:10:00,10.0,Security,Delayed,372,8028,396,290,317.0,91930,73.23232323232324,Autumn
FL02978,2024-10-18,AL008,AC019,AP012,AP021,2024-10-18 18:30:00,2024-10-18 19:28:00,58.0,Air Traffic,Delayed,403,4246,296,216,309.0,66744,72.97297297297297,Autumn
FL02979,2025-10-02,AL010,AC032,AP007,AP028,2025-10-02 21:15:00,2025-10-02 23:42:00,147.0,Weather,Severely Delayed,705,8197,396,263,275.0,72325,66.41414141414141,Autumn
FL02980,2025-10-19,AL003,AC007,AP027,AP007,2025-10-19 12:15:00,2025-10-19 12:15:00,0.0,No Delay,On Time,107,2706,300,211,580.0,122380,70.33333333333334,Autumn
FL02981,2024-12-28,AL004,AC024,AP013,AP008,2024-12-28 22:45:00,2024-12-28 22:45:00,0.0,No Delay,On Time,93,4955,296,246,479.0,117834,83.1081081081081,Winter
FL02982,2023-04-04,AL004,AC030,AP012,AP017,2023-04-04 10:00:00,2023-04-04 10:00:00,0.0,No Delay,On Time,91,8393,325,228,135.0,30780,70.15384615384616,Spring
FL02983,2023-01-01,AL008,AC009,AP018,AP014,2023-01-01 14:45:00,2023-01-01 17:26:00,161.0,Weather,Severely Delayed,627,6064,296,181,560.0,101360,61.14864864864865,Winter
FL02984,2024-04-06,AL002,AC016,AP019,AP006,2024-04-06 10:30:00,2024-04-06 10:37:00,7.0,Technical,Delayed,396,8406,189,141,574.0,80934,74.60317460317461,Spring
FL02985,2025-10-10,AL003,AC014,AP001,AP018,2025-10-10 21:30:00,2025-10-10 21:41:00,11.0,Crew,Delayed,293,6379,325,200,333.0,66600,61.53846153846154,Autumn
FL02986,2023-06-30,AL009,AC002,AP012,AP021,2023-06-30 13:15:00,2023-06-30 13:21:00,6.0,Weather,Delayed,344,4755,300,244,500.0,122000,81.33333333333333,Summer
FL02987,2025-04-22,AL006,AC026,AP029,AP005,2025-04-22 11:15:00,2025-04-22 11:15:00,0.0,No Delay,On Time,379,3804,189,123,606.0,74538,65.07936507936508,Spring
FL02988,2023-01-17,AL005,AC003,AP008,AP009,2023-01-17 21:00:00,2023-01-17 21:01:00,1.0,Technical,Delayed,249,5519,396,322,348.0,112056,81.31313131313132,Winter
FL02989,2024-12-21,AL006,AC032,AP011,AP002,2024-12-21 20:15:00,2024-12-21 21:19:00,64.0,Weather,Delayed,168,3017,396,284,89.0,25276,71.71717171717171,Winter
FL02990,2023-08-29,AL010,AC015,AP026,AP030,2023-08-29 16:30:00,2023-08-29 17:39:00,69.0,Technical,Delayed,428,2548,396,313,171.0,53523,79.04040404040404,Summer
FL02991,2025-10-03,AL004,AC020,AP010,AP016,2025-10-03 10:00:00,2025-10-03 10:03:00,3.0,Air Traffic,Delayed,551,6773,396,340,230.0,78200,85.85858585858585,Autumn
FL02992,2024-11-29,AL005,AC014,AP007,AP029,2024-11-29 08:15:00,2024-11-29 08:26:00,11.0,Late Aircraft,Delayed,540,2784,325,271,362.0,33062,83.38461538461537,Autumn
FL02993,2024-09-24,AL007,AC037,AP021,AP020,2024-09-24 18:00:00,2024-09-24 18:03:00,3.0,Late Aircraft,Delayed,546,3879,220,153,645.0,98685,69.54545454545455,Autumn
FL02994,2025-11-28,AL010,AC021,AP010,AP006,2025-11-28 09:45:00,2025-11-28 09:54:00,9.0,Crew,Delayed,687,1577,325,256,587.0,150272,78.76923076923077,Autumn
FL02995,2024-09-20,AL001,AC011,AP004,AP009,2024-09-20 05:45:00,2024-09-20 05:56:00,11.0,Air Traffic,Delayed,588,526,300,242,562.0,136004,80.66666666666666,Autumn
FL02996,2025-01-12,AL009,AC031,AP021,AP013,2025-01-12 11:15:00,2025-01-12 11:26:00,11.0,Weather,Delayed,314,3063,300,200,120.0,24000,66.66666666666666,Winter
FL02997,2024-02-25,AL008,AC023,AP004,AP013,2024-02-25 13:30:00,2024-02-25 13:34:00,4.0,Late Aircraft,Delayed,453,4516,180,118,448.0,52864,65.55555555555556,Winter
FL02998,2025-05-13,AL010,AC024,AP013,AP008,2025-05-13 06:15:00,2025-05-13 06:24:00,9.0,Crew,Delayed,354,3522,296,261,574.0,149814,88.17567567567568,Spring
FL02999,2025-03-11,AL008,AC038,AP025,AP024,2025-03-11 13:30:00,2025-03-11 13:38:00,8.0,Weather,Delayed,636,1270,189,187,412.0,77044,98.94179894179894,Spring
FL03000,2024-09-29,AL005,AC005,AP012,AP014,2024-09-29 07:30:00,2024-09-29 07:35:00,5.0,Crew,Delayed,414,5733,325,233,219.0,51027,71.6923076923077,Autumn
FL03001,2024-03-23,AL002,AC029,AP026,AP004,2024-03-23 13:15:00,2024-03-23 14:45:00,90.0,Late Aircraft,Delayed,466,8367,220,138,235.0,32430,62.727272727272734,Spring
FL03002,2023-10-14,AL004,AC019,AP030,AP018,2023-10-14 18:00:00,2023-10-14 18:03:00,3.0,Crew,Delayed,572,2677,296,266,144.0,38304,89.86486486486487,Autumn
FL03003,2024-02-07,AL002,AC014,AP016,AP004,2024-02-07 07:15:00,2024-02-07 07:22:00,7.0,Technical,Delayed,491,1029,325,225,241.0,54225,69.23076923076923,Winter
FL03004,2025-04-07,AL009,AC007,AP018,AP025,2025-04-07 16:00:00,2025-04-07 16:02:00,2.0,Weather,Delayed,541,3822,300,221,646.0,142766,73.66666666666667,Spring
FL03005,2023-03-04,AL006,AC036,AP030,AP007,2023-03-04 21:00:00,2023-03-04 21:14:00,14.0,Security,Delayed,551,863,180,144,213.0,30672,80.0,Spring
FL03006,2025-08-05,AL004,AC008,AP025,AP009,2025-08-05 15:15:00,2025-08-05 15:26:00,11.0,Security,Delayed,664,4801,300,169,268.0,45292,56.333333333333336,Summer
FL03007,2024-04-12,AL001,AC039,AP028,AP030,2024-04-12 07:00:00,2024-04-12 07:06:00,6.0,Weather,Delayed,397,7294,300,297,385.0,114345,99.0,Spring
FL03008,2023-11-18,AL004,AC038,AP024,AP005,2023-11-18 22:15:00,2023-11-18 22:27:00,12.0,Weather,Delayed,410,7861,189,123,472.0,58056,65.07936507936508,Autumn
FL03009,2024-02-09,AL002,AC038,AP028,AP019,2024-02-09 11:15:00,2024-02-09 11:18:00,3.0,Security,Delayed,75,8324,189,111,428.0,47508,58.730158730158735,Winter
FL03010,2024-04-20,AL004,AC011,AP022,AP003,2024-04-20 16:15:00,2024-04-20 17:30:00,75.0,Air Traffic,Delayed,414,4529,300,221,181.0,40001,73.66666666666667,Spring
FL03011,2025-12-04,AL005,AC035,AP012,AP029,2025-12-04 08:15:00,2025-12-04 08:24:00,9.0,Crew,Delayed,439,5451,189,153,80.0,12240,80.95238095238095,Winter
FL03012,2024-05-25,AL010,AC038,AP007,AP009,2024-05-25 10:00:00,2024-05-25 10:48:00,48.0,Late Aircraft,Delayed,250,915,189,143,494.0,70642,75.66137566137566,Spring
FL03013,2025-05-24,AL002,AC038,AP027,AP007,2025-05-24 19:30:00,2025-05-24 19:34:00,4.0,Technical,Delayed,76,6493,189,130,562.0,73060,68.78306878306879,Spring
FL03014,2025-06-24,AL002,AC014,AP023,AP011,2025-06-24 08:00:00,2025-06-24 10:46:00,166.0,Security,Severely Delayed,565,1633,325,211,330.0,69630,64.92307692307693,Summer
FL03015,2024-04-17,AL005,AC037,AP014,AP023,2024-04-17 17:00:00,2024-04-17 17:14:00,14.0,Late Aircraft,Delayed,431,6828,220,123,608.0,74784,55.90909090909091,Spring
FL03016,2024-10-18,AL003,AC019,AP015,AP030,2024-10-18 05:15:00,2024-10-18 05:25:00,10.0,Late Aircraft,Delayed,242,6793,296,215,89.0,19135,72.63513513513513,Autumn
FL03017,2023-08-05,AL005,AC038,AP027,AP010,2023-08-05 16:45:00,2023-08-05 16:52:00,7.0,Weather,Delayed,146,5746,189,153,124.0,18972,80.95238095238095,Summer
FL03018,2024-03-03,AL010,AC040,AP028,AP023,2024-03-03 06:45:00,2024-03-03 07:00:00,15.0,Unknown,Delayed,346,5737,220,93,362.0,17484,42.27272727272727,Spring
FL03019,2025-11-09,AL004,AC008,AP019,AP021,2025-11-09 11:45:00,2025-11-09 12:00:00,15.0,Crew,Delayed,675,3847,300,227,613.0,139151,75.66666666666667,Autumn
FL03020,2024-04-12,AL001,AC010,AP003,AP021,2024-04-12 18:45:00,2024-04-12 19:00:00,15.0,Air Traffic,Delayed,164,359,396,299,642.0,191958,75.5050505050505,Spring
FL03021,2023-10-08,AL004,AC007,AP016,AP029,2023-10-08 17:45:00,2023-10-08 17:45:00,0.0,No Delay,On Time,234,1487,300,210,289.0,60690,70.0,Autumn
FL03022,2023-01-24,AL010,AC012,AP021,AP007,2023-01-24 09:15:00,2023-01-24 09:25:00,10.0,Weather,Delayed,682,2461,189,112,569.0,63728,59.25925925925925,Winter
FL03023,2023-03-07,AL006,AC015,AP003,AP028,2023-03-07 09:45:00,2023-03-07 09:50:00,5.0,Technical,Delayed,164,999,396,326,387.0,126162,82.32323232323232,Spring
FL03024,2025-04-11,AL007,AC007,AP010,AP015,2025-04-11 14:15:00,2025-04-11 14:30:00,15.0,Security,Delayed,454,563,300,208,431.0,89648,69.33333333333334,Spring
FL03025,2025-01-07,AL008,AC003,AP004,AP007,2025-01-07 06:30:00,2025-01-07 06:55:00,25.0,Technical,Delayed,559,2825,396,325,210.0,68250,82.07070707070707,Winter
FL03026,2025-10-25,AL010,AC005,AP013,AP026,2025-10-25 18:15:00,2025-10-25 18:25:00,10.0,Crew,Delayed,185,6042,325,284,633.0,179772,87.38461538461539,Autumn
FL03027,2023-11-07,AL008,AC026,AP029,AP001,2023-11-07 06:30:00,2023-11-07 06:45:00,15.0,Technical,Delayed,341,1926,189,99,641.0,63459,52.38095238095239,Autumn
FL03028,2025-02-08,AL001,AC022,AP004,AP009,2025-02-08 06:30:00,2025-02-08 06:41:00,11.0,Weather,Delayed,371,1234,300,203,86.0,17458,67.66666666666666,Winter
FL03029,2023-11-17,AL006,AC029,AP021,AP008,2023-11-17 22:15:00,2023-11-18 00:24:00,129.0,Weather,Severely Delayed,284,2606,220,158,390.0,61620,71.81818181818181,Autumn
FL03030,2023-11-05,AL003,AC007,AP025,AP023,2023-11-05 06:30:00,2023-11-05 06:31:00,1.0,Crew,Delayed,409,5420,300,266,376.0,100016,88.66666666666667,Autumn
FL03031,2025-04-26,AL006,AC019,AP001,AP015,2025-04-26 11:00:00,2025-04-26 11:15:00,15.0,Unknown,Delayed,691,7740,296,248,126.0,31248,83.78378378378379,Spring
FL03032,2024-10-24,AL006,AC039,AP013,AP019,2024-10-24 08:30:00,2024-10-24 08:32:00,2.0,Security,Delayed,467,5791,300,213,436.0,92868,71.0,Autumn
FL03033,2024-08-03,AL003,AC040,AP016,AP014,2024-08-03 14:00:00,2024-08-03 14:15:00,15.0,Technical,Delayed,677,546,220,165,433.0,71445,75.0,Summer
FL03034,2024-11-24,AL001,AC015,AP009,AP029,2024-11-24 11:30:00,2024-11-24 11:42:00,12.0,Technical,Delayed,488,7184,396,302,450.0,135900,76.26262626262627,Autumn
FL03035,2024-01-22,AL005,AC033,AP008,AP021,2024-01-22 17:15:00,2024-01-22 18:34:00,79.0,Technical,Delayed,608,1348,220,217,619.0,134323,98.63636363636364,Winter
FL03036,2024-08-24,AL007,AC032,AP008,AP003,2024-08-24 21:00:00,2024-08-24 21:12:00,12.0,Weather,Delayed,315,1557,396,298,601.0,179098,75.25252525252525,Summer
FL03037,2024-10-21,AL002,AC001,AP024,AP021,2024-10-21 14:00:00,2024-10-21 14:03:00,3.0,Crew,Delayed,672,1053,325,258,72.0,18576,79.38461538461539,Autumn
FL03038,2025-06-22,AL008,AC016,AP005,AP026,2025-06-22 13:15:00,2025-06-22 13:27:00,12.0,Weather,Delayed,687,1167,189,150,187.0,28050,79.36507936507937,Summer
FL03039,2023-06-11,AL001,AC035,AP019,AP015,2023-06-11 12:45:00,2023-06-11 12:49:00,4.0,Late Aircraft,Delayed,269,6982,189,177,333.0,58941,93.65079365079364,Summer
FL03040,2023-09-18,AL006,AC034,AP002,AP021,2023-09-18 16:00:00,2023-09-18 16:14:00,14.0,Security,Delayed,280,2893,300,231,396.0,91476,77.0,Autumn
FL03041,2024-11-17,AL004,AC005,AP017,AP025,2024-11-17 21:45:00,2024-11-17 21:59:00,14.0,Late Aircraft,Delayed,431,337,325,172,137.0,23564,52.92307692307693,Autumn
FL03042,2024-01-11,AL009,AC040,AP022,AP003,2024-01-11 09:45:00,2024-01-11 09:50:00,5.0,Technical,Delayed,636,3720,220,176,485.0,85360,80.0,Winter
FL03043,2025-12-03,AL010,AC020,AP020,AP023,2025-12-03 18:45:00,2025-12-03 18:49:00,4.0,Late Aircraft,Delayed,430,4961,396,330,440.0,145200,83.33333333333334,Winter
FL03044,2024-05-06,AL001,AC037,AP011,AP019,2024-05-06 07:45:00,2024-05-06 07:54:00,9.0,Security,Delayed,320,4848,220,144,321.0,46224,65.45454545454545,Spring
FL03045,2024-06-28,AL005,AC040,AP017,AP013,2024-06-28 09:15:00,2024-06-28 09:21:00,6.0,Weather,Delayed,628,4881,220,132,205.0,27060,60.0,Summer
FL03046,2024-11-29,AL008,AC038,AP002,AP014,2024-11-29 11:15:00,2024-11-29 11:29:00,14.0,Security,Delayed,572,1505,189,93,407.0,37851,49.2063492063492,Autumn
FL03047,2024-10-31,AL001,AC005,AP026,AP002,2024-10-31 19:45:00,2024-10-31 19:56:00,11.0,Crew,Delayed,98,6514,325,230,584.0,134320,70.76923076923077,Autumn
FL03048,2024-09-16,AL006,AC024,AP028,AP004,2024-09-16 07:00:00,2024-09-16 08:48:00,108.0,Weather,Delayed,101,6722,296,271,81.0,21951,91.55405405405406,Autumn
FL03049,2025-10-16,AL007,AC009,AP006,AP017,2025-10-16 20:30:00,2025-10-16 20:32:00,2.0,Crew,Delayed,130,6202,296,235,548.0,128780,79.3918918918919,Autumn
FL03050,2024-05-11,AL003,AC010,AP004,AP030,2024-05-11 17:00:00,2024-05-11 17:14:00,14.0,Late Aircraft,Delayed,245,4340,396,392,540.0,211680,98.989898989899,Spring
FL03051,2025-01-25,AL009,AC020,AP017,AP010,2025-01-25 05:45:00,2025-01-25 06:16:00,31.0,Crew,Delayed,240,6659,396,375,639.0,239625,94.6969696969697,Winter
FL03052,2023-02-06,AL003,AC013,AP008,AP013,2023-02-06 09:15:00,2023-02-06 09:17:00,2.0,Air Traffic,Delayed,115,994,325,179,528.0,94512,55.07692307692308,Winter
FL03053,2023-07-09,AL008,AC022,AP015,AP011,2023-07-09 13:45:00,2023-07-09 16:27:00,162.0,Crew,Severely Delayed,616,2998,300,275,565.0,155375,91.66666666666666,Summer
FL03054,2024-05-12,AL006,AC008,AP021,AP009,2024-05-12 06:45:00,2024-05-12 06:48:00,3.0,Technical,Delayed,143,6198,300,277,406.0,112462,92.33333333333331,Spring
FL03055,2024-06-20,AL005,AC008,AP015,AP025,2024-06-20 10:45:00,2024-06-20 10:59:00,14.0,Technical,Delayed,434,7644,300,202,637.0,128674,67.33333333333333,Summer
FL03056,2023-05-30,AL010,AC022,AP015,AP011,2023-05-30 18:45:00,2023-05-30 19:03:00,18.0,Late Aircraft,Delayed,515,6889,300,197,99.0,19503,65.66666666666666,Spring
FL03057,2023-04-04,AL001,AC024,AP022,AP001,2023-04-04 15:45:00,2023-04-04 15:53:00,8.0,Weather,Delayed,636,3314,296,216,625.0,135000,72.97297297297297,Spring
FL03058,2023-03-22,AL001,AC002,AP003,AP016,2023-03-22 05:00:00,2023-03-22 06:04:00,64.0,Technical,Delayed,281,1320,300,179,200.0,35800,59.66666666666667,Spring
FL03059,2023-11-26,AL001,AC040,AP021,AP016,2023-11-26 11:45:00,2023-11-26 14:27:00,162.0,Security,Severely Delayed,349,774,220,179,315.0,56385,81.36363636363636,Autumn
FL03060,2025-11-11,AL010,AC035,AP001,AP028,2025-11-11 08:15:00,2025-11-11 09:44:00,89.0,Weather,Delayed,527,1068,189,115,147.0,16905,60.84656084656085,Autumn
FL03061,2023-06-18,AL004,AC024,AP017,AP023,2023-06-18 16:30:00,2023-06-18 16:35:00,5.0,Crew,Delayed,203,5644,296,247,515.0,127205,83.44594594594594,Summer
FL03062,2023-01-05,AL009,AC039,AP013,AP028,2023-01-05 11:45:00,2023-01-05 11:57:00,12.0,Weather,Delayed,589,4551,300,245,377.0,92365,81.66666666666667,Winter
FL03063,2023-01-23,AL010,AC037,AP023,AP005,2023-01-23 05:00:00,2023-01-23 05:08:00,8.0,Security,Delayed,165,1468,220,132,513.0,67716,60.0,Winter
FL03064,2025-03-21,AL007,AC031,AP006,AP008,2025-03-21 05:00:00,2025-03-21 05:11:00,11.0,Crew,Delayed,473,1445,300,237,160.0,37920,79.0,Spring
FL03065,2025-06-14,AL005,AC011,AP016,AP002,2025-06-14 21:45:00,2025-06-14 21:52:00,7.0,Late Aircraft,Delayed,330,3354,300,253,216.0,54648,84.33333333333334,Summer
FL03066,2025-12-25,AL005,AC025,AP022,AP030,2025-12-25 14:30:00,2025-12-25 14:38:00,8.0,Technical,Delayed,96,3530,296,212,508.0,107696,71.62162162162163,Winter
FL03067,2024-03-14,AL008,AC019,AP025,AP030,2024-03-14 07:30:00,2024-03-14 08:46:00,76.0,Weather,Delayed,584,450,296,174,149.0,25926,58.78378378378378,Spring
FL03068,2025-03-18,AL001,AC020,AP012,AP022,2025-03-18 16:15:00,2025-03-18 16:26:00,11.0,Crew,Delayed,572,7340,396,320,97.0,31040,80.8080808080808,Spring
FL03069,2025-12-15,AL001,AC014,AP016,AP001,2025-12-15 15:15:00,2025-12-15 15:18:00,3.0,Late Aircraft,Delayed,624,5919,325,132,266.0,35112,40.61538461538461,Winter
FL03070,2024-06-03,AL007,AC011,AP001,AP004,2024-06-03 09:00:00,2024-06-03 09:06:00,6.0,Crew,Delayed,155,2264,300,208,322.0,66976,69.33333333333334,Summer
FL03071,2025-09-02,AL008,AC037,AP007,AP020,2025-09-02 16:45:00,2025-09-02 16:58:00,13.0,Late Aircraft,Delayed,86,6854,220,176,394.0,69344,80.0,Autumn
FL03072,2023-05-11,AL002,AC040,AP026,AP012,2023-05-11 22:15:00,2023-05-11 22:28:00,13.0,Weather,Delayed,597,5281,220,138,614.0,84732,62.727272727272734,Spring
FL03073,2025-11-17,AL002,AC005,AP014,AP001,2025-11-17 08:30:00,2025-11-17 08:31:00,1.0,Security,Delayed,672,7119,325,215,212.0,45580,66.15384615384615,Autumn
FL03074,2024-01-03,AL007,AC039,AP010,AP009,2024-01-03 14:30:00,2024-01-03 14:41:00,11.0,Crew,Delayed,562,508,300,228,490.0,111720,76.0,Winter
FL03075,2025-07-10,AL002,AC035,AP028,AP006,2025-07-10 22:30:00,2025-07-11 01:26:00,176.0,Weather,Severely Delayed,53,4976,189,137,533.0,73021,72.4867724867725,Summer
FL03076,2025-09-07,AL005,AC028,AP018,AP002,2025-09-07 09:30:00,2025-09-07 09:44:00,14.0,Weather,Cancelled,129,8140,296,0,90.0,0,0.0,Autumn
FL03077,2025-11-10,AL008,AC007,AP021,AP016,2025-11-10 05:30:00,2025-11-10 06:01:00,31.0,Late Aircraft,Delayed,264,1086,300,209,155.0,32395,69.66666666666667,Autumn
FL03078,2025-01-20,AL004,AC015,AP014,AP002,2025-01-20 14:00:00,2025-01-20 14:09:00,9.0,Late Aircraft,Delayed,271,3709,396,334,156.0,52104,84.34343434343434,Winter
FL03079,2023-04-16,AL010,AC027,AP024,AP015,2023-04-16 07:00:00,2023-04-16 07:10:00,10.0,Late Aircraft,Delayed,659,6811,325,214,85.0,18190,65.84615384615384,Spring
FL03080,2023-02-22,AL002,AC011,AP003,AP018,2023-02-22 11:15:00,2023-02-22 11:21:00,6.0,Late Aircraft,Delayed,643,2104,300,249,139.0,34611,83.0,Winter
FL03081,2025-05-06,AL002,AC001,AP012,AP013,2025-05-06 13:15:00,2025-05-06 15:10:00,115.0,Late Aircraft,Delayed,152,8269,325,227,251.0,56977,69.84615384615384,Spring
FL03082,2024-02-04,AL010,AC019,AP014,AP020,2024-02-04 14:00:00,2024-02-04 14:13:00,13.0,Crew,Delayed,662,7071,296,211,238.0,50218,71.28378378378379,Winter
FL03083,2025-12-31,AL005,AC040,AP019,AP005,2025-12-31 08:45:00,2025-12-31 08:52:00,7.0,Air Traffic,Delayed,95,5705,220,211,127.0,26797,95.9090909090909,Winter
FL03084,2025-08-11,AL008,AC035,AP015,AP008,2025-08-11 16:15:00,2025-08-11 16:27:00,12.0,Weather,Delayed,627,6200,189,120,132.0,15840,63.49206349206349,Summer
FL03085,2025-02-11,AL004,AC017,AP012,AP009,2025-02-11 12:15:00,2025-02-11 13:57:00,102.0,Air Traffic,Delayed,608,1378,296,223,418.0,93214,75.33783783783784,Winter
FL03086,2023-08-04,AL007,AC014,AP012,AP014,2023-08-04 19:30:00,2023-08-04 19:37:00,7.0,Weather,Delayed,681,6333,325,222,235.0,52170,68.3076923076923,Summer
FL03087,2023-07-01,AL007,AC016,AP016,AP001,2023-07-01 15:15:00,2023-07-01 15:36:00,21.0,Technical,Delayed,686,5028,189,150,575.0,86250,79.36507936507937,Summer
FL03088,2025-07-23,AL005,AC029,AP006,AP014,2025-07-23 12:00:00,2025-07-23 12:14:00,14.0,Crew,Delayed,660,6239,220,105,309.0,32445,47.72727272727273,Summer
FL03089,2023-03-28,AL007,AC026,AP006,AP019,2023-03-28 11:15:00,2023-03-28 11:58:00,43.0,Air Traffic,Delayed,608,4811,189,162,92.0,14904,85.71428571428571,Spring
FL03090,2024-11-14,AL004,AC016,AP002,AP008,2024-11-14 07:45:00,2024-11-14 07:56:00,11.0,Technical,Delayed,234,6736,189,151,380.0,57380,79.8941798941799,Autumn
FL03091,2025-03-19,AL006,AC013,AP019,AP001,2025-03-19 08:00:00,2025-03-19 10:54:00,174.0,Crew,Severely Delayed,684,1390,325,259,577.0,149443,79.6923076923077,Spring
FL03092,2023-07-16,AL003,AC040,AP024,AP030,2023-07-16 11:00:00,2023-07-16 13:51:00,171.0,Security,Severely Delayed,357,1651,220,133,196.0,26068,60.45454545454545,Summer
FL03093,2025-10-29,AL006,AC035,AP008,AP020,2025-10-29 08:15:00,2025-10-29 08:18:00,3.0,Crew,Delayed,436,8063,189,136,456.0,62016,71.95767195767195,Autumn
FL03094,2025-09-26,AL003,AC039,AP018,AP029,2025-09-26 10:15:00,2025-09-26 10:17:00,2.0,Late Aircraft,Delayed,498,4968,300,178,409.0,72802,59.333333333333336,Autumn
FL03095,2023-03-02,AL009,AC028,AP007,AP006,2023-03-02 09:15:00,2023-03-02 09:22:00,7.0,Security,Delayed,465,6388,296,234,249.0,58266,79.05405405405406,Spring
FL03096,2024-06-20,AL004,AC034,AP003,AP012,2024-06-20 07:30:00,2024-06-20 09:10:00,100.0,Late Aircraft,Delayed,603,6276,300,198,425.0,84150,66.0,Summer
FL03097,2025-03-05,AL002,AC014,AP012,AP010,2025-03-05 17:45:00,2025-03-05 17:56:00,11.0,Unknown,Delayed,278,5111,325,302,648.0,195696,92.92307692307692,Spring
FL03098,2024-06-04,AL005,AC019,AP004,AP008,2024-06-04 12:30:00,2024-06-04 12:38:00,8.0,Weather,Delayed,587,3622,296,228,539.0,122892,77.02702702702703,Summer
FL03099,2024-09-11,AL010,AC039,AP029,AP011,2024-09-11 09:15:00,2024-09-11 09:29:00,14.0,Crew,Delayed,492,7084,300,193,147.0,28371,64.33333333333333,Autumn
FL03100,2024-11-08,AL002,AC040,AP011,AP020,2024-11-08 22:15:00,2024-11-08 22:26:00,11.0,Weather,Delayed,538,6439,220,200,228.0,45600,90.9090909090909,Autumn
FL03101,2024-11-15,AL002,AC023,AP018,AP011,2024-11-15 18:30:00,2024-11-15 20:38:00,128.0,Air Traffic,Severely Delayed,147,3255,180,172,560.0,96320,95.55555555555556,Autumn
FL03102,2024-04-14,AL004,AC024,AP001,AP016,2024-04-14 17:15:00,2024-04-14 17:23:00,8.0,Technical,Delayed,163,1359,296,247,236.0,58292,83.44594594594594,Spring
FL03103,2025-12-07,AL003,AC024,AP005,AP008,2025-12-07 17:00:00,2025-12-07 18:21:00,81.0,Air Traffic,Delayed,336,1104,296,173,129.0,22317,58.44594594594594,Winter
FL03104,2024-02-14,AL010,AC011,AP020,AP003,2024-02-14 16:00:00,2024-02-14 16:09:00,9.0,Technical,Delayed,298,1667,300,239,210.0,50190,79.66666666666666,Winter
FL03105,2023-04-01,AL001,AC019,AP019,AP003,2023-04-01 22:30:00,2023-04-01 22:32:00,2.0,Security,Delayed,458,3023,296,242,321.0,77682,81.75675675675676,Spring
FL03106,2023-04-07,AL001,AC021,AP021,AP013,2023-04-07 06:00:00,2023-04-07 06:01:00,1.0,Technical,Delayed,256,2313,325,258,236.0,60888,79.38461538461539,Spring
FL03107,2025-06-20,AL008,AC007,AP011,AP017,2025-06-20 14:15:00,2025-06-20 14:35:00,20.0,Late Aircraft,Delayed,572,6762,300,219,617.0,135123,73.0,Summer
FL03108,2023-08-19,AL001,AC015,AP025,AP023,2023-08-19 20:00:00,2023-08-19 20:07:00,7.0,Security,Delayed,192,2631,396,343,441.0,151263,86.61616161616162,Summer
FL03109,2025-08-06,AL008,AC007,AP001,AP027,2025-08-06 18:45:00,2025-08-06 18:58:00,13.0,Crew,Delayed,414,1289,300,253,232.0,58696,84.33333333333334,Summer
FL03110,2024-10-14,AL002,AC015,AP007,AP002,2024-10-14 12:00:00,2024-10-14 12:13:00,13.0,Air Traffic,Delayed,475,4572,396,292,281.0,82052,73.73737373737373,Autumn
FL03111,2023-10-25,AL005,AC036,AP015,AP006,2023-10-25 07:00:00,2023-10-25 07:11:00,11.0,Crew,Delayed,560,8227,180,109,383.0,41747,60.55555555555555,Autumn
FL03112,2024-03-29,AL007,AC037,AP027,AP011,2024-03-29 15:45:00,2024-03-29 15:48:00,3.0,Weather,Delayed,584,6309,220,201,225.0,45225,91.36363636363636,Spring
FL03113,2023-10-11,AL009,AC003,AP022,AP011,2023-10-11 22:00:00,2023-10-11 22:13:00,13.0,Technical,Delayed,165,3217,396,334,492.0,164328,84.34343434343434,Autumn
FL03114,2023-05-31,AL007,AC015,AP008,AP015,2023-05-31 13:15:00,2023-05-31 13:27:00,12.0,Technical,Delayed,166,5359,396,282,413.0,116466,71.21212121212122,Spring
FL03115,2023-01-23,AL002,AC012,AP018,AP027,2023-01-23 10:15:00,2023-01-23 10:18:00,3.0,Technical,Delayed,636,4357,189,132,443.0,58476,69.84126984126983,Winter
FL03116,2023-06-28,AL002,AC030,AP010,AP014,2023-06-28 10:00:00,2023-06-28 11:31:00,91.0,Technical,Delayed,68,2826,325,232,513.0,119016,71.38461538461539,Summer
FL03117,2023-09-08,AL008,AC040,AP003,AP022,2023-09-08 07:00:00,2023-09-08 09:36:00,156.0,Air Traffic,Severely Delayed,352,3089,220,135,95.0,12825,61.36363636363637,Autumn
FL03118,2025-06-28,AL005,AC019,AP017,AP016,2025-06-28 07:30:00,2025-06-28 07:37:00,7.0,Weather,Delayed,105,6989,296,239,461.0,110179,80.74324324324324,Summer
FL03119,2025-12-07,AL001,AC001,AP024,AP029,2025-12-07 17:15:00,2025-12-07 17:30:00,15.0,Security,Delayed,229,2311,325,235,450.0,105750,72.3076923076923,Winter
FL03120,2023-02-09,AL003,AC026,AP005,AP008,2023-02-09 18:45:00,2023-02-09 18:47:00,2.0,Air Traffic,Delayed,692,7774,189,137,514.0,70418,72.4867724867725,Winter
FL03121,2023-11-05,AL009,AC007,AP004,AP029,2023-11-05 16:45:00,2023-11-05 16:56:00,11.0,Technical,Delayed,380,2279,300,278,603.0,167634,92.66666666666666,Autumn
FL03122,2025-12-04,AL005,AC024,AP008,AP019,2025-12-04 14:00:00,2025-12-04 14:10:00,10.0,Technical,Delayed,232,3260,296,232,486.0,112752,78.37837837837837,Winter
FL03123,2025-09-23,AL003,AC008,AP014,AP015,2025-09-23 18:45:00,2025-09-23 18:51:00,6.0,Late Aircraft,Delayed,345,6431,300,188,503.0,94564,62.66666666666667,Autumn
FL03124,2025-05-20,AL003,AC035,AP027,AP012,2025-05-20 17:00:00,2025-05-20 17:14:00,14.0,Weather,Delayed,158,5138,189,184,392.0,72128,97.35449735449735,Spring
FL03125,2023-03-04,AL001,AC013,AP013,AP017,2023-03-04 15:45:00,2023-03-04 15:51:00,6.0,Air Traffic,Delayed,404,1227,325,311,386.0,120046,95.6923076923077,Spring
FL03126,2025-01-29,AL010,AC019,AP003,AP016,2025-01-29 18:00:00,2025-01-29 18:14:00,14.0,Security,Delayed,311,903,296,223,502.0,111946,75.33783783783784,Winter
FL03127,2024-09-01,AL004,AC021,AP012,AP019,2024-09-01 09:30:00,2024-09-01 09:37:00,7.0,Late Aircraft,Delayed,456,5871,325,249,362.0,138195,76.61538461538461,Autumn
FL03128,2025-02-06,AL004,AC027,AP012,AP002,2025-02-06 16:45:00,2025-02-06 16:47:00,2.0,Late Aircraft,Delayed,589,5498,325,153,266.0,40698,47.07692307692308,Winter
FL03129,2023-11-21,AL006,AC010,AP003,AP010,2023-11-21 13:45:00,2023-11-21 13:50:00,5.0,Weather,Delayed,338,7024,396,281,556.0,156236,70.95959595959596,Autumn
FL03130,2025-01-02,AL007,AC013,AP008,AP010,2025-01-02 07:15:00,2025-01-02 07:29:00,14.0,Security,Delayed,608,5603,325,259,95.0,24605,79.6923076923077,Winter
FL03131,2024-06-20,AL010,AC007,AP001,AP029,2024-06-20 15:15:00,2024-06-20 15:16:00,1.0,Crew,Delayed,459,8470,300,215,97.0,20855,71.66666666666667,Summer
FL03132,2025-09-12,AL001,AC010,AP025,AP010,2025-09-12 19:45:00,2025-09-12 19:47:00,2.0,Weather,Delayed,364,2412,396,276,531.0,146556,69.6969696969697,Autumn
FL03133,2023-04-11,AL006,AC014,AP026,AP028,2023-04-11 06:00:00,2023-04-11 06:12:00,12.0,Security,Delayed,493,5086,325,229,404.0,92516,70.46153846153847,Spring
FL03134,2024-10-09,AL002,AC038,AP022,AP017,2024-10-09 21:30:00,2024-10-09 21:36:00,6.0,Air Traffic,Delayed,647,2288,189,161,510.0,82110,85.18518518518519,Autumn
FL03135,2024-02-28,AL006,AC036,AP011,AP007,2024-02-28 19:30:00,2024-02-28 19:30:00,0.0,No Delay,On Time,408,1154,180,145,483.0,70035,80.55555555555556,Winter
FL03136,2023-03-17,AL007,AC019,AP002,AP026,2023-03-17 15:00:00,2023-03-17 15:01:00,1.0,Security,Delayed,579,2032,296,205,139.0,28495,69.25675675675676,Spring
FL03137,2023-06-14,AL005,AC020,AP022,AP003,2023-06-14 15:30:00,2023-06-14 15:40:00,10.0,Technical,Delayed,163,3753,396,248,383.0,94984,62.62626262626263,Summer
FL03138,2023-01-21,AL008,AC037,AP013,AP003,2023-01-21 22:45:00,2023-01-21 22:54:00,9.0,Weather,Delayed,170,2040,220,158,536.0,84688,71.81818181818181,Winter
FL03139,2023-12-26,AL007,AC027,AP025,AP019,2023-12-26 13:00:00,2023-12-26 13:01:00,1.0,Crew,Delayed,297,2023,325,195,643.0,125385,60.0,Winter
FL03140,2024-09-21,AL010,AC020,AP024,AP004,2024-09-21 09:15:00,2024-09-21 09:17:00,2.0,Security,Delayed,153,3923,396,331,555.0,183705,83.58585858585859,Autumn
FL03141,2023-03-27,AL008,AC023,AP030,AP020,2023-03-27 22:30:00,2023-03-27 22:33:00,3.0,Late Aircraft,Delayed,398,2884,180,132,592.0,78144,73.33333333333333,Spring
FL03142,2023-04-05,AL001,AC009,AP004,AP017,2023-04-05 16:00:00,2023-04-05 18:52:00,172.0,Security,Severely Delayed,81,2007,296,262,496.0,129952,88.51351351351352,Spring
FL03143,2023-06-28,AL006,AC001,AP010,AP023,2023-06-28 19:30:00,2023-06-28 19:39:00,9.0,Late Aircraft,Delayed,229,6198,325,241,625.0,150625,74.15384615384616,Summer
FL03144,2023-09-30,AL007,AC009,AP001,AP013,2023-09-30 16:30:00,2023-09-30 16:42:00,12.0,Crew,Cancelled,695,3326,296,0,344.0,0,0.0,Autumn
FL03145,2025-01-01,AL004,AC032,AP018,AP014,2025-01-01 14:00:00,2025-01-01 14:00:00,0.0,No Delay,On Time,326,5622,396,381,354.0,134874,96.21212121212122,Winter
FL03146,2023-12-29,AL009,AC008,AP009,AP007,2023-12-29 11:15:00,2023-12-29 11:18:00,3.0,Crew,Delayed,272,2008,300,247,446.0,110162,82.33333333333334,Winter
FL03147,2025-12-08,AL010,AC016,AP012,AP013,2025-12-08 10:15:00,2025-12-08 11:39:00,84.0,Late Aircraft,Delayed,408,5768,189,142,529.0,75118,75.13227513227513,Winter
FL03148,2024-10-30,AL009,AC021,AP004,AP030,2024-10-30 16:15:00,2024-10-30 16:30:00,15.0,Crew,Delayed,374,3776,325,170,308.0,52360,52.30769230769232,Autumn
FL03149,2025-02-18,AL007,AC016,AP001,AP019,2025-02-18 19:45:00,2025-02-18 22:19:00,154.0,Security,Severely Delayed,105,7777,189,154,515.0,79310,81.48148148148148,Winter
FL03150,2025-12-30,AL005,AC017,AP026,AP019,2025-12-30 15:30:00,2025-12-30 15:40:00,10.0,Security,Delayed,273,1932,296,244,403.0,98332,82.43243243243244,Winter
FL03151,2025-11-08,AL005,AC020,AP018,AP006,2025-11-08 20:15:00,2025-11-08 20:21:00,6.0,Security,Delayed,167,3746,396,281,130.0,36530,70.95959595959596,Autumn
FL03152,2023-08-22,AL009,AC023,AP020,AP008,2023-08-22 11:30:00,2023-08-22 11:37:00,7.0,Air Traffic,Delayed,699,3203,180,130,515.0,66950,72.22222222222221,Summer
FL03153,2024-11-07,AL003,AC037,AP001,AP028,2024-11-07 12:15:00,2024-11-07 12:23:00,8.0,Security,Delayed,381,5181,220,166,124.0,20584,75.45454545454545,Autumn
FL03154,2025-05-18,AL006,AC025,AP006,AP021,2025-05-18 20:00:00,2025-05-18 20:15:00,15.0,Security,Delayed,321,1342,296,220,549.0,120780,74.32432432432432,Spring
FL03155,2023-06-27,AL010,AC034,AP005,AP012,2023-06-27 18:30:00,2023-06-27 18:37:00,7.0,Late Aircraft,Delayed,446,471,300,236,362.0,85432,78.66666666666666,Summer
FL03156,2023-02-22,AL006,AC040,AP019,AP017,2023-02-22 09:45:00,2023-02-22 09:58:00,13.0,Crew,Delayed,317,2334,220,202,222.0,44844,91.81818181818184,Winter
FL03157,2024-09-19,AL002,AC003,AP008,AP030,2024-09-19 20:00:00,2024-09-19 22:58:00,178.0,Security,Severely Delayed,619,8240,396,255,615.0,156825,64.39393939393939,Autumn
FL03158,2024-01-30,AL008,AC035,AP004,AP001,2024-01-30 06:15:00,2024-01-30 06:25:00,10.0,Late Aircraft,Cancelled,633,7204,189,0,527.0,0,0.0,Winter
FL03159,2025-05-15,AL003,AC021,AP008,AP020,2025-05-15 09:30:00,2025-05-15 09:44:00,14.0,Weather,Delayed,544,6309,325,321,387.0,124227,98.76923076923076,Spring
FL03160,2025-11-11,AL002,AC015,AP012,AP030,2025-11-11 06:00:00,2025-11-11 06:08:00,8.0,Technical,Delayed,86,7808,396,293,143.0,41899,73.98989898989899,Autumn
FL03161,2023-03-01,AL006,AC021,AP024,AP006,2023-03-01 14:00:00,2023-03-01 15:28:00,88.0,Security,Delayed,92,4232,325,253,194.0,49082,77.84615384615384,Spring
FL03162,2023-01-18,AL004,AC008,AP029,AP024,2023-01-18 07:45:00,2023-01-18 07:45:00,0.0,No Delay,On Time,311,5407,300,219,169.0,37011,73.0,Winter
FL03163,2025-09-19,AL005,AC002,AP001,AP005,2025-09-19 22:00:00,2025-09-19 22:01:00,1.0,Weather,Delayed,264,628,300,258,531.0,136998,86.0,Autumn
FL03164,2025-09-01,AL003,AC034,AP017,AP016,2025-09-01 07:30:00,2025-09-01 07:35:00,5.0,Air Traffic,Delayed,211,1122,300,237,221.0,52377,79.0,Autumn
FL03165,2025-06-10,AL006,AC002,AP001,AP028,2025-06-10 15:15:00,2025-06-10 15:24:00,9.0,Crew,Delayed,200,313,300,197,262.0,51614,65.66666666666666,Summer
FL03166,2024-06-10,AL005,AC026,AP001,AP017,2024-06-10 19:30:00,2024-06-10 20:45:00,75.0,Air Traffic,Delayed,579,4057,189,142,496.0,70432,75.13227513227513,Summer
FL03167,2024-10-19,AL007,AC024,AP026,AP010,2024-10-19 10:45:00,2024-10-19 10:57:00,12.0,Late Aircraft,Delayed,427,4419,296,237,518.0,122766,80.06756756756756,Autumn
FL03168,2025-06-04,AL008,AC039,AP001,AP027,2025-06-04 06:45:00,2025-06-04 06:55:00,10.0,Crew,Delayed,652,3067,300,221,413.0,91273,73.66666666666667,Summer
FL03169,2025-11-25,AL001,AC018,AP005,AP020,2025-11-25 17:15:00,2025-11-25 18:19:00,64.0,Technical,Delayed,597,3680,189,124,90.0,11160,65.60846560846561,Autumn
FL03170,2023-07-07,AL006,AC027,AP014,AP012,2023-07-07 22:00:00,2023-07-07 22:09:00,9.0,Technical,Delayed,626,2706,325,244,555.0,135420,75.07692307692308,Summer
FL03171,2023-10-03,AL010,AC030,AP030,AP007,2023-10-03 22:15:00,2023-10-03 22:20:00,5.0,Security,Delayed,601,6466,325,246,326.0,80196,75.6923076923077,Autumn
FL03172,2024-03-01,AL002,AC024,AP005,AP008,2024-03-01 06:15:00,2024-03-01 06:28:00,13.0,Security,Delayed,306,1078,296,218,184.0,40112,73.64864864864865,Spring
FL03173,2023-01-19,AL010,AC028,AP026,AP014,2023-01-19 15:30:00,2023-01-19 15:43:00,13.0,Technical,Delayed,94,452,296,182,460.0,83720,61.48648648648649,Winter
FL03174,2025-06-21,AL008,AC039,AP004,AP005,2025-06-21 09:15:00,2025-06-21 09:20:00,5.0,Weather,Delayed,428,7551,300,239,586.0,140054,79.66666666666666,Summer
FL03175,2023-11-28,AL005,AC019,AP026,AP029,2023-11-28 18:15:00,2023-11-28 18:25:00,10.0,Crew,Delayed,667,1270,296,244,316.0,77104,82.43243243243244,Autumn
FL03176,2023-09-08,AL004,AC029,AP012,AP017,2023-09-08 13:15:00,2023-09-08 13:15:00,0.0,No Delay,On Time,369,1827,220,151,621.0,93771,68.63636363636364,Autumn
FL03177,2024-05-08,AL005,AC010,AP025,AP027,2024-05-08 05:15:00,2024-05-08 05:24:00,9.0,Air Traffic,Delayed,511,5678,396,292,410.0,119720,73.73737373737373,Spring
FL03178,2024-01-02,AL010,AC032,AP003,AP027,2024-01-02 05:15:00,2024-01-02 07:53:00,158.0,Weather,Severely Delayed,543,3649,396,366,238.0,87108,92.42424242424242,Winter
FL03179,2025-07-15,AL008,AC018,AP025,AP026,2025-07-15 22:30:00,2025-07-15 22:33:00,3.0,Security,Delayed,321,731,189,161,390.0,62790,85.18518518518519,Summer
FL03180,2023-06-16,AL009,AC019,AP028,AP029,2023-06-16 06:45:00,2023-06-16 06:45:00,0.0,No Delay,On Time,282,8128,296,164,633.0,103812,55.4054054054054,Summer
FL03181,2025-10-17,AL005,AC010,AP017,AP015,2025-10-17 18:30:00,2025-10-17 18:42:00,12.0,Weather,Cancelled,698,1790,396,0,102.0,0,0.0,Autumn
FL03182,2024-04-27,AL010,AC038,AP018,AP026,2024-04-27 12:30:00,2024-04-27 15:18:00,168.0,Security,Severely Delayed,84,3379,189,172,188.0,32336,91.005291005291,Spring
FL03183,2023-01-13,AL008,AC005,AP010,AP001,2023-01-13 07:45:00,2023-01-13 07:58:00,13.0,Security,Delayed,188,8228,325,262,577.0,151174,80.61538461538461,Winter
FL03184,2025-03-27,AL009,AC002,AP023,AP021,2025-03-27 20:15:00,2025-03-27 20:16:00,1.0,Weather,Delayed,298,1087,300,251,134.0,33634,83.66666666666667,Spring
FL03185,2023-12-08,AL001,AC035,AP003,AP029,2023-12-08 13:00:00,2023-12-08 13:10:00,10.0,Crew,Delayed,520,2778,189,112,227.0,25424,59.25925925925925,Winter
FL03186,2024-09-07,AL010,AC037,AP007,AP022,2024-09-07 07:15:00,2024-09-07 07:19:00,4.0,Late Aircraft,Delayed,445,5414,220,155,561.0,86955,70.45454545454545,Autumn
FL03187,2024-03-29,AL003,AC027,AP025,AP015,2024-03-29 05:45:00,2024-03-29 05:59:00,14.0,Air Traffic,Delayed,512,7005,325,248,464.0,115072,76.3076923076923,Spring
FL03188,2024-05-07,AL008,AC034,AP025,AP011,2024-05-07 16:00:00,2024-05-07 16:07:00,7.0,Crew,Delayed,408,1145,300,209,102.0,21318,69.66666666666667,Spring
FL03189,2024-11-16,AL004,AC016,AP022,AP007,2024-11-16 14:30:00,2024-11-16 14:42:00,12.0,Air Traffic,Cancelled,563,4739,189,0,262.0,0,0.0,Autumn
FL03190,2025-11-10,AL009,AC011,AP026,AP003,2025-11-10 21:15:00,2025-11-10 22:51:00,96.0,Security,Delayed,242,3517,300,155,618.0,95790,51.66666666666667,Autumn
FL03191,2025-04-17,AL010,AC021,AP007,AP004,2025-04-17 10:15:00,2025-04-17 10:16:00,1.0,Crew,Delayed,214,6976,325,253,107.0,27071,77.84615384615384,Spring
FL03192,2024-11-13,AL003,AC003,AP014,AP022,2024-11-13 08:45:00,2024-11-13 09:00:00,15.0,Air Traffic,Delayed,683,6796,396,348,216.0,75168,87.87878787878788,Autumn
FL03193,2024-07-04,AL003,AC018,AP004,AP017,2024-07-04 12:45:00,2024-07-04 12:47:00,2.0,Technical,Delayed,112,3602,189,112,293.0,32816,59.25925925925925,Summer
FL03194,2023-05-28,AL007,AC004,AP028,AP023,2023-05-28 19:15:00,2023-05-28 19:21:00,6.0,Weather,Delayed,319,3470,180,135,216.0,29160,75.0,Spring
FL03195,2023-10-29,AL001,AC010,AP005,AP027,2023-10-29 12:15:00,2023-10-29 13:23:00,68.0,Air Traffic,Delayed,562,6606,396,213,203.0,43239,53.78787878787878,Autumn
FL03196,2023-03-02,AL001,AC035,AP021,AP016,2023-03-02 07:15:00,2023-03-02 07:21:00,6.0,Air Traffic,Delayed,321,3334,189,154,542.0,83468,81.48148148148148,Spring
FL03197,2024-11-22,AL009,AC005,AP004,AP019,2024-11-22 13:00:00,2024-11-22 13:01:00,1.0,Technical,Delayed,103,1266,325,286,77.0,22022,88.0,Autumn
FL03198,2023-02-16,AL009,AC023,AP007,AP020,2023-02-16 14:15:00,2023-02-16 14:28:00,13.0,Technical,Delayed,104,918,180,135,91.0,12285,75.0,Winter
FL03199,2023-04-13,AL007,AC023,AP017,AP021,2023-04-13 19:15:00,2023-04-13 21:14:00,119.0,Security,Delayed,338,4558,180,163,217.0,35371,90.55555555555556,Spring
FL03200,2025-06-20,AL007,AC029,AP021,AP006,2025-06-20 10:30:00,2025-06-20 13:25:00,175.0,Air Traffic,Severely Delayed,516,3763,220,169,597.0,100893,76.81818181818181,Summer
FL03201,2023-06-25,AL004,AC010,AP029,AP006,2023-06-25 08:45:00,2023-06-25 08:50:00,5.0,Air Traffic,Delayed,182,1585,396,254,632.0,160528,64.14141414141415,Summer
FL03202,2024-05-05,AL004,AC010,AP025,AP023,2024-05-05 21:30:00,2024-05-05 21:40:00,10.0,Late Aircraft,Delayed,355,2309,396,298,112.0,33376,75.25252525252525,Spring
FL03203,2025-08-19,AL010,AC020,AP016,AP005,2025-08-19 19:00:00,2025-08-19 19:11:00,11.0,Air Traffic,Delayed,414,1819,396,319,600.0,191400,80.55555555555556,Summer
FL03204,2023-07-23,AL009,AC030,AP021,AP024,2023-07-23 18:30:00,2023-07-23 18:35:00,5.0,Technical,Delayed,386,7756,325,248,630.0,156240,76.3076923076923,Summer
FL03205,2023-03-18,AL002,AC025,AP005,AP012,2023-03-18 06:15:00,2023-03-18 07:38:00,83.0,Crew,Delayed,318,6527,296,247,130.0,32110,83.44594594594594,Spring
FL03206,2025-12-14,AL005,AC019,AP018,AP005,2025-12-14 08:45:00,2025-12-14 08:46:00,1.0,Air Traffic,Delayed,108,3557,296,267,591.0,157797,90.2027027027027,Winter
FL03207,2023-10-20,AL007,AC010,AP019,AP005,2023-10-20 17:45:00,2023-10-20 17:47:00,2.0,Technical,Delayed,355,6911,396,392,299.0,117208,98.989898989899,Autumn
FL03208,2023-09-19,AL008,AC029,AP030,AP019,2023-09-19 11:00:00,2023-09-19 11:13:00,13.0,Security,Delayed,426,2347,220,139,600.0,83400,63.18181818181819,Autumn
FL03209,2025-05-29,AL004,AC036,AP028,AP005,2025-05-29 15:00:00,2025-05-29 17:07:00,127.0,Weather,Severely Delayed,626,3316,180,133,248.0,32984,73.88888888888889,Spring
FL03210,2023-11-01,AL003,AC025,AP017,AP005,2023-11-01 11:30:00,2023-11-01 11:43:00,13.0,Technical,Delayed,532,363,296,216,411.0,88776,72.97297297297297,Autumn
FL03211,2025-03-29,AL006,AC028,AP007,AP029,2025-03-29 08:00:00,2025-03-29 08:14:00,14.0,Late Aircraft,Delayed,195,5880,296,225,533.0,119925,76.01351351351352,Spring
FL03212,2024-04-23,AL005,AC036,AP011,AP014,2024-04-23 21:00:00,2024-04-23 21:09:00,9.0,Weather,Delayed,562,2577,180,85,133.0,11305,47.22222222222222,Spring
FL03213,2023-06-23,AL010,AC008,AP027,AP006,2023-06-23 16:15:00,2023-06-23 16:15:00,0.0,No Delay,On Time,224,7192,300,240,572.0,137280,80.0,Summer
FL03214,2024-07-05,AL009,AC013,AP010,AP030,2024-07-05 15:00:00,2024-07-05 15:15:00,15.0,Weather,Delayed,92,491,325,292,129.0,37668,89.84615384615384,Summer
FL03215,2023-10-02,AL007,AC017,AP028,AP027,2023-10-02 06:30:00,2023-10-02 06:43:00,13.0,Late Aircraft,Delayed,112,7300,296,205,285.0,58425,69.25675675675676,Autumn
FL03216,2023-02-09,AL006,AC033,AP009,AP017,2023-02-09 14:30:00,2023-02-09 16:27:00,117.0,Security,Delayed,405,728,220,174,581.0,101094,79.0909090909091,Winter
FL03217,2024-01-22,AL002,AC030,AP011,AP003,2024-01-22 22:45:00,2024-01-22 22:48:00,3.0,Weather,Delayed,455,8250,325,254,406.0,103124,78.15384615384615,Winter
FL03218,2023-11-15,AL002,AC025,AP014,AP028,2023-11-15 21:00:00,2023-11-15 21:09:00,9.0,Crew,Delayed,687,4538,296,236,202.0,47672,79.72972972972973,Autumn
FL03219,2023-08-18,AL002,AC040,AP026,AP021,2023-08-18 10:15:00,2023-08-18 10:16:00,1.0,Air Traffic,Delayed,422,4133,220,158,302.0,47716,71.81818181818181,Summer
FL03220,2023-12-21,AL008,AC014,AP026,AP007,2023-12-21 19:00:00,2023-12-21 19:06:00,6.0,Technical,Delayed,583,7338,325,186,586.0,108996,57.230769230769226,Winter
FL03221,2025-04-05,AL005,AC004,AP019,AP015,2025-04-05 17:30:00,2025-04-05 19:43:00,133.0,Weather,Severely Delayed,59,6515,180,101,400.0,40400,56.11111111111112,Spring
FL03222,2024-06-14,AL009,AC030,AP026,AP012,2024-06-14 05:45:00,2024-06-14 05:57:00,12.0,Weather,Delayed,296,4648,325,284,513.0,145692,87.38461538461539,Summer
FL03223,2024-04-12,AL004,AC018,AP027,AP003,2024-04-12 12:30:00,2024-04-12 12:46:00,16.0,Security,Delayed,556,5856,189,162,515.0,83430,85.71428571428571,Spring
FL03224,2023-07-06,AL007,AC019,AP008,AP027,2023-07-06 06:45:00,2023-07-06 06:49:00,4.0,Air Traffic,Delayed,408,6663,296,241,335.0,80735,81.41891891891892,Summer
FL03225,2025-07-25,AL007,AC005,AP011,AP016,2025-07-25 11:15:00,2025-07-25 11:27:00,12.0,Air Traffic,Delayed,434,6780,325,276,269.0,74244,84.92307692307692,Summer
FL03226,2023-02-26,AL001,AC027,AP023,AP008,2023-02-26 11:30:00,2023-02-26 11:34:00,4.0,Security,Delayed,278,655,325,196,462.0,90552,60.30769230769231,Winter
FL03227,2025-06-07,AL006,AC015,AP001,AP009,2025-06-07 10:30:00,2025-06-07 10:44:00,14.0,Late Aircraft,Delayed,244,3189,396,311,80.0,24880,78.53535353535354,Summer
FL03228,2025-07-31,AL006,AC022,AP001,AP007,2025-07-31 21:15:00,2025-07-31 21:17:00,2.0,Air Traffic,Delayed,613,8060,300,297,422.0,125334,99.0,Summer
FL03229,2024-05-27,AL003,AC008,AP030,AP006,2024-05-27 18:15:00,2024-05-27 20:34:00,139.0,Late Aircraft,Severely Delayed,166,6228,300,240,280.0,67200,80.0,Spring
FL03230,2024-08-02,AL004,AC010,AP008,AP010,2024-08-02 08:30:00,2024-08-02 10:36:00,126.0,Crew,Severely Delayed,340,7110,396,310,323.0,100130,78.28282828282829,Summer
FL03231,2024-07-10,AL006,AC024,AP004,AP013,2024-07-10 18:15:00,2024-07-10 18:20:00,5.0,Crew,Cancelled,497,2874,296,0,108.0,0,0.0,Summer
FL03232,2024-01-23,AL003,AC036,AP012,AP010,2024-01-23 12:30:00,2024-01-23 12:36:00,6.0,Security,Delayed,266,8081,180,133,493.0,65569,73.88888888888889,Winter
FL03233,2024-12-14,AL002,AC016,AP028,AP023,2024-12-14 08:15:00,2024-12-14 08:24:00,9.0,Air Traffic,Delayed,105,1694,189,124,258.0,31992,65.60846560846561,Winter
FL03234,2024-07-04,AL003,AC031,AP018,AP005,2024-07-04 10:00:00,2024-07-04 10:15:00,15.0,Security,Delayed,432,4195,300,230,376.0,86480,76.66666666666667,Summer
FL03235,2024-04-14,AL007,AC040,AP013,AP002,2024-04-14 15:30:00,2024-04-14 15:44:00,14.0,Crew,Delayed,129,2867,220,146,570.0,83220,66.36363636363637,Spring
FL03236,2025-05-11,AL003,AC020,AP015,AP006,2025-05-11 10:00:00,2025-05-11 10:11:00,11.0,Crew,Delayed,425,1924,396,272,282.0,76704,68.68686868686868,Spring
FL03237,2024-03-22,AL002,AC007,AP013,AP021,2024-03-22 19:30:00,2024-03-22 19:37:00,7.0,Weather,Delayed,160,3023,300,272,145.0,39440,90.66666666666666,Spring
FL03238,2024-05-24,AL007,AC003,AP014,AP024,2024-05-24 15:00:00,2024-05-24 15:10:00,10.0,Late Aircraft,Delayed,139,6738,396,350,103.0,36050,88.38383838383838,Spring
FL03239,2023-05-19,AL005,AC020,AP009,AP005,2023-05-19 11:00:00,2023-05-19 11:14:00,14.0,Technical,Delayed,403,7201,396,244,248.0,60512,61.61616161616161,Spring
FL03240,2024-01-29,AL003,AC040,AP027,AP003,2024-01-29 16:00:00,2024-01-29 16:12:00,12.0,Technical,Delayed,356,1149,220,152,141.0,21432,69.0909090909091,Winter
FL03241,2024-11-01,AL008,AC003,AP008,AP027,2024-11-01 14:00:00,2024-11-01 14:12:00,12.0,Security,Delayed,235,1416,396,300,318.0,95400,75.75757575757575,Autumn
FL03242,2023-05-11,AL008,AC035,AP005,AP011,2023-05-11 17:45:00,2023-05-11 19:56:00,131.0,Late Aircraft,Severely Delayed,699,2620,189,140,245.0,34300,74.07407407407408,Spring
FL03243,2024-07-18,AL003,AC038,AP023,AP003,2024-07-18 21:45:00,2024-07-18 23:44:00,119.0,Late Aircraft,Delayed,135,1698,189,153,260.0,39780,80.95238095238095,Summer
FL03244,2023-12-06,AL007,AC022,AP011,AP002,2023-12-06 05:45:00,2023-12-06 05:56:00,11.0,Security,Delayed,585,1466,300,212,194.0,41128,70.66666666666667,Winter
FL03245,2024-12-12,AL006,AC019,AP006,AP013,2024-12-12 07:00:00,2024-12-12 07:09:00,9.0,Weather,Delayed,658,5752,296,231,537.0,124047,78.04054054054053,Winter
FL03246,2023-08-15,AL005,AC011,AP027,AP011,2023-08-15 10:30:00,2023-08-15 10:37:00,7.0,Late Aircraft,Delayed,452,7948,300,269,412.0,110828,89.66666666666666,Summer
FL03247,2024-03-31,AL006,AC007,AP010,AP003,2024-03-31 06:45:00,2024-03-31 09:37:00,172.0,Air Traffic,Severely Delayed,708,5393,300,199,155.0,30845,66.33333333333333,Spring
FL03248,2023-08-12,AL010,AC005,AP030,AP018,2023-08-12 06:45:00,2023-08-12 06:52:00,7.0,Security,Delayed,329,3692,325,210,624.0,131040,64.61538461538461,Summer
FL03249,2025-10-16,AL002,AC035,AP026,AP010,2025-10-16 21:00:00,2025-10-16 21:03:00,3.0,Air Traffic,Delayed,55,2876,189,140,350.0,49000,74.07407407407408,Autumn
FL03250,2025-01-06,AL005,AC032,AP027,AP023,2025-01-06 21:30:00,2025-01-06 21:35:00,5.0,Air Traffic,Delayed,559,6072,396,368,489.0,179952,92.92929292929291,Winter
FL03251,2024-09-07,AL005,AC006,AP015,AP008,2024-09-07 22:45:00,2024-09-07 22:50:00,5.0,Air Traffic,Delayed,68,2233,300,297,360.0,106920,99.0,Autumn
FL03252,2025-02-10,AL004,AC018,AP008,AP030,2025-02-10 05:45:00,2025-02-10 05:50:00,5.0,Late Aircraft,Delayed,561,2352,189,160,572.0,91520,84.65608465608466,Winter
FL03253,2024-08-16,AL001,AC039,AP028,AP022,2024-08-16 21:15:00,2024-08-16 21:25:00,10.0,Weather,Delayed,464,1681,300,216,93.0,20088,72.0,Summer
FL03254,2023-12-17,AL004,AC013,AP019,AP028,2023-12-17 07:45:00,2023-12-17 07:53:00,8.0,Late Aircraft,Delayed,639,6880,325,268,531.0,142308,82.46153846153847,Winter
FL03255,2023-01-22,AL006,AC007,AP020,AP027,2023-01-22 18:00:00,2023-01-22 18:29:00,29.0,Air Traffic,Delayed,454,2272,300,263,276.0,72588,87.66666666666667,Winter
FL03256,2023-07-19,AL009,AC025,AP024,AP023,2023-07-19 15:45:00,2023-07-19 16:16:00,31.0,Crew,Delayed,643,1484,296,211,323.0,68153,71.28378378378379,Summer
FL03257,2025-06-05,AL002,AC010,AP017,AP008,2025-06-05 09:30:00,2025-06-05 09:34:00,4.0,Late Aircraft,Delayed,665,7951,396,290,599.0,173710,73.23232323232324,Summer
FL03258,2025-06-04,AL008,AC030,AP030,AP014,2025-06-04 07:45:00,2025-06-04 10:20:00,155.0,Technical,Severely Delayed,224,6920,325,239,338.0,80782,73.53846153846155,Summer
FL03259,2025-05-28,AL005,AC031,AP026,AP002,2025-05-28 16:00:00,2025-05-28 16:04:00,4.0,Late Aircraft,Delayed,243,7849,300,168,394.0,66192,56.00000000000001,Spring
FL03260,2025-11-22,AL005,AC011,AP011,AP002,2025-11-22 07:00:00,2025-11-22 07:07:00,7.0,Late Aircraft,Delayed,543,4042,300,287,421.0,120827,95.66666666666669,Autumn
FL03261,2024-12-17,AL003,AC009,AP020,AP008,2024-12-17 17:15:00,2024-12-17 17:19:00,4.0,Late Aircraft,Delayed,412,7660,296,168,522.0,87696,56.75675675675676,Winter
FL03262,2025-09-18,AL003,AC038,AP001,AP008,2025-09-18 11:30:00,2025-09-18 11:44:00,14.0,Security,Delayed,223,5891,189,140,362.0,50680,74.07407407407408,Autumn
FL03263,2023-01-25,AL010,AC037,AP005,AP013,2023-01-25 10:00:00,2023-01-25 10:11:00,11.0,Air Traffic,Delayed,261,6519,220,175,149.0,26075,79.54545454545455,Winter
FL03264,2025-05-28,AL010,AC039,AP004,AP005,2025-05-28 06:15:00,2025-05-28 06:19:00,4.0,Technical,Delayed,309,4723,300,212,232.0,49184,70.66666666666667,Spring
FL03265,2024-08-19,AL009,AC004,AP028,AP005,2024-08-19 22:30:00,2024-08-20 01:06:00,156.0,Security,Severely Delayed,69,5086,180,97,250.0,24250,53.888888888888886,Summer
FL03266,2025-05-02,AL006,AC039,AP029,AP006,2025-05-02 13:15:00,2025-05-02 13:21:00,6.0,Security,Delayed,356,7916,300,203,362.0,22939,67.66666666666666,Spring
FL03267,2024-11-27,AL006,AC040,AP023,AP005,2024-11-27 22:15:00,2024-11-27 22:20:00,5.0,Weather,Delayed,89,2952,220,202,239.0,48278,91.81818181818184,Autumn
FL03268,2023-01-12,AL002,AC003,AP030,AP025,2023-01-12 22:15:00,2023-01-12 22:25:00,10.0,Crew,Delayed,60,3667,396,223,609.0,135807,56.31313131313132,Winter
FL03269,2024-11-20,AL002,AC026,AP030,AP028,2024-11-20 14:15:00,2024-11-20 14:29:00,14.0,Air Traffic,Delayed,468,1772,189,163,590.0,96170,86.24338624338624,Autumn
FL03270,2025-07-21,AL008,AC032,AP009,AP005,2025-07-21 06:45:00,2025-07-21 06:51:00,6.0,Air Traffic,Delayed,389,5536,396,329,94.0,30926,83.08080808080808,Summer
FL03271,2024-03-07,AL002,AC005,AP026,AP010,2024-03-07 11:15:00,2024-03-07 11:15:00,0.0,No Delay,On Time,199,7954,325,177,613.0,108501,54.46153846153846,Spring
FL03272,2023-07-21,AL005,AC003,AP022,AP024,2023-07-21 12:30:00,2023-07-21 12:45:00,15.0,Security,Delayed,230,6891,396,322,350.0,112700,81.31313131313132,Summer
FL03273,2023-10-10,AL005,AC001,AP016,AP030,2023-10-10 12:00:00,2023-10-10 12:13:00,13.0,Technical,Delayed,191,8257,325,221,637.0,140777,68.0,Autumn
FL03274,2025-05-31,AL006,AC008,AP008,AP020,2025-05-31 08:45:00,2025-05-31 08:51:00,6.0,Technical,Delayed,98,4188,300,256,132.0,33792,85.33333333333334,Spring
FL03275,2023-07-02,AL002,AC021,AP019,AP008,2023-07-02 14:00:00,2023-07-02 14:07:00,7.0,Technical,Delayed,516,2563,325,239,90.0,21510,73.53846153846155,Summer
FL03276,2025-11-24,AL006,AC001,AP003,AP027,2025-11-24 16:00:00,2025-11-24 16:13:00,13.0,Security,Delayed,319,4095,325,219,250.0,54750,67.38461538461539,Autumn
FL03277,2024-11-01,AL006,AC040,AP015,AP017,2024-11-01 20:30:00,2024-11-01 20:36:00,6.0,Air Traffic,Delayed,702,3925,220,173,526.0,90998,78.63636363636364,Autumn
FL03278,2024-11-19,AL006,AC010,AP003,AP002,2024-11-19 22:15:00,2024-11-19 22:18:00,3.0,Weather,Delayed,590,1408,396,392,393.0,154056,98.989898989899,Autumn
FL03279,2023-06-17,AL001,AC022,AP019,AP020,2023-06-17 15:30:00,2023-06-17 18:20:00,170.0,Technical,Severely Delayed,405,6745,300,258,566.0,146028,86.0,Summer
FL03280,2025-06-16,AL003,AC038,AP018,AP025,2025-06-16 08:00:00,2025-06-16 08:09:00,9.0,Late Aircraft,Delayed,232,3037,189,132,501.0,66132,69.84126984126983,Summer
FL03281,2024-03-31,AL003,AC027,AP010,AP007,2024-03-31 20:00:00,2024-03-31 20:33:00,33.0,Crew,Delayed,414,1869,325,211,271.0,57181,64.92307692307693,Spring
FL03282,2023-09-17,AL007,AC036,AP007,AP013,2023-09-17 06:00:00,2023-09-17 08:40:00,160.0,Technical,Severely Delayed,570,3128,180,114,431.0,49134,63.33333333333333,Autumn
FL03283,2025-10-18,AL001,AC031,AP008,AP027,2025-10-18 08:00:00,2025-10-18 10:21:00,141.0,Late Aircraft,Severely Delayed,672,1646,300,201,334.0,67134,67.0,Autumn
FL03284,2025-06-02,AL001,AC039,AP026,AP024,2025-06-02 20:45:00,2025-06-02 20:53:00,8.0,Crew,Delayed,453,8227,300,157,546.0,85722,52.33333333333333,Summer
FL03285,2023-07-17,AL008,AC010,AP022,AP017,2023-07-17 18:30:00,2023-07-17 18:44:00,14.0,Crew,Delayed,55,1027,396,314,311.0,97654,79.29292929292929,Summer
FL03286,2025-01-13,AL009,AC034,AP028,AP024,2025-01-13 05:15:00,2025-01-13 07:35:00,140.0,Late Aircraft,Severely Delayed,500,2458,300,245,307.0,75215,81.66666666666667,Winter
FL03287,2023-10-06,AL002,AC008,AP013,AP018,2023-10-06 12:15:00,2023-10-06 14:18:00,123.0,Air Traffic,Severely Delayed,397,6605,300,245,472.0,115640,81.66666666666667,Autumn
FL03288,2024-09-18,AL007,AC008,AP028,AP014,2024-09-18 11:00:00,2024-09-18 12:47:00,107.0,Crew,Delayed,704,7903,300,230,267.0,61410,76.66666666666667,Autumn
FL03289,2024-04-27,AL003,AC026,AP026,AP023,2024-04-27 05:30:00,2024-04-27 05:36:00,6.0,Crew,Delayed,641,3171,189,160,113.0,18080,84.65608465608466,Spring
FL03290,2023-03-11,AL002,AC031,AP010,AP017,2023-03-11 12:00:00,2023-03-11 12:15:00,15.0,Technical,Delayed,374,6176,300,216,116.0,25056,72.0,Spring
FL03291,2024-07-10,AL001,AC019,AP021,AP001,2024-07-10 14:30:00,2024-07-10 16:56:00,146.0,Late Aircraft,Severely Delayed,88,6863,296,192,103.0,19776,64.86486486486487,Summer
FL03292,2024-07-31,AL002,AC014,AP008,AP029,2024-07-31 20:15:00,2024-07-31 21:18:00,63.0,Security,Delayed,525,3309,325,225,318.0,71550,69.23076923076923,Summer
FL03293,2024-09-18,AL002,AC010,AP009,AP029,2024-09-18 22:45:00,2024-09-18 22:59:00,14.0,Technical,Delayed,246,5276,396,293,439.0,128627,73.98989898989899,Autumn
FL03294,2023-04-25,AL003,AC029,AP006,AP019,2023-04-25 09:00:00,2023-04-25 09:07:00,7.0,Security,Delayed,69,6092,220,159,384.0,61056,72.27272727272728,Spring
FL03295,2025-02-28,AL010,AC023,AP001,AP027,2025-02-28 12:30:00,2025-02-28 12:45:00,15.0,Late Aircraft,Delayed,374,1653,180,111,437.0,48507,61.66666666666667,Winter
FL03296,2024-08-26,AL007,AC039,AP027,AP021,2024-08-26 21:30:00,2024-08-26 21:43:00,13.0,Late Aircraft,Delayed,283,682,300,178,276.0,49128,59.333333333333336,Summer
FL03297,2025-01-21,AL001,AC027,AP020,AP010,2025-01-21 13:30:00,2025-01-21 13:36:00,6.0,Technical,Delayed,452,7920,325,216,637.0,137592,66.46153846153847,Winter
FL03298,2023-01-18,AL006,AC012,AP019,AP011,2023-01-18 21:30:00,2023-01-18 21:37:00,7.0,Crew,Delayed,493,5328,189,155,362.0,48670,82.01058201058201,Winter
FL03299,2024-12-01,AL008,AC038,AP028,AP024,2024-12-01 10:30:00,2024-12-01 13:17:00,167.0,Weather,Severely Delayed,319,470,189,156,173.0,26988,82.53968253968253,Winter
FL03300,2025-05-10,AL010,AC009,AP024,AP004,2025-05-10 20:45:00,2025-05-10 20:51:00,6.0,Late Aircraft,Delayed,146,1125,296,208,106.0,22048,70.27027027027027,Spring
FL03301,2025-10-13,AL010,AC030,AP003,AP019,2025-10-13 22:45:00,2025-10-13 22:53:00,8.0,Technical,Delayed,588,6688,325,266,205.0,54530,81.84615384615384,Autumn
FL03302,2025-09-13,AL006,AC013,AP007,AP021,2025-09-13 05:45:00,2025-09-13 05:46:00,1.0,Air Traffic,Delayed,283,429,325,196,213.0,41748,60.30769230769231,Autumn
FL03303,2023-11-13,AL002,AC028,AP022,AP024,2023-11-13 12:00:00,2023-11-13 12:08:00,8.0,Technical,Delayed,165,7332,296,213,335.0,71355,71.95945945945947,Autumn
FL03304,2023-07-15,AL002,AC034,AP009,AP010,2023-07-15 18:30:00,2023-07-15 18:33:00,3.0,Crew,Delayed,337,4054,300,188,607.0,114116,62.66666666666667,Summer
FL03305,2023-10-20,AL007,AC022,AP020,AP002,2023-10-20 21:45:00,2023-10-21 00:14:00,149.0,Security,Severely Delayed,513,427,300,196,611.0,119756,65.33333333333333,Autumn
FL03306,2023-12-13,AL002,AC008,AP022,AP024,2023-12-13 21:00:00,2023-12-13 21:13:00,13.0,Weather,Delayed,124,7184,300,216,459.0,99144,72.0,Winter
FL03307,2024-09-07,AL001,AC010,AP002,AP026,2024-09-07 14:00:00,2024-09-07 14:10:00,10.0,Weather,Delayed,219,6702,396,307,162.0,49734,77.52525252525253,Autumn
FL03308,2024-05-29,AL002,AC030,AP017,AP009,2024-05-29 10:15:00,2024-05-29 10:30:00,15.0,Security,Delayed,373,3948,325,240,238.0,57120,73.84615384615385,Spring
FL03309,2024-02-15,AL007,AC027,AP010,AP019,2024-02-15 19:00:00,2024-02-15 19:14:00,14.0,Weather,Delayed,102,7348,325,321,339.0,108819,98.76923076923076,Winter
FL03310,2024-02-11,AL002,AC033,AP008,AP022,2024-02-11 21:45:00,2024-02-11 22:38:00,53.0,Air Traffic,Delayed,364,5745,220,172,417.0,71724,78.18181818181819,Winter
FL03311,2025-10-06,AL004,AC038,AP025,AP009,2025-10-06 10:30:00,2025-10-06 13:00:00,150.0,Security,Severely Delayed,347,3731,189,167,233.0,38911,88.35978835978835,Autumn
FL03312,2023-07-14,AL003,AC037,AP001,AP022,2023-07-14 12:30:00,2023-07-14 12:36:00,6.0,Air Traffic,Delayed,320,380,220,139,246.0,34194,63.18181818181819,Summer
FL03313,2023-11-09,AL008,AC008,AP017,AP028,2023-11-09 19:45:00,2023-11-09 19:49:00,4.0,Technical,Delayed,280,8071,300,196,628.0,123088,65.33333333333333,Autumn
FL03314,2023-12-16,AL002,AC021,AP026,AP014,2023-12-16 05:30:00,2023-12-16 07:59:00,149.0,Security,Severely Delayed,411,2693,325,204,320.0,65280,62.76923076923077,Winter
FL03315,2025-06-22,AL003,AC015,AP019,AP001,2025-06-22 11:30:00,2025-06-22 11:36:00,6.0,Late Aircraft,Delayed,378,7136,396,367,494.0,181298,92.67676767676768,Summer
FL03316,2024-04-11,AL008,AC039,AP008,AP025,2024-04-11 07:45:00,2024-04-11 07:49:00,4.0,Technical,Delayed,115,5316,300,248,462.0,114576,82.66666666666667,Spring
FL03317,2024-05-07,AL004,AC034,AP008,AP025,2024-05-07 17:15:00,2024-05-07 17:23:00,8.0,Weather,Delayed,88,426,300,263,418.0,109934,87.66666666666667,Spring
FL03318,2023-03-13,AL006,AC009,AP013,AP005,2023-03-13 06:45:00,2023-03-13 06:57:00,12.0,Air Traffic,Delayed,477,2315,296,259,226.0,58534,87.5,Spring
FL03319,2025-07-20,AL009,AC015,AP025,AP007,2025-07-20 18:30:00,2025-07-20 21:21:00,171.0,Late Aircraft,Severely Delayed,370,3538,396,349,426.0,148674,88.13131313131312,Summer
FL03320,2023-11-15,AL001,AC009,AP006,AP017,2023-11-15 18:00:00,2023-11-15 18:05:00,5.0,Air Traffic,Delayed,77,3262,296,171,453.0,77463,57.770270270270274,Autumn
FL03321,2024-02-17,AL003,AC008,AP005,AP017,2024-02-17 12:45:00,2024-02-17 12:46:00,1.0,Weather,Delayed,660,1852,300,175,161.0,28175,58.333333333333336,Winter
FL03322,2023-08-06,AL005,AC021,AP013,AP012,2023-08-06 10:30:00,2023-08-06 11:26:00,56.0,Air Traffic,Delayed,170,1454,325,248,378.0,93744,76.3076923076923,Summer
FL03323,2023-04-18,AL007,AC020,AP017,AP018,2023-04-18 20:15:00,2023-04-18 20:20:00,5.0,Technical,Delayed,126,8285,396,257,624.0,160368,64.8989898989899,Spring
FL03324,2023-10-05,AL007,AC002,AP030,AP010,2023-10-05 15:45:00,2023-10-05 16:10:00,25.0,Technical,Delayed,298,1047,300,148,128.0,18944,49.333333333333336,Autumn
FL03325,2025-07-19,AL010,AC031,AP018,AP022,2025-07-19 08:15:00,2025-07-19 08:29:00,14.0,Security,Delayed,574,1848,300,208,326.0,67808,69.33333333333334,Summer
FL03326,2024-10-02,AL005,AC023,AP012,AP022,2024-10-02 15:15:00,2024-10-02 17:33:00,138.0,Air Traffic,Severely Delayed,627,5091,180,159,171.0,27189,88.33333333333333,Autumn
FL03327,2025-10-05,AL007,AC016,AP012,AP014,2025-10-05 20:45:00,2025-10-05 20:53:00,8.0,Weather,Delayed,164,4814,189,187,114.0,21318,98.94179894179894,Autumn
FL03328,2024-06-06,AL001,AC005,AP020,AP017,2024-06-06 18:45:00,2024-06-06 18:58:00,13.0,Technical,Delayed,648,4381,325,194,333.0,64602,59.692307692307686,Summer
FL03329,2025-12-25,AL003,AC012,AP012,AP007,2025-12-25 14:15:00,2025-12-25 14:19:00,4.0,Air Traffic,Delayed,418,3677,189,130,436.0,56680,68.78306878306879,Winter
FL03330,2024-05-22,AL008,AC038,AP022,AP019,2024-05-22 20:30:00,2024-05-22 20:43:00,13.0,Security,Delayed,188,4761,189,149,635.0,94615,78.83597883597884,Spring
FL03331,2023-07-11,AL003,AC030,AP003,AP012,2023-07-11 12:30:00,2023-07-11 14:24:00,114.0,Weather,Delayed,674,7912,325,246,514.0,126444,75.6923076923077,Summer
FL03332,2023-09-24,AL009,AC014,AP029,AP009,2023-09-24 05:15:00,2023-09-24 05:48:00,33.0,Security,Delayed,536,6567,325,221,179.0,39559,68.0,Autumn
FL03333,2024-01-28,AL002,AC009,AP013,AP026,2024-01-28 20:00:00,2024-01-28 20:09:00,9.0,Security,Delayed,626,7321,296,225,362.0,143775,76.01351351351352,Winter
FL03334,2023-05-10,AL004,AC022,AP030,AP009,2023-05-10 18:00:00,2023-05-10 18:00:00,0.0,No Delay,On Time,463,5252,300,208,316.0,65728,69.33333333333334,Spring
FL03335,2025-10-11,AL001,AC022,AP013,AP023,2025-10-11 13:15:00,2025-10-11 13:25:00,10.0,Weather,Delayed,579,4102,300,217,280.0,60760,72.33333333333334,Autumn
FL03336,2023-09-17,AL002,AC010,AP016,AP010,2023-09-17 05:30:00,2023-09-17 05:35:00,5.0,Air Traffic,Delayed,423,5645,396,330,147.0,48510,83.33333333333334,Autumn
FL03337,2024-12-22,AL007,AC024,AP026,AP027,2024-12-22 15:00:00,2024-12-22 15:06:00,6.0,Air Traffic,Delayed,125,842,296,255,152.0,38760,86.14864864864865,Winter
FL03338,2024-01-11,AL010,AC030,AP025,AP020,2024-01-11 11:30:00,2024-01-11 14:17:00,167.0,Air Traffic,Severely Delayed,66,4570,325,248,287.0,71176,76.3076923076923,Winter
FL03339,2025-06-07,AL008,AC008,AP012,AP027,2025-06-07 09:45:00,2025-06-07 11:23:00,98.0,Late Aircraft,Delayed,244,611,300,185,364.0,67340,61.66666666666667,Summer
FL03340,2023-04-04,AL007,AC015,AP015,AP030,2023-04-04 20:45:00,2023-04-04 20:49:00,4.0,Crew,Delayed,209,5059,396,255,309.0,78795,64.39393939393939,Spring
FL03341,2023-08-23,AL003,AC036,AP009,AP018,2023-08-23 06:30:00,2023-08-23 06:37:00,7.0,Weather,Delayed,244,3447,180,135,547.0,73845,75.0,Summer
FL03342,2023-03-13,AL005,AC013,AP021,AP027,2023-03-13 14:15:00,2023-03-13 14:27:00,12.0,Technical,Delayed,525,7903,325,259,387.0,100233,79.6923076923077,Spring
FL03343,2025-04-30,AL007,AC004,AP014,AP008,2025-04-30 05:30:00,2025-04-30 05:39:00,9.0,Technical,Delayed,119,1596,180,152,140.0,21280,84.44444444444444,Spring
FL03344,2023-02-19,AL002,AC006,AP020,AP004,2023-02-19 18:45:00,2023-02-19 18:46:00,1.0,Security,Delayed,328,1554,300,253,387.0,97911,84.33333333333334,Winter
FL03345,2024-05-04,AL008,AC010,AP006,AP014,2024-05-04 22:00:00,2024-05-05 00:43:00,163.0,Late Aircraft,Severely Delayed,231,3822,396,287,94.0,26978,72.47474747474747,Spring
FL03346,2023-02-02,AL003,AC006,AP020,AP025,2023-02-02 05:00:00,2023-02-02 05:07:00,7.0,Late Aircraft,Delayed,524,4791,300,239,470.0,112330,79.66666666666666,Winter
FL03347,2024-10-11,AL001,AC016,AP029,AP017,2024-10-11 21:00:00,2024-10-11 22:44:00,104.0,Technical,Delayed,490,3234,189,134,369.0,49446,70.8994708994709,Autumn
FL03348,2025-04-24,AL009,AC040,AP011,AP014,2025-04-24 05:45:00,2025-04-24 05:49:00,4.0,Air Traffic,Delayed,542,923,220,168,645.0,108360,76.36363636363637,Spring
FL03349,2025-08-16,AL002,AC033,AP001,AP008,2025-08-16 13:45:00,2025-08-16 13:54:00,9.0,Late Aircraft,Cancelled,496,5267,220,0,232.0,0,0.0,Summer
FL03350,2025-11-06,AL006,AC012,AP023,AP005,2025-11-06 22:00:00,2025-11-06 22:15:00,15.0,Late Aircraft,Delayed,600,7920,189,161,226.0,36386,85.18518518518519,Autumn
FL03351,2025-10-17,AL002,AC007,AP012,AP021,2025-10-17 05:30:00,2025-10-17 05:43:00,13.0,Air Traffic,Delayed,515,4959,300,297,491.0,145827,99.0,Autumn
FL03352,2024-04-10,AL003,AC025,AP023,AP006,2024-04-10 05:15:00,2024-04-10 07:14:00,119.0,Late Aircraft,Delayed,342,7507,296,151,255.0,38505,51.01351351351351,Spring
FL03353,2023-09-25,AL010,AC038,AP021,AP005,2023-09-25 14:30:00,2023-09-25 15:46:00,76.0,Unknown,Delayed,681,4776,189,116,621.0,72036,61.37566137566137,Autumn
FL03354,2025-12-17,AL001,AC024,AP012,AP022,2025-12-17 05:30:00,2025-12-17 05:31:00,1.0,Technical,Delayed,537,7766,296,293,413.0,121009,98.98648648648648,Winter
FL03355,2023-04-05,AL001,AC021,AP006,AP025,2023-04-05 22:30:00,2023-04-05 22:30:00,0.0,No Delay,On Time,105,7408,325,220,606.0,133320,67.6923076923077,Spring
FL03356,2023-05-06,AL003,AC037,AP020,AP023,2023-05-06 19:30:00,2023-05-06 19:33:00,3.0,Crew,Delayed,673,3857,220,152,151.0,22952,69.0909090909091,Spring
FL03357,2025-10-12,AL003,AC015,AP027,AP023,2025-10-12 22:00:00,2025-10-12 23:00:00,60.0,Crew,Delayed,356,8123,396,309,323.0,99807,78.03030303030303,Autumn
FL03358,2025-04-13,AL001,AC012,AP026,AP013,2025-04-13 07:45:00,2025-04-13 07:59:00,14.0,Crew,Delayed,268,6594,189,142,234.0,33228,75.13227513227513,Spring
FL03359,2023-11-09,AL009,AC003,AP030,AP018,2023-11-09 12:00:00,2023-11-09 12:01:00,1.0,Crew,Delayed,667,4156,396,349,453.0,158097,88.13131313131312,Autumn
FL03360,2024-11-13,AL005,AC016,AP012,AP001,2024-11-13 15:45:00,2024-11-13 15:46:00,1.0,Air Traffic,Cancelled,351,3220,189,0,74.0,0,0.0,Autumn
FL03361,2023-01-02,AL007,AC008,AP026,AP023,2023-01-02 09:45:00,2023-01-02 10:00:00,15.0,Crew,Delayed,280,2917,300,217,356.0,77252,72.33333333333334,Winter
FL03362,2023-12-15,AL006,AC040,AP017,AP030,2023-12-15 22:45:00,2023-12-15 22:59:00,14.0,Air Traffic,Delayed,354,5449,220,179,514.0,92006,81.36363636363636,Winter
FL03363,2024-06-20,AL005,AC021,AP003,AP014,2024-06-20 16:45:00,2024-06-20 16:54:00,9.0,Air Traffic,Delayed,152,1231,325,226,130.0,29380,69.53846153846153,Summer
FL03364,2025-01-31,AL006,AC010,AP009,AP002,2025-01-31 13:30:00,2025-01-31 13:37:00,7.0,Air Traffic,Delayed,641,1627,396,258,550.0,141900,65.15151515151516,Winter
FL03365,2023-02-08,AL003,AC033,AP008,AP018,2023-02-08 06:00:00,2023-02-08 06:22:00,22.0,Technical,Delayed,616,1722,220,175,359.0,62825,79.54545454545455,Winter
FL03366,2025-12-05,AL009,AC029,AP005,AP027,2025-12-05 09:15:00,2025-12-05 09:28:00,13.0,Security,Delayed,169,3034,220,143,392.0,56056,65.0,Winter
FL03367,2024-11-30,AL010,AC019,AP026,AP008,2024-11-30 10:45:00,2024-11-30 10:53:00,8.0,Late Aircraft,Delayed,422,3144,296,179,590.0,105610,60.47297297297297,Autumn
FL03368,2023-05-15,AL009,AC031,AP023,AP021,2023-05-15 22:15:00,2023-05-15 23:54:00,99.0,Weather,Delayed,398,484,300,238,401.0,95438,79.33333333333333,Spring
FL03369,2025-09-17,AL001,AC012,AP010,AP012,2025-09-17 18:00:00,2025-09-17 18:06:00,6.0,Late Aircraft,Delayed,682,7065,189,93,386.0,35898,49.2063492063492,Autumn
FL03370,2025-06-25,AL009,AC033,AP026,AP030,2025-06-25 22:30:00,2025-06-26 00:31:00,121.0,Security,Severely Delayed,98,6354,220,145,118.0,17110,65.9090909090909,Summer
FL03371,2025-11-08,AL006,AC035,AP026,AP021,2025-11-08 12:15:00,2025-11-08 12:25:00,10.0,Weather,Delayed,683,1562,189,150,119.0,17850,79.36507936507937,Autumn
FL03372,2023-02-03,AL001,AC040,AP026,AP022,2023-02-03 16:30:00,2023-02-03 16:34:00,4.0,Security,Delayed,303,5706,220,130,115.0,14950,59.09090909090909,Winter
FL03373,2024-06-29,AL010,AC015,AP009,AP012,2024-06-29 22:30:00,2024-06-30 00:21:00,111.0,Crew,Delayed,58,5725,396,339,236.0,80004,85.60606060606061,Summer
FL03374,2024-10-29,AL003,AC004,AP023,AP030,2024-10-29 20:15:00,2024-10-29 20:28:00,13.0,Technical,Delayed,410,3354,180,110,204.0,22440,61.11111111111112,Autumn
FL03375,2025-07-25,AL010,AC017,AP013,AP022,2025-07-25 16:15:00,2025-07-25 16:59:00,44.0,Security,Delayed,249,3640,296,268,256.0,68608,90.54054054054052,Summer
FL03376,2023-08-01,AL006,AC026,AP009,AP012,2023-08-01 05:30:00,2023-08-01 05:37:00,7.0,Crew,Delayed,197,2942,189,171,410.0,70110,90.47619047619048,Summer
FL03377,2024-01-21,AL003,AC014,AP004,AP016,2024-01-21 19:45:00,2024-01-21 20:00:00,15.0,Technical,Delayed,376,5326,325,209,123.0,25707,64.3076923076923,Winter
FL03378,2023-10-25,AL004,AC020,AP001,AP013,2023-10-25 05:45:00,2023-10-25 05:58:00,13.0,Security,Delayed,116,5252,396,335,519.0,173865,84.59595959595958,Autumn
FL03379,2023-02-25,AL003,AC018,AP021,AP017,2023-02-25 09:45:00,2023-02-25 09:47:00,2.0,Security,Delayed,288,4105,189,168,421.0,70728,88.88888888888889,Winter
FL03380,2024-04-04,AL005,AC003,AP014,AP013,2024-04-04 09:00:00,2024-04-04 09:15:00,15.0,Technical,Delayed,531,2518,396,316,470.0,148520,79.7979797979798,Spring
FL03381,2025-11-30,AL002,AC024,AP016,AP004,2025-11-30 10:30:00,2025-11-30 12:54:00,144.0,Technical,Severely Delayed,230,688,296,236,539.0,127204,79.72972972972973,Autumn
FL03382,2025-08-06,AL007,AC027,AP001,AP025,2025-08-06 07:15:00,2025-08-06 09:18:00,123.0,Weather,Severely Delayed,472,2635,325,268,318.0,85224,82.46153846153847,Summer
FL03383,2025-01-11,AL002,AC004,AP014,AP004,2025-01-11 18:30:00,2025-01-11 18:34:00,4.0,Air Traffic,Delayed,683,5658,180,114,286.0,32604,63.33333333333333,Winter
FL03384,2025-08-10,AL004,AC022,AP024,AP025,2025-08-10 15:45:00,2025-08-10 15:54:00,9.0,Air Traffic,Delayed,312,1379,300,166,392.0,65072,55.333333333333336,Summer
FL03385,2024-09-12,AL008,AC014,AP028,AP001,2024-09-12 19:30:00,2024-09-12 19:33:00,3.0,Crew,Delayed,532,608,325,236,426.0,100536,72.61538461538461,Autumn
FL03386,2023-01-14,AL005,AC020,AP024,AP022,2023-01-14 14:00:00,2023-01-14 14:09:00,9.0,Air Traffic,Delayed,540,612,396,323,515.0,166345,81.56565656565657,Winter
FL03387,2025-02-16,AL002,AC004,AP009,AP003,2025-02-16 05:15:00,2025-02-16 06:10:00,55.0,Technical,Cancelled,295,6095,180,0,407.0,0,0.0,Winter
FL03388,2024-07-04,AL001,AC036,AP029,AP001,2024-07-04 15:15:00,2024-07-04 15:18:00,3.0,Late Aircraft,Delayed,694,5034,180,144,517.0,74448,80.0,Summer
FL03389,2024-05-14,AL004,AC032,AP016,AP025,2024-05-14 15:45:00,2024-05-14 15:49:00,4.0,Technical,Delayed,363,1958,396,290,427.0,123830,73.23232323232324,Spring
FL03390,2024-11-19,AL002,AC033,AP022,AP021,2024-11-19 16:00:00,2024-11-19 16:01:00,1.0,Security,Delayed,575,5070,220,166,426.0,70716,75.45454545454545,Autumn
FL03391,2024-05-13,AL006,AC037,AP013,AP009,2024-05-13 05:15:00,2024-05-13 05:27:00,12.0,Weather,Delayed,424,2419,220,199,145.0,28855,90.45454545454544,Spring
FL03392,2024-07-02,AL009,AC021,AP023,AP004,2024-07-02 10:30:00,2024-07-02 10:30:00,0.0,No Delay,On Time,636,8427,325,240,411.0,98640,73.84615384615385,Summer
FL03393,2023-08-12,AL003,AC012,AP010,AP001,2023-08-12 21:30:00,2023-08-12 21:39:00,9.0,Late Aircraft,Delayed,675,8142,189,127,189.0,24003,67.1957671957672,Summer
FL03394,2024-08-18,AL006,AC001,AP021,AP019,2024-08-18 16:00:00,2024-08-18 17:17:00,77.0,Late Aircraft,Cancelled,88,4666,325,0,162.0,0,0.0,Summer
FL03395,2024-01-31,AL010,AC019,AP013,AP014,2024-01-31 19:00:00,2024-01-31 19:00:00,0.0,No Delay,On Time,655,504,296,256,564.0,144384,86.48648648648648,Winter
FL03396,2025-08-24,AL009,AC005,AP003,AP022,2025-08-24 09:15:00,2025-08-24 09:27:00,12.0,Weather,Delayed,593,2355,325,247,416.0,102752,76.0,Summer
FL03397,2024-01-25,AL005,AC005,AP013,AP002,2024-01-25 09:15:00,2024-01-25 09:26:00,11.0,Weather,Delayed,349,3939,325,269,191.0,51379,82.76923076923077,Winter
FL03398,2023-04-20,AL007,AC020,AP025,AP008,2023-04-20 10:00:00,2023-04-20 10:01:00,1.0,Weather,Delayed,80,6648,396,362,214.0,77468,91.4141414141414,Spring
FL03399,2023-09-12,AL004,AC026,AP003,AP022,2023-09-12 10:45:00,2023-09-12 10:57:00,12.0,Air Traffic,Delayed,358,7320,189,175,642.0,112350,92.5925925925926,Autumn
FL03400,2023-08-18,AL009,AC006,AP023,AP020,2023-08-18 13:45:00,2023-08-18 13:45:00,0.0,No Delay,On Time,591,390,300,153,601.0,91953,51.0,Summer
FL03401,2025-09-29,AL003,AC017,AP014,AP013,2025-09-29 06:00:00,2025-09-29 06:04:00,4.0,Air Traffic,Delayed,435,7331,296,293,406.0,118958,98.98648648648648,Autumn
FL03402,2024-04-25,AL008,AC027,AP017,AP015,2024-04-25 09:15:00,2024-04-25 09:16:00,1.0,Security,Delayed,629,1357,325,238,542.0,128996,73.23076923076923,Spring
FL03403,2023-10-11,AL001,AC023,AP006,AP024,2023-10-11 09:45:00,2023-10-11 09:49:00,4.0,Air Traffic,Delayed,261,3149,180,163,424.0,69112,90.55555555555556,Autumn
FL03404,2023-07-02,AL004,AC022,AP028,AP022,2023-07-02 14:45:00,2023-07-02 14:48:00,3.0,Technical,Delayed,56,7537,300,251,159.0,39909,83.66666666666667,Summer
FL03405,2025-08-03,AL002,AC022,AP025,AP030,2025-08-03 18:15:00,2025-08-03 18:27:00,12.0,Crew,Delayed,167,4702,300,273,606.0,165438,91.0,Summer
FL03406,2024-01-31,AL007,AC033,AP007,AP014,2024-01-31 17:30:00,2024-01-31 17:33:00,3.0,Weather,Delayed,292,7727,220,199,592.0,117808,90.45454545454544,Winter
FL03407,2025-12-10,AL009,AC029,AP028,AP006,2025-12-10 19:30:00,2025-12-10 19:34:00,4.0,Security,Delayed,58,667,220,164,649.0,106436,74.54545454545455,Winter
FL03408,2024-04-04,AL008,AC035,AP020,AP013,2024-04-04 07:30:00,2024-04-04 09:59:00,149.0,Crew,Severely Delayed,352,3888,189,147,422.0,62034,77.77777777777779,Spring
FL03409,2024-09-11,AL010,AC032,AP010,AP025,2024-09-11 10:45:00,2024-09-11 11:59:00,74.0,Late Aircraft,Delayed,627,6660,396,265,445.0,117925,66.91919191919192,Autumn
FL03410,2024-03-25,AL003,AC015,AP009,AP006,2024-03-25 11:30:00,2024-03-25 11:37:00,7.0,Crew,Delayed,464,4350,396,267,209.0,55803,67.42424242424242,Spring
FL03411,2023-12-30,AL004,AC038,AP022,AP001,2023-12-30 18:00:00,2023-12-30 18:15:00,15.0,Weather,Delayed,455,1271,189,168,337.0,56616,88.88888888888889,Winter
FL03412,2023-01-30,AL009,AC020,AP022,AP017,2023-01-30 22:30:00,2023-01-30 22:44:00,14.0,Weather,Delayed,371,3929,396,269,406.0,109214,67.92929292929293,Winter
FL03413,2024-07-25,AL010,AC026,AP006,AP016,2024-07-25 05:00:00,2024-07-25 05:47:00,47.0,Technical,Delayed,90,1423,189,149,311.0,46339,78.83597883597884,Summer
FL03414,2024-06-28,AL001,AC008,AP018,AP028,2024-06-28 22:00:00,2024-06-28 23:44:00,104.0,Technical,Delayed,319,647,300,196,265.0,51940,65.33333333333333,Summer
FL03415,2023-10-15,AL002,AC015,AP027,AP010,2023-10-15 21:45:00,2023-10-16 00:38:00,173.0,Crew,Severely Delayed,512,2304,396,355,586.0,208030,89.64646464646465,Autumn
FL03416,2025-09-09,AL010,AC015,AP014,AP008,2025-09-09 13:00:00,2025-09-09 13:10:00,10.0,Air Traffic,Delayed,288,2673,396,306,540.0,165240,77.27272727272727,Autumn
FL03417,2025-11-15,AL010,AC024,AP028,AP027,2025-11-15 17:30:00,2025-11-15 17:41:00,11.0,Air Traffic,Delayed,646,2989,296,243,374.0,90882,82.0945945945946,Autumn
FL03418,2023-05-23,AL004,AC005,AP002,AP015,2023-05-23 07:45:00,2023-05-23 07:58:00,13.0,Late Aircraft,Delayed,640,7214,325,228,599.0,136572,70.15384615384616,Spring
FL03419,2025-02-02,AL010,AC015,AP017,AP019,2025-02-02 18:15:00,2025-02-02 18:26:00,11.0,Air Traffic,Delayed,398,1021,396,297,366.0,108702,75.0,Winter
FL03420,2023-08-01,AL001,AC004,AP030,AP024,2023-08-01 16:15:00,2023-08-01 16:30:00,15.0,Security,Delayed,470,5969,180,158,450.0,71100,87.77777777777777,Summer
FL03421,2023-06-16,AL009,AC032,AP002,AP016,2023-06-16 19:15:00,2023-06-16 19:28:00,13.0,Air Traffic,Delayed,539,2199,396,392,255.0,99960,98.989898989899,Summer
FL03422,2024-07-28,AL002,AC024,AP013,AP027,2024-07-28 14:00:00,2024-07-28 14:11:00,11.0,Crew,Delayed,529,3391,296,293,209.0,61237,98.98648648648648,Summer
FL03423,2023-11-07,AL002,AC014,AP001,AP011,2023-11-07 21:00:00,2023-11-07 21:15:00,15.0,Late Aircraft,Delayed,236,4124,325,182,238.0,43316,56.00000000000001,Autumn
FL03424,2025-07-20,AL005,AC017,AP023,AP020,2025-07-20 15:15:00,2025-07-20 15:19:00,4.0,Security,Delayed,555,6899,296,216,321.0,69336,72.97297297297297,Summer
FL03425,2023-12-10,AL005,AC030,AP017,AP009,2023-12-10 13:00:00,2023-12-10 13:13:00,13.0,Crew,Delayed,295,6156,325,272,189.0,51408,83.6923076923077,Winter
FL03426,2025-09-30,AL008,AC022,AP010,AP022,2025-09-30 19:30:00,2025-09-30 21:43:00,133.0,Weather,Severely Delayed,399,7284,300,273,629.0,171717,91.0,Autumn
FL03427,2025-10-25,AL006,AC027,AP017,AP030,2025-10-25 20:45:00,2025-10-25 20:45:00,0.0,No Delay,On Time,261,2791,325,203,550.0,111650,62.46153846153846,Autumn
FL03428,2025-08-06,AL004,AC008,AP025,AP013,2025-08-06 09:15:00,2025-08-06 09:28:00,13.0,Security,Delayed,265,2218,300,216,339.0,73224,72.0,Summer
FL03429,2025-10-06,AL010,AC004,AP009,AP023,2025-10-06 16:30:00,2025-10-06 16:33:00,3.0,Air Traffic,Delayed,494,1222,180,140,398.0,55720,77.77777777777779,Autumn
FL03430,2023-12-02,AL004,AC002,AP029,AP003,2023-12-02 15:15:00,2023-12-02 15:19:00,4.0,Late Aircraft,Delayed,615,3108,300,279,94.0,26226,93.0,Winter
FL03431,2025-07-04,AL008,AC003,AP003,AP026,2025-07-04 12:45:00,2025-07-04 13:26:00,41.0,Technical,Delayed,229,7787,396,229,240.0,54960,57.82828282828283,Summer
FL03432,2023-09-17,AL005,AC034,AP019,AP023,2023-09-17 14:15:00,2023-09-17 14:22:00,7.0,Technical,Delayed,233,603,300,243,187.0,45441,81.0,Autumn
FL03433,2024-10-10,AL003,AC030,AP009,AP007,2024-10-10 05:45:00,2024-10-10 06:00:00,15.0,Weather,Delayed,90,7695,325,219,435.0,95265,67.38461538461539,Autumn
FL03434,2025-08-02,AL006,AC027,AP024,AP011,2025-08-02 19:00:00,2025-08-02 19:58:00,58.0,Crew,Delayed,691,4760,325,244,372.0,90768,75.07692307692308,Summer
FL03435,2023-11-07,AL002,AC033,AP006,AP018,2023-11-07 17:15:00,2023-11-07 17:25:00,10.0,Late Aircraft,Delayed,575,2493,220,153,281.0,42993,69.54545454545455,Autumn
FL03436,2025-02-25,AL008,AC010,AP029,AP027,2025-02-25 06:00:00,2025-02-25 08:26:00,146.0,Crew,Severely Delayed,400,5999,396,338,209.0,70642,85.35353535353535,Winter
FL03437,2024-11-05,AL007,AC011,AP007,AP005,2024-11-05 16:15:00,2024-11-05 16:27:00,12.0,Technical,Delayed,571,1242,300,151,266.0,40166,50.33333333333333,Autumn
FL03438,2024-11-29,AL009,AC006,AP014,AP023,2024-11-29 15:15:00,2024-11-29 15:22:00,7.0,Air Traffic,Delayed,244,1894,300,204,118.0,24072,68.0,Autumn
FL03439,2025-01-17,AL010,AC032,AP013,AP019,2025-01-17 16:00:00,2025-01-17 16:15:00,15.0,Late Aircraft,Delayed,302,7666,396,293,78.0,22854,73.98989898989899,Winter
FL03440,2023-01-08,AL007,AC012,AP018,AP023,2023-01-08 18:30:00,2023-01-08 18:45:00,15.0,Security,Delayed,310,7904,189,151,643.0,97093,79.8941798941799,Winter
FL03441,2024-08-26,AL009,AC006,AP004,AP008,2024-08-26 19:30:00,2024-08-26 19:33:00,3.0,Late Aircraft,Delayed,281,2677,300,246,627.0,154242,82.0,Summer
FL03442,2025-03-02,AL009,AC028,AP016,AP001,2025-03-02 22:45:00,2025-03-02 22:47:00,2.0,Crew,Delayed,553,5497,296,228,513.0,116964,77.02702702702703,Spring
FL03443,2025-07-04,AL010,AC023,AP003,AP001,2025-07-04 16:30:00,2025-07-04 16:45:00,15.0,Security,Delayed,144,3134,180,127,584.0,74168,70.55555555555556,Summer
FL03444,2023-12-13,AL008,AC019,AP009,AP004,2023-12-13 09:15:00,2023-12-13 09:20:00,5.0,Air Traffic,Delayed,687,4465,296,193,116.0,22388,65.2027027027027,Winter
FL03445,2023-10-04,AL002,AC022,AP011,AP021,2023-10-04 08:00:00,2023-10-04 08:37:00,37.0,Security,Delayed,717,1040,300,250,368.0,92000,83.33333333333334,Autumn
FL03446,2025-05-06,AL004,AC021,AP008,AP024,2025-05-06 06:45:00,2025-05-06 06:54:00,9.0,Security,Delayed,592,2452,325,277,233.0,64541,85.23076923076923,Spring
FL03447,2023-07-23,AL008,AC018,AP002,AP020,2023-07-23 13:00:00,2023-07-23 13:01:00,1.0,Weather,Delayed,689,2435,189,113,147.0,16611,59.78835978835979,Summer
FL03448,2023-05-01,AL005,AC023,AP002,AP011,2023-05-01 09:00:00,2023-05-01 10:34:00,94.0,Security,Delayed,416,8129,180,106,208.0,22048,58.88888888888889,Spring
FL03449,2023-09-12,AL002,AC003,AP010,AP024,2023-09-12 11:45:00,2023-09-12 11:48:00,3.0,Weather,Delayed,360,4875,396,357,541.0,193137,90.15151515151516,Autumn
FL03450,2025-11-30,AL001,AC003,AP010,AP024,2025-11-30 17:45:00,2025-11-30 17:47:00,2.0,Weather,Delayed,281,1245,396,216,571.0,123336,54.54545454545454,Autumn
FL03451,2024-01-29,AL010,AC012,AP016,AP006,2024-01-29 18:30:00,2024-01-29 18:38:00,8.0,Technical,Delayed,407,3492,189,129,374.0,48246,68.25396825396825,Winter
FL03452,2024-12-01,AL003,AC014,AP024,AP026,2024-12-01 11:15:00,2024-12-01 13:25:00,130.0,Late Aircraft,Severely Delayed,432,3260,325,246,384.0,94464,75.6923076923077,Winter
FL03453,2023-09-01,AL001,AC035,AP007,AP030,2023-09-01 12:45:00,2023-09-01 15:40:00,175.0,Weather,Severely Delayed,548,4011,189,140,81.0,11340,74.07407407407408,Autumn
FL03454,2024-11-17,AL007,AC019,AP004,AP007,2024-11-17 20:15:00,2024-11-17 22:36:00,141.0,Crew,Severely Delayed,276,7439,296,285,490.0,139650,96.2837837837838,Autumn
FL03455,2025-08-16,AL005,AC038,AP003,AP011,2025-08-16 09:45:00,2025-08-16 10:59:00,74.0,Crew,Delayed,438,7897,189,168,519.0,87192,88.88888888888889,Summer
FL03456,2024-02-06,AL008,AC033,AP011,AP022,2024-02-06 13:30:00,2024-02-06 13:39:00,9.0,Security,Delayed,444,8454,220,157,360.0,56520,71.36363636363636,Winter
FL03457,2023-02-21,AL005,AC027,AP003,AP008,2023-02-21 16:15:00,2023-02-21 18:14:00,119.0,Late Aircraft,Delayed,609,375,325,248,628.0,155744,76.3076923076923,Winter
FL03458,2023-06-22,AL001,AC029,AP004,AP008,2023-06-22 05:30:00,2023-06-22 06:02:00,32.0,Late Aircraft,Delayed,82,1233,220,172,303.0,52116,78.18181818181819,Summer
FL03459,2025-02-10,AL008,AC035,AP014,AP007,2025-02-10 16:45:00,2025-02-10 19:37:00,172.0,Security,Severely Delayed,326,3473,189,143,316.0,45188,75.66137566137566,Winter
FL03460,2023-01-02,AL006,AC013,AP001,AP014,2023-01-02 15:45:00,2023-01-02 15:58:00,13.0,Crew,Delayed,513,7026,325,273,631.0,172263,84.0,Winter
FL03461,2023-07-10,AL002,AC003,AP011,AP021,2023-07-10 19:45:00,2023-07-10 19:52:00,7.0,Crew,Delayed,127,6455,396,255,432.0,110160,64.39393939393939,Summer
FL03462,2023-09-26,AL008,AC009,AP022,AP018,2023-09-26 22:00:00,2023-09-26 22:04:00,4.0,Technical,Delayed,430,5410,296,238,612.0,145656,80.4054054054054,Autumn
FL03463,2024-06-08,AL001,AC022,AP019,AP006,2024-06-08 17:00:00,2024-06-08 17:03:00,3.0,Crew,Cancelled,536,3203,300,0,466.0,0,0.0,Summer
FL03464,2024-09-29,AL006,AC007,AP016,AP010,2024-09-29 08:45:00,2024-09-29 09:00:00,15.0,Crew,Delayed,714,1906,300,205,254.0,52070,68.33333333333333,Autumn
FL03465,2023-05-24,AL008,AC020,AP003,AP011,2023-05-24 08:45:00,2023-05-24 11:09:00,144.0,Crew,Severely Delayed,704,8170,396,318,608.0,193344,80.3030303030303,Spring
FL03466,2023-12-03,AL002,AC033,AP003,AP005,2023-12-03 14:15:00,2023-12-03 14:19:00,4.0,Weather,Delayed,442,8211,220,151,194.0,29294,68.63636363636364,Winter
FL03467,2025-12-06,AL008,AC005,AP027,AP002,2025-12-06 19:00:00,2025-12-06 19:32:00,32.0,Weather,Delayed,221,772,325,212,532.0,112784,65.23076923076923,Winter
FL03468,2024-10-29,AL003,AC012,AP024,AP007,2024-10-29 21:15:00,2024-10-29 21:17:00,2.0,Security,Delayed,490,5748,189,101,149.0,15049,53.43915343915344,Autumn
FL03469,2024-09-14,AL002,AC028,AP005,AP021,2024-09-14 08:00:00,2024-09-14 08:13:00,13.0,Crew,Delayed,90,6291,296,226,218.0,49268,76.35135135135135,Autumn
FL03470,2024-04-18,AL005,AC011,AP030,AP006,2024-04-18 12:15:00,2024-04-18 12:16:00,1.0,Late Aircraft,Delayed,237,2722,300,189,278.0,52542,63.0,Spring
FL03471,2025-12-21,AL005,AC018,AP029,AP008,2025-12-21 06:00:00,2025-12-21 06:05:00,5.0,Air Traffic,Delayed,268,4971,189,173,504.0,87192,91.53439153439152,Winter
FL03472,2024-07-23,AL010,AC012,AP017,AP006,2024-07-23 05:00:00,2024-07-23 05:05:00,5.0,Weather,Delayed,339,4176,189,146,401.0,58546,77.24867724867724,Summer
FL03473,2025-07-19,AL005,AC004,AP013,AP017,2025-07-19 05:45:00,2025-07-19 05:52:00,7.0,Late Aircraft,Delayed,66,1988,180,175,401.0,70175,97.2222222222222,Summer
FL03474,2025-10-05,AL006,AC030,AP002,AP009,2025-10-05 18:30:00,2025-10-05 18:43:00,13.0,Crew,Delayed,694,6133,325,271,385.0,104335,83.38461538461537,Autumn
FL03475,2023-07-11,AL002,AC028,AP022,AP016,2023-07-11 21:00:00,2023-07-11 21:11:00,11.0,Air Traffic,Delayed,85,7678,296,240,604.0,144960,81.08108108108108,Summer
FL03476,2023-02-23,AL001,AC018,AP023,AP006,2023-02-23 19:30:00,2023-02-23 20:04:00,34.0,Air Traffic,Delayed,288,2043,189,143,153.0,21879,75.66137566137566,Winter
FL03477,2024-03-29,AL008,AC005,AP017,AP007,2024-03-29 06:15:00,2024-03-29 06:26:00,11.0,Crew,Delayed,353,3370,325,303,604.0,183012,93.23076923076924,Spring
FL03478,2024-04-14,AL006,AC005,AP030,AP027,2024-04-14 20:15:00,2024-04-14 20:43:00,28.0,Crew,Delayed,301,6630,325,282,645.0,181890,86.76923076923076,Spring
FL03479,2025-03-08,AL009,AC002,AP022,AP019,2025-03-08 20:45:00,2025-03-08 20:52:00,7.0,Security,Delayed,487,7439,300,268,300.0,80400,89.33333333333333,Spring
FL03480,2025-11-12,AL005,AC037,AP020,AP027,2025-11-12 22:00:00,2025-11-12 22:12:00,12.0,Weather,Delayed,182,7247,220,160,644.0,103040,72.72727272727273,Autumn
FL03481,2023-02-27,AL005,AC039,AP017,AP025,2023-02-27 15:15:00,2023-02-27 17:57:00,162.0,Late Aircraft,Severely Delayed,343,4369,300,209,464.0,96976,69.66666666666667,Winter
FL03482,2023-05-29,AL010,AC025,AP009,AP027,2023-05-29 12:30:00,2023-05-29 12:31:00,1.0,Air Traffic,Delayed,621,2049,296,266,559.0,148694,89.86486486486487,Spring
FL03483,2025-03-05,AL003,AC034,AP012,AP026,2025-03-05 09:45:00,2025-03-05 09:53:00,8.0,Weather,Delayed,702,1507,300,233,588.0,137004,77.66666666666666,Spring
FL03484,2023-09-19,AL007,AC035,AP004,AP006,2023-09-19 18:30:00,2023-09-19 18:37:00,7.0,Air Traffic,Delayed,467,5965,189,165,107.0,17655,87.3015873015873,Autumn
FL03485,2024-04-17,AL010,AC026,AP018,AP028,2024-04-17 07:45:00,2024-04-17 09:42:00,117.0,Technical,Delayed,594,5442,189,176,335.0,58960,93.12169312169311,Spring
FL03486,2023-05-26,AL010,AC015,AP027,AP006,2023-05-26 06:45:00,2023-05-26 06:48:00,3.0,Security,Delayed,699,3356,396,320,230.0,73600,80.8080808080808,Spring
FL03487,2024-05-11,AL001,AC039,AP004,AP023,2024-05-11 21:00:00,2024-05-11 21:15:00,15.0,Weather,Delayed,582,2148,300,181,488.0,88328,60.333333333333336,Spring
FL03488,2023-06-11,AL007,AC023,AP026,AP003,2023-06-11 19:00:00,2023-06-11 20:22:00,82.0,Crew,Delayed,548,7896,180,156,111.0,17316,86.66666666666667,Summer
FL03489,2025-05-04,AL008,AC038,AP010,AP025,2025-05-04 13:00:00,2025-05-04 13:14:00,14.0,Air Traffic,Cancelled,597,6070,189,0,622.0,0,0.0,Spring
FL03490,2024-01-20,AL007,AC004,AP017,AP013,2024-01-20 21:00:00,2024-01-20 21:10:00,10.0,Air Traffic,Delayed,706,1801,180,143,318.0,45474,79.44444444444444,Winter
FL03491,2025-04-12,AL004,AC034,AP015,AP003,2025-04-12 08:00:00,2025-04-12 08:15:00,15.0,Late Aircraft,Delayed,257,6521,300,211,111.0,23421,70.33333333333334,Spring
FL03492,2024-12-11,AL009,AC004,AP006,AP010,2024-12-11 13:00:00,2024-12-11 13:12:00,12.0,Weather,Delayed,370,2275,180,134,256.0,34304,74.44444444444444,Winter
FL03493,2023-12-23,AL010,AC040,AP022,AP016,2023-12-23 19:15:00,2023-12-23 20:06:00,51.0,Technical,Delayed,568,2840,220,173,75.0,12975,78.63636363636364,Winter
FL03494,2024-11-13,AL010,AC022,AP028,AP015,2024-11-13 11:30:00,2024-11-13 11:35:00,5.0,Crew,Delayed,129,596,300,211,268.0,56548,70.33333333333334,Autumn
FL03495,2024-08-28,AL007,AC029,AP007,AP015,2024-08-28 21:15:00,2024-08-29 00:00:00,165.0,Late Aircraft,Severely Delayed,394,6110,220,178,500.0,89000,80.9090909090909,Summer
FL03496,2025-04-15,AL004,AC020,AP005,AP026,2025-04-15 20:15:00,2025-04-15 20:24:00,9.0,Security,Delayed,214,2116,396,390,407.0,158730,98.48484848484848,Spring
FL03497,2024-10-06,AL002,AC024,AP019,AP027,2024-10-06 16:30:00,2024-10-06 16:41:00,11.0,Security,Delayed,683,2894,296,239,310.0,74090,80.74324324324324,Autumn
FL03498,2024-06-12,AL001,AC015,AP014,AP025,2024-06-12 11:30:00,2024-06-12 11:34:00,4.0,Technical,Delayed,144,1300,396,271,168.0,45528,68.43434343434343,Summer
FL03499,2025-11-13,AL001,AC035,AP003,AP027,2025-11-13 20:00:00,2025-11-13 20:06:00,6.0,Weather,Delayed,203,5430,189,162,431.0,69822,85.71428571428571,Autumn
FL03500,2024-09-12,AL001,AC006,AP021,AP028,2024-09-12 11:00:00,2024-09-12 11:07:00,7.0,Security,Delayed,310,6727,300,228,99.0,22572,76.0,Autumn
FL03501,2025-03-16,AL005,AC031,AP012,AP011,2025-03-16 22:00:00,2025-03-16 22:14:00,14.0,Air Traffic,Delayed,499,3251,300,211,132.0,27852,70.33333333333334,Spring
FL03502,2025-09-25,AL009,AC035,AP025,AP017,2025-09-25 15:30:00,2025-09-25 15:39:00,9.0,Crew,Delayed,658,6430,189,114,114.0,12996,60.31746031746032,Autumn
FL03503,2023-11-08,AL001,AC025,AP002,AP007,2023-11-08 20:15:00,2023-11-08 20:30:00,15.0,Late Aircraft,Delayed,402,890,296,275,223.0,61325,92.9054054054054,Autumn
FL03504,2024-08-30,AL003,AC027,AP001,AP015,2024-08-30 21:45:00,2024-08-31 00:00:00,135.0,Crew,Severely Delayed,495,5378,325,271,141.0,38211,83.38461538461537,Summer
FL03505,2024-10-21,AL008,AC016,AP013,AP019,2024-10-21 14:30:00,2024-10-21 14:44:00,14.0,Air Traffic,Delayed,224,4813,189,169,560.0,94640,89.41798941798942,Autumn
FL03506,2024-01-13,AL007,AC034,AP022,AP028,2024-01-13 20:45:00,2024-01-13 20:54:00,9.0,Weather,Delayed,317,2902,300,163,375.0,61125,54.333333333333336,Winter
FL03507,2024-05-04,AL008,AC036,AP011,AP026,2024-05-04 09:15:00,2024-05-04 09:21:00,6.0,Security,Delayed,663,7512,180,153,563.0,86139,85.0,Spring
FL03508,2023-08-08,AL006,AC040,AP003,AP027,2023-08-08 20:00:00,2023-08-08 21:27:00,87.0,Security,Delayed,465,7432,220,178,381.0,67818,80.9090909090909,Summer
FL03509,2024-03-17,AL009,AC029,AP011,AP005,2024-03-17 12:15:00,2024-03-17 12:21:00,6.0,Late Aircraft,Delayed,309,7222,220,141,92.0,12972,64.0909090909091,Spring
FL03510,2024-04-14,AL005,AC037,AP005,AP029,2024-04-14 10:00:00,2024-04-14 10:06:00,6.0,Technical,Delayed,54,1797,220,189,344.0,65016,85.9090909090909,Spring
FL03511,2025-05-30,AL009,AC033,AP024,AP010,2025-05-30 21:00:00,2025-05-30 21:10:00,10.0,Air Traffic,Delayed,331,6498,220,176,602.0,105952,80.0,Spring
FL03512,2025-01-01,AL008,AC022,AP015,AP028,2025-01-01 14:45:00,2025-01-01 14:55:00,10.0,Air Traffic,Delayed,374,3753,300,193,522.0,100746,64.33333333333333,Winter
FL03513,2025-03-23,AL002,AC025,AP023,AP021,2025-03-23 14:00:00,2025-03-23 15:51:00,111.0,Security,Delayed,300,4008,296,199,208.0,41392,67.22972972972973,Spring
FL03514,2025-09-13,AL005,AC005,AP023,AP007,2025-09-13 19:30:00,2025-09-13 19:32:00,2.0,Technical,Delayed,399,3257,325,270,233.0,62910,83.07692307692308,Autumn
FL03515,2025-02-23,AL008,AC009,AP014,AP028,2025-02-23 12:45:00,2025-02-23 13:02:00,17.0,Late Aircraft,Delayed,556,6011,296,238,176.0,41888,80.4054054054054,Winter
FL03516,2025-04-19,AL006,AC022,AP007,AP006,2025-04-19 18:15:00,2025-04-19 18:26:00,11.0,Air Traffic,Delayed,351,1027,300,190,287.0,54530,63.33333333333333,Spring
FL03517,2024-01-05,AL009,AC038,AP019,AP004,2024-01-05 17:30:00,2024-01-05 17:36:00,6.0,Security,Delayed,376,5610,189,130,632.0,82160,68.78306878306879,Winter
FL03518,2025-10-11,AL007,AC033,AP023,AP020,2025-10-11 10:45:00,2025-10-11 11:00:00,15.0,Technical,Delayed,65,423,220,179,607.0,108653,81.36363636363636,Autumn
FL03519,2023-09-08,AL007,AC004,AP027,AP003,2023-09-08 07:30:00,2023-09-08 07:43:00,13.0,Late Aircraft,Delayed,602,2593,180,108,333.0,35964,60.0,Autumn
FL03520,2023-06-11,AL005,AC002,AP014,AP018,2023-06-11 15:45:00,2023-06-11 15:48:00,3.0,Weather,Delayed,704,2177,300,264,274.0,72336,88.0,Summer
FL03521,2024-10-24,AL005,AC002,AP028,AP025,2024-10-24 09:15:00,2024-10-24 09:29:00,14.0,Weather,Delayed,215,1088,300,244,337.0,82228,81.33333333333333,Autumn
FL03522,2024-02-17,AL002,AC032,AP003,AP011,2024-02-17 05:00:00,2024-02-17 05:10:00,10.0,Crew,Delayed,389,6722,396,246,171.0,42066,62.121212121212125,Winter
FL03523,2024-03-22,AL008,AC021,AP021,AP024,2024-03-22 05:30:00,2024-03-22 05:45:00,15.0,Weather,Delayed,473,2813,325,214,313.0,66982,65.84615384615384,Spring
FL03524,2024-08-15,AL007,AC029,AP007,AP019,2024-08-15 06:15:00,2024-08-15 06:25:00,10.0,Technical,Delayed,398,5194,220,142,347.0,49274,64.54545454545455,Summer
FL03525,2023-07-02,AL010,AC021,AP028,AP026,2023-07-02 11:45:00,2023-07-02 11:48:00,3.0,Security,Delayed,335,7921,325,265,614.0,162710,81.53846153846153,Summer
FL03526,2025-04-12,AL005,AC030,AP028,AP026,2025-04-12 09:45:00,2025-04-12 09:59:00,14.0,Security,Delayed,311,2190,325,232,111.0,25752,71.38461538461539,Spring
FL03527,2023-11-18,AL008,AC014,AP004,AP016,2023-11-18 07:45:00,2023-11-18 07:56:00,11.0,Weather,Delayed,579,5993,325,268,293.0,78524,82.46153846153847,Autumn
FL03528,2025-09-19,AL002,AC031,AP024,AP004,2025-09-19 12:30:00,2025-09-19 12:35:00,5.0,Crew,Delayed,334,3377,300,176,181.0,31856,58.66666666666666,Autumn
FL03529,2023-07-02,AL003,AC027,AP013,AP014,2023-07-02 08:00:00,2023-07-02 08:09:00,9.0,Crew,Delayed,239,4617,325,262,217.0,56854,80.61538461538461,Summer
FL03530,2025-08-01,AL007,AC038,AP013,AP008,2025-08-01 20:15:00,2025-08-01 22:02:00,107.0,Technical,Delayed,693,2196,189,153,228.0,34884,80.95238095238095,Summer
FL03531,2025-01-19,AL006,AC002,AP004,AP001,2025-01-19 19:00:00,2025-01-19 19:03:00,3.0,Crew,Delayed,361,2725,300,226,252.0,56952,75.33333333333333,Winter
FL03532,2024-07-16,AL010,AC014,AP017,AP004,2024-07-16 16:15:00,2024-07-16 16:18:00,3.0,Crew,Delayed,280,7269,325,266,387.0,102942,81.84615384615384,Summer
FL03533,2025-08-13,AL002,AC034,AP007,AP017,2025-08-13 22:30:00,2025-08-13 22:45:00,15.0,Technical,Delayed,360,1661,300,236,137.0,32332,78.66666666666666,Summer
FL03534,2023-07-11,AL002,AC010,AP010,AP013,2023-07-11 18:45:00,2023-07-11 19:36:00,51.0,Technical,Delayed,191,1990,396,297,519.0,154143,75.0,Summer
FL03535,2025-01-07,AL008,AC011,AP026,AP021,2025-01-07 09:30:00,2025-01-07 12:04:00,154.0,Crew,Severely Delayed,67,1449,300,240,404.0,96960,80.0,Winter
FL03536,2024-09-13,AL010,AC014,AP026,AP023,2024-09-13 16:45:00,2024-09-13 16:50:00,5.0,Weather,Delayed,572,688,325,314,194.0,60916,96.6153846153846,Autumn
FL03537,2023-11-09,AL005,AC019,AP002,AP017,2023-11-09 21:45:00,2023-11-09 23:29:00,104.0,Air Traffic,Delayed,615,7616,296,256,435.0,111360,86.48648648648648,Autumn
FL03538,2025-10-14,AL001,AC001,AP015,AP001,2025-10-14 17:30:00,2025-10-14 17:30:00,0.0,No Delay,On Time,486,732,325,218,504.0,109872,67.07692307692308,Autumn
FL03539,2023-10-03,AL003,AC005,AP030,AP028,2023-10-03 13:15:00,2023-10-03 13:19:00,4.0,Security,Delayed,542,2063,325,263,228.0,59964,80.92307692307692,Autumn
FL03540,2024-01-25,AL004,AC040,AP023,AP030,2024-01-25 11:30:00,2024-01-25 11:34:00,4.0,Late Aircraft,Delayed,527,7484,220,159,507.0,80613,72.27272727272728,Winter
FL03541,2025-06-22,AL008,AC035,AP030,AP025,2025-06-22 12:15:00,2025-06-22 12:29:00,14.0,Weather,Delayed,666,7296,189,132,332.0,43824,69.84126984126983,Summer
FL03542,2025-11-28,AL010,AC034,AP023,AP029,2025-11-28 11:15:00,2025-11-28 11:26:00,11.0,Weather,Delayed,249,5562,300,183,92.0,16836,61.0,Autumn
FL03543,2025-12-19,AL002,AC015,AP005,AP023,2025-12-19 15:00:00,2025-12-19 15:15:00,15.0,Crew,Delayed,205,7609,396,337,122.0,41114,85.1010101010101,Winter
FL03544,2025-11-04,AL004,AC012,AP008,AP030,2025-11-04 20:30:00,2025-11-04 20:40:00,10.0,Late Aircraft,Delayed,648,725,189,118,469.0,55342,62.43386243386243,Autumn
FL03545,2025-06-02,AL005,AC027,AP011,AP009,2025-06-02 10:45:00,2025-06-02 10:46:00,1.0,Security,Delayed,476,1295,325,234,630.0,147420,72.0,Summer
FL03546,2025-09-17,AL008,AC027,AP004,AP007,2025-09-17 06:00:00,2025-09-17 06:12:00,12.0,Security,Delayed,593,2942,325,239,202.0,48278,73.53846153846155,Autumn
FL03547,2024-08-13,AL004,AC006,AP012,AP024,2024-08-13 13:30:00,2024-08-13 13:39:00,9.0,Security,Delayed,297,4605,300,196,361.0,70756,65.33333333333333,Summer
FL03548,2024-07-30,AL010,AC038,AP026,AP018,2024-07-30 06:15:00,2024-07-30 06:23:00,8.0,Crew,Delayed,642,706,189,148,145.0,21460,78.3068783068783,Summer
FL03549,2025-02-20,AL006,AC008,AP009,AP019,2025-02-20 05:00:00,2025-02-20 05:09:00,9.0,Air Traffic,Delayed,150,3547,300,159,125.0,19875,53.0,Winter
FL03550,2025-06-04,AL008,AC020,AP009,AP028,2025-06-04 05:30:00,2025-06-04 05:34:00,4.0,Air Traffic,Delayed,556,1079,396,275,222.0,61050,69.44444444444444,Summer
FL03551,2024-01-02,AL008,AC040,AP012,AP028,2024-01-02 14:30:00,2024-01-02 14:38:00,8.0,Air Traffic,Delayed,279,7020,220,165,256.0,42240,75.0,Winter
FL03552,2025-07-09,AL007,AC013,AP021,AP022,2025-07-09 20:30:00,2025-07-09 20:44:00,14.0,Security,Delayed,320,1693,325,192,476.0,91392,59.07692307692308,Summer
FL03553,2024-11-20,AL005,AC037,AP020,AP018,2024-11-20 06:30:00,2024-11-20 06:30:00,0.0,No Delay,On Time,249,3909,220,185,360.0,66600,84.0909090909091,Autumn
FL03554,2025-03-16,AL008,AC009,AP012,AP027,2025-03-16 16:00:00,2025-03-16 16:00:00,0.0,No Delay,On Time,79,7894,296,199,164.0,32636,67.22972972972973,Spring
FL03555,2025-01-15,AL003,AC020,AP019,AP004,2025-01-15 18:30:00,2025-01-15 18:41:00,11.0,Air Traffic,Delayed,337,3743,396,278,431.0,119818,70.2020202020202,Winter
FL03556,2025-09-15,AL007,AC019,AP006,AP030,2025-09-15 18:45:00,2025-09-15 18:55:00,10.0,Technical,Delayed,554,1377,296,243,136.0,33048,82.0945945945946,Autumn
FL03557,2024-04-04,AL001,AC027,AP019,AP023,2024-04-04 10:00:00,2024-04-04 10:11:00,11.0,Crew,Delayed,444,8182,325,298,649.0,193402,91.6923076923077,Spring
FL03558,2024-01-25,AL008,AC013,AP006,AP013,2024-01-25 09:00:00,2024-01-25 09:15:00,15.0,Security,Delayed,441,4413,325,222,272.0,60384,68.3076923076923,Winter
FL03559,2023-05-15,AL004,AC002,AP016,AP028,2023-05-15 06:45:00,2023-05-15 08:21:00,96.0,Security,Delayed,72,2209,300,274,410.0,112340,91.33333333333331,Spring
FL03560,2025-06-10,AL002,AC036,AP016,AP024,2025-06-10 06:30:00,2025-06-10 07:53:00,83.0,Weather,Delayed,152,8475,180,127,145.0,18415,70.55555555555556,Summer
FL03561,2025-11-04,AL009,AC023,AP020,AP016,2025-11-04 19:00:00,2025-11-04 19:01:00,1.0,Technical,Delayed,653,377,180,145,179.0,25955,80.55555555555556,Autumn
FL03562,2024-06-30,AL005,AC038,AP016,AP014,2024-06-30 12:45:00,2024-06-30 12:52:00,7.0,Crew,Delayed,213,8018,189,122,622.0,75884,64.55026455026454,Summer
FL03563,2025-06-30,AL008,AC039,AP008,AP004,2025-06-30 08:30:00,2025-06-30 08:42:00,12.0,Late Aircraft,Delayed,397,5031,300,119,581.0,69139,39.66666666666666,Summer
FL03564,2023-11-25,AL007,AC007,AP004,AP015,2023-11-25 14:45:00,2023-11-25 17:42:00,177.0,Security,Severely Delayed,404,1560,300,234,610.0,142740,78.0,Autumn
FL03565,2024-06-09,AL006,AC019,AP012,AP015,2024-06-09 11:30:00,2024-06-09 13:22:00,112.0,Technical,Delayed,405,7902,296,207,287.0,59409,69.93243243243244,Summer
FL03566,2024-12-28,AL005,AC004,AP008,AP004,2024-12-28 19:45:00,2024-12-28 19:56:00,11.0,Security,Delayed,259,1886,180,136,298.0,40528,75.55555555555556,Winter
FL03567,2024-03-08,AL007,AC035,AP002,AP030,2024-03-08 16:45:00,2024-03-08 18:40:00,115.0,Security,Delayed,72,1372,189,147,616.0,90552,77.77777777777779,Spring
FL03568,2024-06-15,AL002,AC023,AP001,AP011,2024-06-15 11:30:00,2024-06-15 12:09:00,39.0,Weather,Cancelled,637,3661,180,0,365.0,0,0.0,Summer
FL03569,2025-10-05,AL001,AC006,AP015,AP005,2025-10-05 06:30:00,2025-10-05 08:37:00,127.0,Security,Severely Delayed,567,1427,300,162,423.0,68526,54.0,Autumn
FL03570,2023-12-20,AL006,AC021,AP013,AP002,2023-12-20 22:15:00,2023-12-20 22:22:00,7.0,Air Traffic,Delayed,137,2696,325,168,177.0,29736,51.69230769230769,Winter
FL03571,2025-06-26,AL003,AC012,AP026,AP024,2025-06-26 16:15:00,2025-06-26 16:29:00,14.0,Crew,Delayed,338,1478,189,106,225.0,23850,56.08465608465608,Summer
FL03572,2024-01-21,AL004,AC039,AP013,AP020,2024-01-21 20:45:00,2024-01-21 21:08:00,23.0,Weather,Delayed,402,5500,300,240,298.0,71520,80.0,Winter
FL03573,2024-10-13,AL007,AC018,AP005,AP027,2024-10-13 08:30:00,2024-10-13 08:35:00,5.0,Air Traffic,Delayed,489,6140,189,183,437.0,79971,96.82539682539682,Autumn
FL03574,2023-07-30,AL004,AC038,AP028,AP001,2023-07-30 13:00:00,2023-07-30 13:06:00,6.0,Security,Delayed,439,6491,189,163,468.0,76284,86.24338624338624,Summer
FL03575,2025-08-11,AL001,AC039,AP017,AP030,2025-08-11 06:00:00,2025-08-11 06:12:00,12.0,Security,Cancelled,439,4784,300,0,158.0,0,0.0,Summer
FL03576,2023-06-25,AL006,AC027,AP022,AP014,2023-06-25 16:15:00,2023-06-25 16:30:00,15.0,Technical,Delayed,686,2461,325,321,104.0,33384,98.76923076923076,Summer
FL03577,2024-10-21,AL004,AC029,AP023,AP011,2024-10-21 06:00:00,2024-10-21 06:14:00,14.0,Crew,Delayed,485,5218,220,192,510.0,97920,87.27272727272727,Autumn
FL03578,2023-03-22,AL001,AC010,AP024,AP016,2023-03-22 16:45:00,2023-03-22 16:46:00,1.0,Air Traffic,Delayed,257,5718,396,390,464.0,180960,98.48484848484848,Spring
FL03579,2024-10-26,AL005,AC030,AP003,AP014,2024-10-26 06:15:00,2024-10-26 06:28:00,13.0,Weather,Cancelled,421,7329,325,0,428.0,0,0.0,Autumn
FL03580,2023-01-26,AL006,AC023,AP003,AP008,2023-01-26 12:00:00,2023-01-26 12:05:00,5.0,Air Traffic,Delayed,144,7320,180,147,72.0,10584,81.66666666666667,Winter
FL03581,2024-07-09,AL004,AC037,AP020,AP016,2024-07-09 08:45:00,2024-07-09 08:47:00,2.0,Weather,Delayed,589,3804,220,158,358.0,56564,71.81818181818181,Summer
FL03582,2025-11-28,AL008,AC001,AP029,AP010,2025-11-28 14:00:00,2025-11-28 14:00:00,0.0,No Delay,On Time,531,5362,325,275,305.0,83875,84.61538461538461,Autumn
FL03583,2025-03-03,AL002,AC020,AP006,AP027,2025-03-03 22:45:00,2025-03-03 22:52:00,7.0,Air Traffic,Delayed,687,8294,396,341,436.0,148676,86.11111111111111,Spring
FL03584,2025-09-14,AL007,AC038,AP015,AP007,2025-09-14 14:15:00,2025-09-14 14:16:00,1.0,Technical,Delayed,90,6904,189,122,327.0,39894,64.55026455026454,Autumn
FL03585,2023-02-10,AL001,AC023,AP013,AP001,2023-02-10 16:45:00,2023-02-10 16:53:00,8.0,Crew,Delayed,154,1394,180,123,490.0,60270,68.33333333333333,Winter
FL03586,2025-01-07,AL006,AC027,AP005,AP004,2025-01-07 10:45:00,2025-01-07 10:53:00,8.0,Technical,Delayed,533,7258,325,297,89.0,26433,91.3846153846154,Winter
FL03587,2024-02-26,AL006,AC013,AP028,AP012,2024-02-26 13:45:00,2024-02-26 13:48:00,3.0,Technical,Delayed,138,7560,325,250,190.0,47500,76.92307692307693,Winter
FL03588,2023-12-16,AL006,AC001,AP028,AP008,2023-12-16 20:00:00,2023-12-16 20:00:00,0.0,No Delay,On Time,715,5796,325,228,501.0,114228,70.15384615384616,Winter
FL03589,2024-12-07,AL009,AC033,AP029,AP026,2024-12-07 16:30:00,2024-12-07 16:38:00,8.0,Technical,Delayed,705,4009,220,157,503.0,78971,71.36363636363636,Winter
FL03590,2023-03-20,AL009,AC010,AP024,AP027,2023-03-20 13:30:00,2023-03-20 13:44:00,14.0,Security,Delayed,207,7793,396,265,93.0,24645,66.91919191919192,Spring
FL03591,2024-08-01,AL008,AC014,AP027,AP016,2024-08-01 22:00:00,2024-08-01 22:02:00,2.0,Crew,Delayed,184,3494,325,258,586.0,151188,79.38461538461539,Summer
FL03592,2023-03-27,AL006,AC026,AP021,AP001,2023-03-27 05:00:00,2023-03-27 05:01:00,1.0,Security,Delayed,508,678,189,129,107.0,13803,68.25396825396825,Spring
FL03593,2024-03-04,AL004,AC002,AP016,AP017,2024-03-04 05:30:00,2024-03-04 06:33:00,63.0,Security,Delayed,507,6659,300,246,544.0,133824,82.0,Spring
FL03594,2025-10-07,AL001,AC007,AP030,AP027,2025-10-07 17:00:00,2025-10-07 17:01:00,1.0,Technical,Delayed,127,3502,300,278,644.0,179032,92.66666666666666,Autumn
FL03595,2025-04-09,AL004,AC027,AP002,AP015,2025-04-09 15:30:00,2025-04-09 18:21:00,171.0,Crew,Severely Delayed,50,1638,325,223,229.0,51067,68.61538461538461,Spring
FL03596,2025-12-11,AL002,AC023,AP017,AP030,2025-12-11 21:00:00,2025-12-11 22:02:00,62.0,Security,Delayed,413,2862,180,118,346.0,40828,65.55555555555556,Winter
FL03597,2023-10-02,AL009,AC024,AP015,AP002,2023-10-02 22:00:00,2023-10-02 22:11:00,11.0,Security,Delayed,411,5005,296,208,124.0,25792,70.27027027027027,Autumn
FL03598,2025-12-05,AL005,AC016,AP009,AP028,2025-12-05 20:30:00,2025-12-05 20:45:00,15.0,Late Aircraft,Delayed,360,1073,189,182,90.0,16380,96.29629629629628,Winter
FL03599,2025-11-29,AL001,AC001,AP008,AP016,2025-11-29 18:15:00,2025-11-29 18:25:00,10.0,Crew,Delayed,558,6675,325,263,350.0,92050,80.92307692307692,Autumn
FL03600,2025-08-08,AL007,AC002,AP008,AP029,2025-08-08 22:15:00,2025-08-08 22:24:00,9.0,Security,Delayed,287,1560,300,235,91.0,21385,78.33333333333333,Summer
FL03601,2023-02-16,AL003,AC019,AP014,AP011,2023-02-16 05:30:00,2023-02-16 05:44:00,14.0,Technical,Delayed,587,4066,296,254,642.0,163068,85.8108108108108,Winter
FL03602,2025-10-20,AL009,AC023,AP011,AP028,2025-10-20 14:45:00,2025-10-20 16:34:00,109.0,Air Traffic,Delayed,300,2072,180,138,309.0,42642,76.66666666666667,Autumn
FL03603,2023-08-05,AL003,AC011,AP003,AP016,2023-08-05 16:00:00,2023-08-05 16:11:00,11.0,Security,Delayed,588,3724,300,226,330.0,74580,75.33333333333333,Summer
FL03604,2024-10-10,AL006,AC010,AP010,AP015,2024-10-10 14:00:00,2024-10-10 14:09:00,9.0,Security,Delayed,537,4877,396,343,383.0,131369,86.61616161616162,Autumn
FL03605,2025-08-11,AL006,AC035,AP030,AP011,2025-08-11 08:45:00,2025-08-11 08:49:00,4.0,Weather,Delayed,61,6953,189,135,134.0,18090,71.42857142857143,Summer
FL03606,2025-01-14,AL002,AC004,AP017,AP014,2025-01-14 05:45:00,2025-01-14 05:45:00,0.0,No Delay,On Time,274,1326,180,125,510.0,63750,69.44444444444444,Winter
FL03607,2024-07-15,AL009,AC039,AP005,AP015,2024-07-15 09:30:00,2024-07-15 12:10:00,160.0,Security,Severely Delayed,711,2843,300,297,383.0,113751,99.0,Summer
FL03608,2023-07-27,AL006,AC040,AP009,AP028,2023-07-27 10:15:00,2023-07-27 10:18:00,3.0,Late Aircraft,Delayed,218,7007,220,141,631.0,88971,64.0909090909091,Summer
FL03609,2023-07-11,AL003,AC013,AP006,AP003,2023-07-11 11:15:00,2023-07-11 11:18:00,3.0,Late Aircraft,Delayed,623,8219,325,314,315.0,98910,96.6153846153846,Summer
FL03610,2025-03-18,AL007,AC004,AP015,AP012,2025-03-18 12:00:00,2025-03-18 12:12:00,12.0,Technical,Delayed,672,8082,180,142,113.0,16046,78.88888888888889,Spring
FL03611,2025-01-12,AL007,AC010,AP029,AP015,2025-01-12 06:00:00,2025-01-12 06:05:00,5.0,Late Aircraft,Delayed,240,5680,396,277,419.0,116063,69.94949494949495,Winter
FL03612,2023-07-14,AL001,AC040,AP029,AP014,2023-07-14 21:45:00,2023-07-14 21:46:00,1.0,Crew,Cancelled,325,2850,220,0,227.0,0,0.0,Summer
FL03613,2023-12-24,AL007,AC007,AP012,AP021,2023-12-24 15:30:00,2023-12-24 15:41:00,11.0,Technical,Delayed,194,4147,300,242,552.0,133584,80.66666666666666,Winter
FL03614,2023-01-18,AL005,AC015,AP005,AP015,2023-01-18 20:15:00,2023-01-18 21:42:00,87.0,Late Aircraft,Delayed,422,7087,396,262,76.0,19912,66.16161616161617,Winter
FL03615,2023-06-17,AL004,AC032,AP010,AP027,2023-06-17 10:30:00,2023-06-17 10:42:00,12.0,Air Traffic,Cancelled,152,2691,396,0,129.0,0,0.0,Summer
FL03616,2024-12-28,AL008,AC001,AP014,AP015,2024-12-28 16:15:00,2024-12-28 16:16:00,1.0,Crew,Delayed,108,1387,325,251,122.0,30622,77.23076923076924,Winter
FL03617,2025-06-25,AL004,AC032,AP024,AP016,2025-06-25 09:30:00,2025-06-25 11:28:00,118.0,Late Aircraft,Delayed,82,7559,396,283,625.0,176875,71.46464646464646,Summer
FL03618,2024-07-10,AL009,AC028,AP017,AP003,2024-07-10 06:45:00,2024-07-10 06:57:00,12.0,Late Aircraft,Delayed,675,2763,296,235,102.0,23970,79.3918918918919,Summer
FL03619,2024-02-24,AL003,AC036,AP015,AP014,2024-02-24 07:00:00,2024-02-24 07:11:00,11.0,Crew,Delayed,252,2082,180,101,279.0,28179,56.11111111111112,Winter
FL03620,2025-07-28,AL010,AC002,AP022,AP020,2025-07-28 15:00:00,2025-07-28 15:03:00,3.0,Crew,Delayed,504,1028,300,280,389.0,108920,93.33333333333331,Summer
FL03621,2023-01-02,AL004,AC030,AP025,AP028,2023-01-02 09:15:00,2023-01-02 09:27:00,12.0,Air Traffic,Delayed,680,5640,325,238,607.0,144466,73.23076923076923,Winter
FL03622,2024-02-22,AL006,AC008,AP029,AP022,2024-02-22 10:15:00,2024-02-22 11:34:00,79.0,Weather,Delayed,627,7186,300,278,289.0,80342,92.66666666666666,Winter
FL03623,2023-03-05,AL004,AC019,AP030,AP007,2023-03-05 21:30:00,2023-03-05 21:42:00,12.0,Air Traffic,Delayed,607,6725,296,293,269.0,78817,98.98648648648648,Spring
FL03624,2025-12-13,AL005,AC013,AP012,AP016,2025-12-13 19:15:00,2025-12-13 19:27:00,12.0,Security,Delayed,249,1427,325,246,277.0,68142,75.6923076923077,Winter
FL03625,2024-05-25,AL005,AC016,AP024,AP002,2024-05-25 10:45:00,2024-05-25 11:00:00,15.0,Late Aircraft,Delayed,317,549,189,93,264.0,24552,49.2063492063492,Spring
FL03626,2025-06-13,AL008,AC034,AP016,AP007,2025-06-13 07:00:00,2025-06-13 07:07:00,7.0,Late Aircraft,Delayed,608,5738,300,282,521.0,146922,94.0,Summer
FL03627,2023-05-01,AL004,AC019,AP009,AP028,2023-05-01 09:00:00,2023-05-01 09:06:00,6.0,Late Aircraft,Delayed,488,6225,296,228,618.0,140904,77.02702702702703,Spring
FL03628,2023-04-19,AL007,AC006,AP007,AP030,2023-04-19 06:00:00,2023-04-19 08:55:00,175.0,Weather,Severely Delayed,86,7174,300,207,349.0,72243,69.0,Spring
FL03629,2024-02-06,AL005,AC021,AP015,AP025,2024-02-06 07:30:00,2024-02-06 08:31:00,61.0,Late Aircraft,Delayed,164,311,325,305,538.0,164090,93.84615384615384,Winter
FL03630,2024-04-29,AL004,AC032,AP019,AP023,2024-04-29 22:00:00,2024-04-29 22:56:00,56.0,Late Aircraft,Delayed,580,5587,396,315,403.0,126945,79.54545454545455,Spring
FL03631,2025-12-14,AL006,AC008,AP025,AP028,2025-12-14 10:00:00,2025-12-14 12:09:00,129.0,Crew,Severely Delayed,633,8141,300,212,147.0,31164,70.66666666666667,Winter
FL03632,2023-12-08,AL008,AC029,AP006,AP027,2023-12-08 18:45:00,2023-12-08 18:54:00,9.0,Air Traffic,Delayed,613,6979,220,183,396.0,72468,83.18181818181817,Winter
FL03633,2025-08-27,AL009,AC034,AP027,AP019,2025-08-27 17:30:00,2025-08-27 19:49:00,139.0,Air Traffic,Severely Delayed,99,1697,300,219,308.0,67452,73.0,Summer
FL03634,2024-01-03,AL006,AC018,AP020,AP011,2024-01-03 11:30:00,2024-01-03 11:32:00,2.0,Technical,Delayed,204,2382,189,132,104.0,13728,69.84126984126983,Winter
FL03635,2025-04-08,AL006,AC003,AP025,AP021,2025-04-08 14:15:00,2025-04-08 14:25:00,10.0,Technical,Delayed,468,7454,396,244,623.0,152012,61.61616161616161,Spring
FL03636,2023-10-09,AL001,AC016,AP005,AP003,2023-10-09 18:45:00,2023-10-09 20:42:00,117.0,Late Aircraft,Delayed,280,8166,189,161,599.0,96439,85.18518518518519,Autumn
FL03637,2024-07-07,AL001,AC021,AP017,AP007,2024-07-07 21:00:00,2024-07-07 21:13:00,13.0,Late Aircraft,Delayed,684,7560,325,247,635.0,156845,76.0,Summer
FL03638,2025-04-18,AL010,AC034,AP021,AP005,2025-04-18 20:30:00,2025-04-18 20:40:00,10.0,Security,Delayed,338,5685,300,218,342.0,74556,72.66666666666667,Spring
FL03639,2024-09-29,AL005,AC002,AP013,AP017,2024-09-29 19:15:00,2024-09-29 19:20:00,5.0,Crew,Delayed,453,3599,300,240,637.0,152880,80.0,Autumn
FL03640,2024-01-13,AL007,AC012,AP028,AP023,2024-01-13 20:00:00,2024-01-13 20:10:00,10.0,Security,Delayed,649,1224,189,142,220.0,31240,75.13227513227513,Winter
FL03641,2024-04-30,AL002,AC003,AP004,AP012,2024-04-30 17:45:00,2024-04-30 18:52:00,67.0,Technical,Delayed,341,7492,396,321,633.0,203193,81.06060606060606,Spring
FL03642,2024-01-07,AL003,AC037,AP009,AP019,2024-01-07 16:15:00,2024-01-07 16:22:00,7.0,Technical,Delayed,438,3026,220,171,355.0,60705,77.72727272727272,Winter
FL03643,2024-05-14,AL010,AC003,AP026,AP001,2024-05-14 22:15:00,2024-05-15 00:23:00,128.0,Air Traffic,Severely Delayed,372,7005,396,313,325.0,101725,79.04040404040404,Spring
FL03644,2025-11-03,AL002,AC030,AP001,AP008,2025-11-03 09:45:00,2025-11-03 09:46:00,1.0,Security,Delayed,618,554,325,293,483.0,141519,90.15384615384616,Autumn
FL03645,2025-10-12,AL002,AC010,AP004,AP024,2025-10-12 19:00:00,2025-10-12 19:08:00,8.0,Technical,Delayed,450,1396,396,303,442.0,133926,76.51515151515152,Autumn
FL03646,2025-01-26,AL007,AC006,AP012,AP014,2025-01-26 09:45:00,2025-01-26 10:00:00,15.0,Crew,Delayed,536,2435,300,210,100.0,21000,70.0,Winter
FL03647,2025-08-03,AL004,AC029,AP011,AP014,2025-08-03 11:30:00,2025-08-03 11:39:00,9.0,Technical,Delayed,348,6211,220,195,637.0,124215,88.63636363636364,Summer
FL03648,2023-07-22,AL009,AC017,AP003,AP021,2023-07-22 18:30:00,2023-07-22 18:34:00,4.0,Air Traffic,Delayed,168,8350,296,254,173.0,43942,85.8108108108108,Summer
FL03649,2023-11-20,AL010,AC031,AP019,AP010,2023-11-20 19:00:00,2023-11-20 19:00:00,0.0,No Delay,On Time,68,8435,300,109,238.0,25942,36.333333333333336,Autumn
FL03650,2023-10-20,AL003,AC034,AP028,AP026,2023-10-20 19:15:00,2023-10-20 19:21:00,6.0,Crew,Delayed,314,3882,300,248,77.0,19096,82.66666666666667,Autumn
FL03651,2025-04-17,AL004,AC003,AP022,AP030,2025-04-17 17:00:00,2025-04-17 18:08:00,68.0,Weather,Delayed,355,2347,396,222,614.0,136308,56.060606060606055,Spring
FL03652,2023-06-05,AL003,AC009,AP015,AP027,2023-06-05 17:00:00,2023-06-05 18:13:00,73.0,Security,Delayed,415,2351,296,181,252.0,45612,61.14864864864865,Summer
FL03653,2023-07-28,AL004,AC025,AP009,AP029,2023-07-28 09:00:00,2023-07-28 09:12:00,12.0,Crew,Delayed,535,473,296,263,602.0,158326,88.85135135135135,Summer
FL03654,2023-03-26,AL007,AC031,AP026,AP025,2023-03-26 08:30:00,2023-03-26 08:37:00,7.0,Air Traffic,Delayed,571,3999,300,233,169.0,39377,77.66666666666666,Spring
FL03655,2023-06-19,AL008,AC001,AP012,AP006,2023-06-19 12:30:00,2023-06-19 12:31:00,1.0,Security,Delayed,352,2076,325,270,550.0,148500,83.07692307692308,Summer
FL03656,2024-03-29,AL004,AC037,AP012,AP024,2024-03-29 07:15:00,2024-03-29 07:41:00,26.0,Technical,Delayed,288,8300,220,170,355.0,60350,77.27272727272727,Spring
FL03657,2025-02-27,AL002,AC002,AP028,AP013,2025-02-27 09:15:00,2025-02-27 09:25:00,10.0,Crew,Delayed,496,2722,300,156,238.0,37128,52.0,Winter
FL03658,2024-05-03,AL010,AC010,AP016,AP015,2024-05-03 10:00:00,2024-05-03 10:04:00,4.0,Air Traffic,Delayed,114,7684,396,332,412.0,136784,83.83838383838383,Spring
FL03659,2025-08-21,AL007,AC031,AP027,AP015,2025-08-21 07:45:00,2025-08-21 07:57:00,12.0,Late Aircraft,Delayed,280,7286,300,220,198.0,43560,73.33333333333333,Summer
FL03660,2023-04-29,AL001,AC024,AP030,AP027,2023-04-29 21:00:00,2023-04-29 21:10:00,10.0,Technical,Delayed,231,5188,296,220,249.0,54780,74.32432432432432,Spring
FL03661,2024-06-15,AL005,AC008,AP006,AP018,2024-06-15 17:00:00,2024-06-15 17:07:00,7.0,Technical,Delayed,232,1300,300,233,239.0,55687,77.66666666666666,Summer
FL03662,2023-07-26,AL008,AC035,AP026,AP028,2023-07-26 15:45:00,2023-07-26 18:22:00,157.0,Crew,Severely Delayed,630,1289,189,170,134.0,22780,89.94708994708994,Summer
FL03663,2025-05-03,AL006,AC010,AP017,AP009,2025-05-03 12:30:00,2025-05-03 13:52:00,82.0,Air Traffic,Delayed,500,2803,396,268,607.0,162676,67.67676767676768,Spring
FL03664,2023-06-16,AL004,AC040,AP026,AP021,2023-06-16 18:00:00,2023-06-16 18:12:00,12.0,Air Traffic,Delayed,618,3072,220,171,356.0,60876,77.72727272727272,Summer
FL03665,2025-12-30,AL005,AC016,AP022,AP028,2025-12-30 15:00:00,2025-12-30 15:06:00,6.0,Technical,Delayed,663,1356,189,151,240.0,36240,79.8941798941799,Winter
FL03666,2024-07-22,AL005,AC036,AP009,AP001,2024-07-22 12:30:00,2024-07-22 12:38:00,8.0,Technical,Delayed,679,4650,180,112,534.0,59808,62.22222222222222,Summer
FL03667,2023-08-22,AL009,AC010,AP005,AP004,2023-08-22 19:15:00,2023-08-22 19:30:00,15.0,Air Traffic,Delayed,178,1346,396,364,393.0,143052,91.91919191919192,Summer
FL03668,2023-09-04,AL005,AC017,AP003,AP014,2023-09-04 22:15:00,2023-09-04 22:23:00,8.0,Crew,Delayed,491,340,296,220,289.0,63580,74.32432432432432,Autumn
FL03669,2024-12-13,AL005,AC033,AP017,AP014,2024-12-13 19:30:00,2024-12-13 19:44:00,14.0,Crew,Delayed,165,6509,220,155,421.0,65255,70.45454545454545,Winter
FL03670,2023-10-25,AL004,AC039,AP018,AP014,2023-10-25 17:00:00,2023-10-25 17:08:00,8.0,Technical,Delayed,485,3290,300,228,120.0,27360,76.0,Autumn
FL03671,2023-04-24,AL009,AC020,AP020,AP006,2023-04-24 12:45:00,2023-04-24 12:50:00,5.0,Crew,Delayed,486,565,396,289,397.0,114733,72.97979797979798,Spring
FL03672,2023-05-28,AL007,AC001,AP017,AP026,2023-05-28 07:45:00,2023-05-28 07:54:00,9.0,Crew,Delayed,125,7371,325,235,452.0,106220,72.3076923076923,Spring
FL03673,2025-07-03,AL008,AC006,AP023,AP017,2025-07-03 19:30:00,2025-07-03 19:36:00,6.0,Air Traffic,Delayed,91,7088,300,197,403.0,79391,65.66666666666666,Summer
FL03674,2025-03-17,AL009,AC037,AP016,AP003,2025-03-17 12:45:00,2025-03-17 12:53:00,8.0,Late Aircraft,Delayed,322,8285,220,160,539.0,86240,72.72727272727273,Spring
FL03675,2025-03-27,AL006,AC029,AP015,AP014,2025-03-27 22:30:00,2025-03-27 22:34:00,4.0,Crew,Delayed,231,3212,220,207,225.0,46575,94.0909090909091,Spring
FL03676,2025-09-17,AL005,AC025,AP005,AP011,2025-09-17 17:30:00,2025-09-17 19:23:00,113.0,Air Traffic,Delayed,268,3573,296,209,438.0,91542,70.6081081081081,Autumn
FL03677,2024-02-08,AL007,AC031,AP014,AP011,2024-02-08 14:15:00,2024-02-08 16:26:00,131.0,Late Aircraft,Severely Delayed,184,7303,300,264,237.0,62568,88.0,Winter
FL03678,2024-02-09,AL005,AC028,AP003,AP006,2024-02-09 06:15:00,2024-02-09 06:20:00,5.0,Air Traffic,Delayed,641,834,296,268,647.0,173396,90.54054054054052,Winter
FL03679,2023-12-03,AL007,AC038,AP002,AP001,2023-12-03 15:15:00,2023-12-03 17:15:00,120.0,Weather,Delayed,58,644,189,128,380.0,48640,67.72486772486772,Winter
FL03680,2025-02-15,AL009,AC001,AP020,AP027,2025-02-15 12:45:00,2025-02-15 13:49:00,64.0,Technical,Delayed,254,8181,325,282,560.0,157920,86.76923076923076,Winter
FL03681,2023-07-30,AL001,AC019,AP001,AP016,2023-07-30 10:00:00,2023-07-30 10:00:00,0.0,No Delay,On Time,531,848,296,231,322.0,74382,78.04054054054053,Summer
FL03682,2025-05-26,AL001,AC037,AP008,AP023,2025-05-26 11:00:00,2025-05-26 11:01:00,1.0,Weather,Delayed,483,2210,220,142,600.0,85200,64.54545454545455,Spring
FL03683,2023-06-22,AL009,AC006,AP030,AP021,2023-06-22 16:15:00,2023-06-22 16:24:00,9.0,Security,Delayed,647,7966,300,233,167.0,38911,77.66666666666666,Summer
FL03684,2024-05-18,AL007,AC020,AP006,AP021,2024-05-18 09:00:00,2024-05-18 09:10:00,10.0,Security,Delayed,324,2488,396,301,406.0,122206,76.01010101010101,Spring
FL03685,2023-07-27,AL005,AC004,AP018,AP008,2023-07-27 19:30:00,2023-07-27 19:43:00,13.0,Technical,Delayed,503,1487,180,150,80.0,12000,83.33333333333334,Summer
FL03686,2024-12-21,AL004,AC014,AP024,AP015,2024-12-21 18:30:00,2024-12-21 20:13:00,103.0,Security,Delayed,358,5410,325,292,362.0,105704,89.84615384615384,Winter
FL03687,2023-04-23,AL001,AC016,AP028,AP024,2023-04-23 16:45:00,2023-04-23 17:00:00,15.0,Air Traffic,Delayed,467,3879,189,141,424.0,59784,74.60317460317461,Spring
FL03688,2024-04-08,AL008,AC034,AP016,AP028,2024-04-08 08:15:00,2024-04-08 08:19:00,4.0,Weather,Delayed,60,3249,300,201,391.0,78591,67.0,Spring
FL03689,2024-03-01,AL008,AC015,AP003,AP012,2024-03-01 12:15:00,2024-03-01 12:25:00,10.0,Crew,Cancelled,363,5143,396,0,171.0,0,0.0,Spring
FL03690,2023-10-09,AL002,AC036,AP009,AP003,2023-10-09 10:45:00,2023-10-09 12:27:00,102.0,Crew,Delayed,250,2490,180,140,337.0,47180,77.77777777777779,Autumn
FL03691,2025-07-22,AL008,AC040,AP030,AP002,2025-07-22 20:15:00,2025-07-22 20:26:00,11.0,Security,Delayed,228,3587,220,183,381.0,69723,83.18181818181817,Summer
FL03692,2023-11-19,AL009,AC022,AP016,AP013,2023-11-19 17:15:00,2023-11-19 17:29:00,14.0,Technical,Delayed,542,3851,300,232,457.0,106024,77.33333333333333,Autumn
FL03693,2024-02-18,AL007,AC012,AP023,AP024,2024-02-18 21:45:00,2024-02-18 21:48:00,3.0,Late Aircraft,Delayed,565,372,189,152,436.0,66272,80.42328042328042,Winter
FL03694,2024-01-13,AL005,AC021,AP022,AP029,2024-01-13 15:45:00,2024-01-13 16:12:00,27.0,Air Traffic,Delayed,403,4400,325,252,557.0,140364,77.53846153846153,Winter
FL03695,2024-01-25,AL008,AC004,AP022,AP028,2024-01-25 07:30:00,2024-01-25 07:38:00,8.0,Air Traffic,Delayed,273,5213,180,125,284.0,35500,69.44444444444444,Winter
FL03696,2023-10-28,AL006,AC026,AP023,AP021,2023-10-28 11:00:00,2023-10-28 11:05:00,5.0,Security,Delayed,657,1398,189,145,648.0,93960,76.71957671957672,Autumn
FL03697,2023-09-28,AL009,AC039,AP027,AP009,2023-09-28 13:15:00,2023-09-28 13:29:00,14.0,Late Aircraft,Delayed,439,2263,300,228,532.0,121296,76.0,Autumn
FL03698,2024-12-14,AL001,AC023,AP004,AP023,2024-12-14 18:45:00,2024-12-14 18:59:00,14.0,Crew,Delayed,615,1129,180,146,176.0,25696,81.11111111111111,Winter
FL03699,2024-08-15,AL010,AC037,AP024,AP006,2024-08-15 22:30:00,2024-08-15 22:34:00,4.0,Air Traffic,Delayed,712,4701,220,191,540.0,103140,86.81818181818181,Summer
FL03700,2024-03-04,AL010,AC013,AP024,AP011,2024-03-04 05:00:00,2024-03-04 05:03:00,3.0,Crew,Delayed,185,495,325,210,358.0,75180,64.61538461538461,Spring
FL03701,2025-10-27,AL006,AC002,AP019,AP014,2025-10-27 22:45:00,2025-10-27 22:52:00,7.0,Crew,Delayed,411,547,300,150,233.0,34950,50.0,Autumn
FL03702,2023-05-28,AL003,AC003,AP030,AP017,2023-05-28 13:30:00,2023-05-28 13:45:00,15.0,Air Traffic,Delayed,655,4056,396,280,360.0,100800,70.70707070707071,Spring
FL03703,2023-11-26,AL003,AC035,AP013,AP026,2023-11-26 10:00:00,2023-11-26 10:13:00,13.0,Security,Delayed,477,1307,189,130,402.0,52260,68.78306878306879,Autumn
FL03704,2023-03-08,AL009,AC040,AP001,AP010,2023-03-08 22:15:00,2023-03-08 22:15:00,0.0,No Delay,On Time,637,701,220,156,518.0,80808,70.9090909090909,Spring
FL03705,2024-06-23,AL008,AC015,AP029,AP026,2024-06-23 18:15:00,2024-06-23 18:23:00,8.0,Security,Delayed,538,4690,396,354,484.0,171336,89.39393939393939,Summer
FL03706,2025-08-24,AL009,AC009,AP025,AP006,2025-08-24 16:30:00,2025-08-24 16:38:00,8.0,Weather,Delayed,580,7344,296,201,584.0,117384,67.9054054054054,Summer
FL03707,2025-11-17,AL004,AC010,AP012,AP025,2025-11-17 09:00:00,2025-11-17 10:41:00,101.0,Technical,Delayed,550,8343,396,305,404.0,123220,77.02020202020202,Autumn
FL03708,2024-07-03,AL010,AC009,AP018,AP001,2024-07-03 08:30:00,2024-07-03 08:42:00,12.0,Crew,Delayed,161,8085,296,168,121.0,20328,56.75675675675676,Summer
FL03709,2025-05-02,AL008,AC002,AP024,AP030,2025-05-02 12:15:00,2025-05-02 12:27:00,12.0,Crew,Delayed,436,8343,300,163,75.0,12225,54.333333333333336,Spring
FL03710,2023-07-07,AL001,AC023,AP015,AP005,2023-07-07 05:15:00,2023-07-07 05:26:00,11.0,Crew,Delayed,107,4450,180,157,226.0,35482,87.22222222222223,Summer
FL03711,2024-03-28,AL009,AC034,AP003,AP005,2024-03-28 20:00:00,2024-03-28 20:06:00,6.0,Late Aircraft,Delayed,337,6425,300,229,422.0,96638,76.33333333333333,Spring
FL03712,2025-05-19,AL004,AC019,AP011,AP015,2025-05-19 12:00:00,2025-05-19 12:46:00,46.0,Late Aircraft,Delayed,685,6023,296,234,421.0,98514,79.05405405405406,Spring
FL03713,2025-12-12,AL010,AC035,AP015,AP012,2025-12-12 12:30:00,2025-12-12 12:45:00,15.0,Air Traffic,Delayed,375,5828,189,124,322.0,39928,65.60846560846561,Winter
FL03714,2025-07-18,AL005,AC037,AP023,AP028,2025-07-18 05:45:00,2025-07-18 05:55:00,10.0,Air Traffic,Delayed,253,514,220,162,162.0,26244,73.63636363636363,Summer
FL03715,2023-03-24,AL007,AC025,AP028,AP009,2023-03-24 21:45:00,2023-03-24 22:05:00,20.0,Security,Delayed,346,1085,296,203,465.0,94395,68.58108108108108,Spring
FL03716,2025-09-30,AL004,AC018,AP020,AP009,2025-09-30 13:00:00,2025-09-30 15:58:00,178.0,Late Aircraft,Severely Delayed,124,2823,189,187,361.0,67507,98.94179894179894,Autumn
FL03717,2025-07-11,AL001,AC019,AP021,AP028,2025-07-11 17:15:00,2025-07-11 17:27:00,12.0,Technical,Delayed,595,7502,296,244,393.0,95892,82.43243243243244,Summer
FL03718,2025-11-18,AL010,AC036,AP005,AP003,2025-11-18 18:30:00,2025-11-18 18:39:00,9.0,Security,Delayed,161,8126,180,116,342.0,39672,64.44444444444444,Autumn
FL03719,2025-08-10,AL010,AC025,AP018,AP012,2025-08-10 13:00:00,2025-08-10 13:10:00,10.0,Crew,Delayed,401,7654,296,197,629.0,123913,66.55405405405406,Summer
FL03720,2024-05-21,AL007,AC016,AP019,AP011,2024-05-21 17:30:00,2024-05-21 17:34:00,4.0,Crew,Delayed,411,6327,189,129,286.0,36894,68.25396825396825,Spring
FL03721,2024-06-29,AL001,AC029,AP023,AP002,2024-06-29 07:30:00,2024-06-29 07:42:00,12.0,Weather,Delayed,358,6817,220,217,211.0,45787,98.63636363636364,Summer
FL03722,2023-06-03,AL007,AC017,AP024,AP012,2023-06-03 14:15:00,2023-06-03 14:26:00,11.0,Weather,Delayed,316,4453,296,204,521.0,106284,68.91891891891892,Summer
FL03723,2023-07-09,AL006,AC012,AP018,AP010,2023-07-09 16:15:00,2023-07-09 16:17:00,2.0,Security,Delayed,558,7768,189,102,151.0,15402,53.96825396825397,Summer
FL03724,2025-12-29,AL009,AC015,AP014,AP029,2025-12-29 08:15:00,2025-12-29 08:24:00,9.0,Crew,Delayed,388,4915,396,253,271.0,68563,63.888888888888886,Winter
FL03725,2025-11-05,AL006,AC024,AP006,AP008,2025-11-05 19:45:00,2025-11-05 19:55:00,10.0,Technical,Delayed,433,3838,296,158,500.0,79000,53.37837837837838,Autumn
FL03726,2025-08-27,AL003,AC012,AP014,AP017,2025-08-27 21:15:00,2025-08-27 21:19:00,4.0,Technical,Delayed,519,6783,189,152,355.0,53960,80.42328042328042,Summer
FL03727,2023-04-02,AL002,AC015,AP018,AP013,2023-04-02 14:30:00,2023-04-02 14:45:00,15.0,Security,Delayed,286,4044,396,227,210.0,47670,57.32323232323232,Spring
FL03728,2023-03-24,AL007,AC008,AP028,AP004,2023-03-24 13:45:00,2023-03-24 15:52:00,127.0,Late Aircraft,Severely Delayed,124,1728,300,241,219.0,52779,80.33333333333333,Spring
FL03729,2024-06-13,AL009,AC025,AP020,AP011,2024-06-13 07:30:00,2024-06-13 08:46:00,76.0,Air Traffic,Delayed,449,5408,296,161,387.0,62307,54.391891891891895,Summer
FL03730,2025-05-16,AL007,AC027,AP001,AP020,2025-05-16 09:45:00,2025-05-16 09:57:00,12.0,Security,Delayed,362,7791,325,191,477.0,91107,58.76923076923077,Spring
FL03731,2024-02-10,AL002,AC019,AP022,AP025,2024-02-10 21:00:00,2024-02-10 21:03:00,3.0,Air Traffic,Delayed,709,3895,296,288,206.0,59328,97.2972972972973,Winter
FL03732,2024-07-19,AL005,AC001,AP013,AP005,2024-07-19 18:30:00,2024-07-19 18:43:00,13.0,Security,Delayed,110,4316,325,262,463.0,121306,80.61538461538461,Summer
FL03733,2023-02-03,AL005,AC017,AP020,AP024,2023-02-03 19:00:00,2023-02-03 19:06:00,6.0,Security,Delayed,579,650,296,212,261.0,55332,71.62162162162163,Winter
FL03734,2024-05-01,AL004,AC040,AP007,AP015,2024-05-01 13:00:00,2024-05-01 13:01:00,1.0,Crew,Delayed,677,549,220,204,223.0,45492,92.72727272727272,Spring
FL03735,2025-03-18,AL010,AC007,AP001,AP003,2025-03-18 09:00:00,2025-03-18 09:15:00,15.0,Air Traffic,Delayed,259,3362,300,244,187.0,45628,81.33333333333333,Spring
FL03736,2023-12-29,AL004,AC001,AP028,AP019,2023-12-29 13:00:00,2023-12-29 13:06:00,6.0,Technical,Delayed,688,7424,325,246,374.0,92004,75.6923076923077,Winter
FL03737,2025-10-12,AL001,AC031,AP029,AP006,2025-10-12 22:30:00,2025-10-13 00:37:00,127.0,Security,Severely Delayed,222,3594,300,297,312.0,92664,99.0,Autumn
FL03738,2024-11-27,AL008,AC015,AP024,AP022,2024-11-27 18:30:00,2024-11-27 19:55:00,85.0,Technical,Delayed,529,4623,396,312,329.0,102648,78.78787878787878,Autumn
FL03739,2025-06-25,AL004,AC008,AP020,AP015,2025-06-25 05:45:00,2025-06-25 07:37:00,112.0,Late Aircraft,Delayed,678,7173,300,172,296.0,50912,57.333333333333336,Summer
FL03740,2024-12-16,AL006,AC024,AP013,AP006,2024-12-16 13:15:00,2024-12-16 15:39:00,144.0,Security,Severely Delayed,710,2929,296,278,323.0,89794,93.91891891891892,Winter
FL03741,2024-11-15,AL008,AC006,AP028,AP011,2024-11-15 14:00:00,2024-11-15 14:06:00,6.0,Technical,Delayed,461,5459,300,200,472.0,94400,66.66666666666666,Autumn
FL03742,2024-02-20,AL008,AC035,AP007,AP017,2024-02-20 07:15:00,2024-02-20 07:30:00,15.0,Air Traffic,Delayed,341,6499,189,149,329.0,49021,78.83597883597884,Winter
FL03743,2025-08-15,AL008,AC023,AP030,AP020,2025-08-15 14:45:00,2025-08-15 14:52:00,7.0,Crew,Delayed,287,3527,180,178,562.0,100036,98.88888888888889,Summer
FL03744,2024-05-04,AL005,AC016,AP017,AP018,2024-05-04 22:00:00,2024-05-04 22:07:00,7.0,Weather,Delayed,204,7175,189,151,489.0,73839,79.8941798941799,Spring
FL03745,2025-09-26,AL005,AC026,AP028,AP015,2025-09-26 05:15:00,2025-09-26 05:54:00,39.0,Technical,Delayed,55,7848,189,164,458.0,75112,86.77248677248677,Autumn
FL03746,2023-10-23,AL008,AC019,AP013,AP012,2023-10-23 18:15:00,2023-10-23 18:17:00,2.0,Late Aircraft,Delayed,168,6568,296,293,229.0,67097,98.98648648648648,Autumn
FL03747,2023-02-20,AL009,AC031,AP004,AP025,2023-02-20 14:45:00,2023-02-20 16:37:00,112.0,Crew,Delayed,189,4096,300,253,623.0,157619,84.33333333333334,Winter
FL03748,2023-12-14,AL004,AC013,AP005,AP019,2023-12-14 07:00:00,2023-12-14 07:02:00,2.0,Technical,Delayed,545,5633,325,174,83.0,14442,53.53846153846153,Winter
FL03749,2025-08-17,AL009,AC012,AP021,AP030,2025-08-17 20:45:00,2025-08-17 20:56:00,11.0,Crew,Delayed,711,1169,189,145,593.0,85985,76.71957671957672,Summer
FL03750,2024-08-09,AL003,AC035,AP001,AP022,2024-08-09 17:30:00,2024-08-09 17:45:00,15.0,Air Traffic,Delayed,50,6798,189,146,383.0,55918,77.24867724867724,Summer
FL03751,2024-05-24,AL008,AC034,AP016,AP011,2024-05-24 09:15:00,2024-05-24 09:15:00,0.0,No Delay,On Time,342,4382,300,200,637.0,127400,66.66666666666666,Spring
FL03752,2023-04-22,AL003,AC027,AP016,AP013,2023-04-22 11:15:00,2023-04-22 11:16:00,1.0,Crew,Delayed,294,3096,325,217,556.0,120652,66.76923076923077,Spring
FL03753,2025-08-06,AL002,AC011,AP011,AP007,2025-08-06 08:30:00,2025-08-06 08:37:00,7.0,Technical,Delayed,366,4135,300,186,202.0,37572,62.0,Summer
FL03754,2024-08-04,AL009,AC025,AP001,AP005,2024-08-04 15:00:00,2024-08-04 15:10:00,10.0,Security,Delayed,72,2679,296,174,611.0,106314,58.78378378378378,Summer
FL03755,2025-05-23,AL005,AC002,AP021,AP030,2025-05-23 18:15:00,2025-05-23 18:25:00,10.0,Technical,Delayed,431,8412,300,259,144.0,37296,86.33333333333333,Spring
FL03756,2025-03-13,AL008,AC002,AP018,AP020,2025-03-13 16:30:00,2025-03-13 16:32:00,2.0,Late Aircraft,Delayed,515,2377,300,153,101.0,15453,51.0,Spring
FL03757,2023-07-03,AL003,AC011,AP029,AP011,2023-07-03 14:00:00,2023-07-03 14:08:00,8.0,Air Traffic,Delayed,357,4844,300,241,307.0,73987,80.33333333333333,Summer
FL03758,2023-10-22,AL010,AC001,AP029,AP009,2023-10-22 08:15:00,2023-10-22 08:23:00,8.0,Air Traffic,Cancelled,299,8132,325,0,638.0,0,0.0,Autumn
FL03759,2025-08-25,AL002,AC013,AP002,AP027,2025-08-25 06:00:00,2025-08-25 06:09:00,9.0,Weather,Delayed,562,3435,325,269,353.0,94957,82.76923076923077,Summer
FL03760,2024-12-06,AL009,AC003,AP023,AP012,2024-12-06 16:00:00,2024-12-06 16:03:00,3.0,Technical,Delayed,288,1092,396,269,293.0,78817,67.92929292929293,Winter
FL03761,2023-04-03,AL005,AC038,AP026,AP002,2023-04-03 17:30:00,2023-04-03 17:37:00,7.0,Crew,Delayed,338,7632,189,167,165.0,27555,88.35978835978835,Spring
FL03762,2023-10-01,AL009,AC015,AP004,AP015,2023-10-01 06:00:00,2023-10-01 06:09:00,9.0,Air Traffic,Delayed,557,848,396,304,331.0,100624,76.76767676767676,Autumn
FL03763,2023-04-30,AL010,AC014,AP019,AP018,2023-04-30 18:30:00,2023-04-30 18:32:00,2.0,Weather,Delayed,599,7621,325,157,562.0,88234,48.30769230769231,Spring
FL03764,2023-04-16,AL004,AC025,AP013,AP027,2023-04-16 07:00:00,2023-04-16 07:28:00,28.0,Late Aircraft,Delayed,278,7811,296,174,474.0,82476,58.78378378378378,Spring
FL03765,2025-04-22,AL009,AC022,AP026,AP014,2025-04-22 15:00:00,2025-04-22 15:01:00,1.0,Crew,Delayed,227,6229,300,196,122.0,23912,65.33333333333333,Spring
FL03766,2023-11-03,AL006,AC017,AP027,AP003,2023-11-03 09:45:00,2023-11-03 12:09:00,144.0,Weather,Severely Delayed,492,6320,296,261,568.0,148248,88.17567567567568,Autumn
FL03767,2023-10-08,AL002,AC014,AP029,AP015,2023-10-08 20:15:00,2023-10-08 20:23:00,8.0,Crew,Delayed,663,7317,325,211,73.0,15403,64.92307692307693,Autumn
FL03768,2025-11-20,AL010,AC009,AP019,AP007,2025-11-20 12:00:00,2025-11-20 12:15:00,15.0,Late Aircraft,Delayed,508,3336,296,215,459.0,98685,72.63513513513513,Autumn
FL03769,2024-10-03,AL002,AC038,AP029,AP018,2024-10-03 21:30:00,2024-10-04 00:29:00,179.0,Weather,Severely Delayed,68,771,189,187,183.0,34221,98.94179894179894,Autumn
FL03770,2023-05-10,AL002,AC026,AP029,AP010,2023-05-10 09:00:00,2023-05-10 09:00:00,0.0,No Delay,On Time,709,5059,189,84,538.0,45192,44.44444444444444,Spring
FL03771,2023-03-19,AL007,AC024,AP019,AP007,2023-03-19 15:45:00,2023-03-19 15:59:00,14.0,Crew,Delayed,244,6249,296,160,436.0,69760,54.054054054054056,Spring
FL03772,2025-06-19,AL003,AC013,AP010,AP026,2025-06-19 21:00:00,2025-06-19 21:05:00,5.0,Weather,Delayed,355,7570,325,237,497.0,117789,72.92307692307692,Summer
FL03773,2025-01-04,AL009,AC011,AP020,AP007,2025-01-04 22:15:00,2025-01-04 22:28:00,13.0,Weather,Delayed,133,1440,300,231,254.0,58674,77.0,Winter
FL03774,2024-10-03,AL001,AC019,AP029,AP021,2024-10-03 16:30:00,2024-10-03 18:56:00,146.0,Air Traffic,Severely Delayed,478,1426,296,261,599.0,156339,88.17567567567568,Autumn
FL03775,2024-06-27,AL007,AC003,AP014,AP012,2024-06-27 10:00:00,2024-06-27 10:11:00,11.0,Crew,Delayed,707,8312,396,258,180.0,46440,65.15151515151516,Summer
FL03776,2023-12-09,AL008,AC032,AP025,AP001,2023-12-09 16:15:00,2023-12-09 16:20:00,5.0,Air Traffic,Delayed,176,2246,396,392,260.0,101920,98.989898989899,Winter
FL03777,2024-01-13,AL002,AC035,AP021,AP012,2024-01-13 10:00:00,2024-01-13 10:15:00,15.0,Weather,Delayed,210,2005,189,155,418.0,64790,82.01058201058201,Winter
FL03778,2023-08-31,AL005,AC003,AP030,AP004,2023-08-31 21:15:00,2023-08-31 21:27:00,12.0,Air Traffic,Delayed,696,875,396,313,269.0,84197,79.04040404040404,Summer
FL03779,2024-08-19,AL005,AC021,AP007,AP024,2024-08-19 15:00:00,2024-08-19 16:23:00,83.0,Air Traffic,Cancelled,76,3780,325,0,234.0,0,0.0,Summer
FL03780,2024-04-24,AL003,AC030,AP010,AP019,2024-04-24 07:30:00,2024-04-24 07:36:00,6.0,Technical,Delayed,129,7728,325,216,119.0,25704,66.46153846153847,Spring
FL03781,2025-09-19,AL001,AC025,AP021,AP003,2025-09-19 18:45:00,2025-09-19 18:45:00,0.0,No Delay,On Time,81,963,296,293,296.0,86728,98.98648648648648,Autumn
FL03782,2025-01-04,AL009,AC036,AP004,AP001,2025-01-04 13:30:00,2025-01-04 13:44:00,14.0,Late Aircraft,Delayed,382,1520,180,103,472.0,48616,57.22222222222222,Winter
FL03783,2025-07-19,AL009,AC027,AP022,AP005,2025-07-19 05:15:00,2025-07-19 05:22:00,7.0,Crew,Delayed,224,2897,325,264,552.0,145728,81.23076923076923,Summer
FL03784,2023-04-27,AL007,AC004,AP009,AP012,2023-04-27 06:15:00,2023-04-27 06:24:00,9.0,Security,Delayed,554,4986,180,141,220.0,31020,78.33333333333333,Spring
FL03785,2025-03-03,AL006,AC022,AP006,AP001,2025-03-03 07:00:00,2025-03-03 09:48:00,168.0,Late Aircraft,Severely Delayed,284,4213,300,297,483.0,143451,99.0,Spring
FL03786,2025-11-11,AL003,AC012,AP012,AP015,2025-11-11 05:45:00,2025-11-11 05:53:00,8.0,Technical,Delayed,98,6974,189,165,620.0,102300,87.3015873015873,Autumn
FL03787,2023-08-22,AL006,AC026,AP019,AP017,2023-08-22 17:15:00,2023-08-22 17:19:00,4.0,Crew,Delayed,80,6988,189,124,236.0,29264,65.60846560846561,Summer
FL03788,2024-07-27,AL003,AC006,AP016,AP022,2024-07-27 17:45:00,2024-07-27 17:49:00,4.0,Air Traffic,Delayed,327,6649,300,225,615.0,138375,75.0,Summer
FL03789,2024-01-29,AL001,AC003,AP027,AP025,2024-01-29 17:15:00,2024-01-29 18:51:00,96.0,Crew,Delayed,395,2908,396,370,443.0,163910,93.43434343434345,Winter
FL03790,2025-04-11,AL004,AC006,AP006,AP026,2025-04-11 21:15:00,2025-04-11 21:20:00,5.0,Crew,Delayed,661,5827,300,222,279.0,61938,74.0,Spring
FL03791,2023-11-29,AL009,AC036,AP030,AP008,2023-11-29 18:30:00,2023-11-29 18:35:00,5.0,Air Traffic,Delayed,494,6049,180,174,223.0,38802,96.66666666666669,Autumn
FL03792,2024-06-03,AL002,AC010,AP012,AP028,2024-06-03 06:45:00,2024-06-03 06:48:00,3.0,Technical,Delayed,154,3322,396,263,615.0,161745,66.41414141414141,Summer
FL03793,2023-02-14,AL009,AC004,AP025,AP023,2023-02-14 15:15:00,2023-02-14 15:25:00,10.0,Technical,Delayed,148,7254,180,146,411.0,60006,81.11111111111111,Winter
FL03794,2024-08-17,AL005,AC026,AP003,AP029,2024-08-17 16:00:00,2024-08-17 17:16:00,76.0,Crew,Delayed,378,5092,189,131,630.0,82530,69.31216931216932,Summer
FL03795,2024-10-24,AL003,AC040,AP016,AP021,2024-10-24 08:00:00,2024-10-24 08:14:00,14.0,Weather,Delayed,327,3057,220,183,612.0,111996,83.18181818181817,Autumn
FL03796,2024-08-14,AL002,AC029,AP002,AP016,2024-08-14 13:45:00,2024-08-14 13:46:00,1.0,Crew,Delayed,538,6311,220,120,526.0,63120,54.54545454545454,Summer
FL03797,2025-10-22,AL005,AC018,AP023,AP016,2025-10-22 19:15:00,2025-10-22 19:20:00,5.0,Weather,Delayed,115,7630,189,140,260.0,36400,74.07407407407408,Autumn
FL03798,2025-12-20,AL001,AC032,AP001,AP015,2025-12-20 07:30:00,2025-12-20 07:30:00,0.0,No Delay,On Time,335,2133,396,274,441.0,120834,69.1919191919192,Winter
FL03799,2023-09-19,AL009,AC002,AP029,AP024,2023-09-19 20:00:00,2023-09-19 20:00:00,0.0,No Delay,On Time,350,3331,300,221,378.0,83538,73.66666666666667,Autumn
FL03800,2024-10-31,AL010,AC021,AP018,AP026,2024-10-31 13:45:00,2024-10-31 13:58:00,13.0,Security,Delayed,650,7535,325,222,591.0,131202,68.3076923076923,Autumn
FL03801,2025-08-22,AL008,AC032,AP020,AP013,2025-08-22 20:00:00,2025-08-22 20:04:00,4.0,Weather,Delayed,577,8433,396,225,297.0,66825,56.81818181818182,Summer
FL03802,2024-09-15,AL008,AC040,AP026,AP027,2024-09-15 12:45:00,2024-09-15 12:52:00,7.0,Crew,Delayed,89,5832,220,202,249.0,50298,91.81818181818184,Autumn
FL03803,2024-03-07,AL010,AC026,AP025,AP017,2024-03-07 13:00:00,2024-03-07 13:08:00,8.0,Weather,Delayed,182,4299,189,132,231.0,30492,69.84126984126983,Spring
FL03804,2023-08-12,AL002,AC040,AP023,AP028,2023-08-12 22:45:00,2023-08-12 22:58:00,13.0,Weather,Delayed,125,7517,220,167,88.0,14696,75.9090909090909,Summer
FL03805,2025-05-30,AL002,AC003,AP028,AP021,2025-05-30 05:45:00,2025-05-30 05:45:00,0.0,No Delay,On Time,643,8124,396,306,237.0,72522,77.27272727272727,Spring
FL03806,2023-03-12,AL005,AC008,AP023,AP030,2023-03-12 10:15:00,2023-03-12 10:28:00,13.0,Late Aircraft,Delayed,448,888,300,290,362.0,182700,96.66666666666669,Spring
FL03807,2025-02-19,AL010,AC018,AP014,AP016,2025-02-19 13:45:00,2025-02-19 13:55:00,10.0,Weather,Delayed,637,1402,189,160,274.0,43840,84.65608465608466,Winter
FL03808,2024-08-16,AL008,AC039,AP001,AP029,2024-08-16 15:00:00,2024-08-16 15:05:00,5.0,Late Aircraft,Delayed,655,8019,300,196,94.0,18424,65.33333333333333,Summer
FL03809,2025-02-16,AL006,AC016,AP027,AP025,2025-02-16 16:00:00,2025-02-16 16:06:00,6.0,Late Aircraft,Delayed,444,5769,189,128,314.0,40192,67.72486772486772,Winter
FL03810,2023-08-03,AL004,AC021,AP015,AP016,2023-08-03 07:30:00,2023-08-03 08:29:00,59.0,Weather,Delayed,75,1405,325,201,443.0,89043,61.846153846153854,Summer
FL03811,2023-12-29,AL004,AC038,AP016,AP029,2023-12-29 19:30:00,2023-12-29 19:35:00,5.0,Technical,Delayed,563,3083,189,171,143.0,24453,90.47619047619048,Winter
FL03812,2025-10-11,AL007,AC017,AP007,AP026,2025-10-11 13:30:00,2025-10-11 14:31:00,61.0,Technical,Delayed,60,1566,296,206,305.0,62830,69.5945945945946,Autumn
FL03813,2024-01-02,AL001,AC031,AP022,AP002,2024-01-02 09:00:00,2024-01-02 09:05:00,5.0,Weather,Delayed,240,7770,300,249,300.0,74700,83.0,Winter
FL03814,2025-11-28,AL008,AC009,AP013,AP007,2025-11-28 05:45:00,2025-11-28 05:56:00,11.0,Technical,Delayed,472,2619,296,233,327.0,76191,78.71621621621621,Autumn
FL03815,2025-07-03,AL010,AC016,AP016,AP021,2025-07-03 08:30:00,2025-07-03 08:42:00,12.0,Weather,Cancelled,57,3703,189,0,523.0,0,0.0,Summer
FL03816,2025-12-07,AL009,AC008,AP011,AP028,2025-12-07 13:45:00,2025-12-07 13:49:00,4.0,Weather,Delayed,391,1804,300,227,504.0,114408,75.66666666666667,Winter
FL03817,2023-09-03,AL006,AC019,AP020,AP022,2023-09-03 12:45:00,2023-09-03 12:45:00,0.0,No Delay,On Time,306,7899,296,235,554.0,130190,79.3918918918919,Autumn
FL03818,2025-10-16,AL004,AC026,AP024,AP019,2025-10-16 16:00:00,2025-10-16 17:18:00,78.0,Late Aircraft,Delayed,381,6140,189,129,323.0,41667,68.25396825396825,Autumn
FL03819,2023-08-15,AL007,AC029,AP030,AP016,2023-08-15 20:00:00,2023-08-15 20:00:00,0.0,No Delay,On Time,671,7480,220,150,253.0,37950,68.18181818181817,Summer
FL03820,2024-01-08,AL007,AC025,AP007,AP005,2024-01-08 12:45:00,2024-01-08 13:00:00,15.0,Technical,Delayed,399,8187,296,246,291.0,71586,83.1081081081081,Winter
FL03821,2024-09-10,AL003,AC017,AP018,AP021,2024-09-10 17:45:00,2024-09-10 17:47:00,2.0,Security,Delayed,491,2906,296,246,463.0,113898,83.1081081081081,Autumn
FL03822,2024-12-10,AL005,AC040,AP030,AP029,2024-12-10 16:30:00,2024-12-10 16:32:00,2.0,Crew,Delayed,167,6030,220,191,194.0,37054,86.81818181818181,Winter
FL03823,2025-09-06,AL003,AC020,AP009,AP012,2025-09-06 17:15:00,2025-09-06 17:30:00,15.0,Weather,Delayed,247,1296,396,231,586.0,135366,58.333333333333336,Autumn
FL03824,2023-08-27,AL004,AC028,AP012,AP020,2023-08-27 21:30:00,2023-08-27 22:26:00,56.0,Air Traffic,Delayed,494,6328,296,196,203.0,39788,66.21621621621621,Summer
FL03825,2023-06-16,AL002,AC009,AP010,AP008,2023-06-16 08:15:00,2023-06-16 08:16:00,1.0,Weather,Delayed,224,5174,296,219,204.0,44676,73.98648648648648,Summer
FL03826,2024-12-21,AL001,AC021,AP002,AP005,2024-12-21 17:15:00,2024-12-21 17:23:00,8.0,Security,Delayed,685,1557,325,321,207.0,66447,98.76923076923076,Winter
FL03827,2024-11-16,AL004,AC035,AP023,AP012,2024-11-16 12:30:00,2024-11-16 12:45:00,15.0,Technical,Delayed,591,3491,189,153,110.0,16830,80.95238095238095,Autumn
FL03828,2025-06-16,AL006,AC003,AP029,AP001,2025-06-16 12:00:00,2025-06-16 12:09:00,9.0,Air Traffic,Delayed,117,3965,396,325,279.0,90675,82.07070707070707,Summer
FL03829,2023-04-13,AL006,AC021,AP007,AP025,2023-04-13 21:30:00,2023-04-13 23:30:00,120.0,Crew,Delayed,578,8160,325,245,306.0,74970,75.38461538461539,Spring
FL03830,2024-12-04,AL005,AC016,AP015,AP029,2024-12-04 11:00:00,2024-12-04 13:14:00,134.0,Crew,Severely Delayed,84,7449,189,166,304.0,50464,87.83068783068782,Winter
FL03831,2024-08-05,AL009,AC019,AP003,AP016,2024-08-05 19:45:00,2024-08-05 21:35:00,110.0,Technical,Delayed,574,6037,296,197,478.0,94166,66.55405405405406,Summer
FL03832,2025-12-03,AL001,AC015,AP006,AP016,2025-12-03 20:15:00,2025-12-03 20:18:00,3.0,Air Traffic,Delayed,155,3192,396,344,352.0,121088,86.86868686868688,Winter
FL03833,2024-06-20,AL004,AC002,AP016,AP013,2024-06-20 06:45:00,2024-06-20 06:59:00,14.0,Weather,Delayed,64,7717,300,217,460.0,99820,72.33333333333334,Summer
FL03834,2024-06-14,AL003,AC024,AP019,AP020,2024-06-14 06:30:00,2024-06-14 06:34:00,4.0,Weather,Delayed,353,6099,296,229,391.0,89539,77.36486486486487,Summer
FL03835,2025-11-06,AL001,AC023,AP013,AP001,2025-11-06 17:15:00,2025-11-06 17:20:00,5.0,Late Aircraft,Cancelled,659,1565,180,0,233.0,0,0.0,Autumn
FL03836,2025-09-26,AL006,AC026,AP021,AP002,2025-09-26 09:30:00,2025-09-26 09:45:00,15.0,Security,Delayed,301,6804,189,103,547.0,56341,54.4973544973545,Autumn
FL03837,2025-06-28,AL009,AC035,AP027,AP021,2025-06-28 11:30:00,2025-06-28 11:41:00,11.0,Air Traffic,Delayed,438,3853,189,175,596.0,104300,92.5925925925926,Summer
FL03838,2024-03-30,AL002,AC007,AP026,AP021,2024-03-30 21:00:00,2024-03-30 21:07:00,7.0,Security,Delayed,136,4067,300,255,323.0,82365,85.0,Spring
FL03839,2025-11-09,AL008,AC007,AP012,AP025,2025-11-09 08:15:00,2025-11-09 08:21:00,6.0,Weather,Delayed,154,1184,300,278,469.0,130382,92.66666666666666,Autumn
FL03840,2023-11-27,AL006,AC015,AP021,AP024,2023-11-27 19:00:00,2023-11-27 19:04:00,4.0,Security,Delayed,252,6506,396,266,204.0,54264,67.17171717171718,Autumn
FL03841,2024-12-12,AL004,AC004,AP014,AP015,2024-12-12 11:15:00,2024-12-12 11:24:00,9.0,Weather,Delayed,534,542,180,118,313.0,36934,65.55555555555556,Winter
FL03842,2025-01-30,AL010,AC023,AP006,AP015,2025-01-30 19:15:00,2025-01-30 19:28:00,13.0,Late Aircraft,Delayed,216,5939,180,152,369.0,56088,84.44444444444444,Winter
FL03843,2024-02-23,AL004,AC023,AP025,AP016,2024-02-23 05:45:00,2024-02-23 05:57:00,12.0,Crew,Delayed,564,689,180,170,495.0,84150,94.44444444444444,Winter
FL03844,2023-06-11,AL008,AC031,AP027,AP016,2023-06-11 20:30:00,2023-06-11 20:40:00,10.0,Crew,Delayed,327,6662,300,255,286.0,72930,85.0,Summer
FL03845,2024-10-18,AL002,AC010,AP019,AP005,2024-10-18 18:00:00,2024-10-18 18:07:00,7.0,Technical,Delayed,130,6499,396,260,532.0,138320,65.65656565656566,Autumn
FL03846,2025-09-04,AL004,AC013,AP018,AP017,2025-09-04 19:00:00,2025-09-04 19:15:00,15.0,Technical,Delayed,149,5849,325,230,225.0,51750,70.76923076923077,Autumn
FL03847,2023-12-20,AL007,AC037,AP020,AP024,2023-12-20 13:30:00,2023-12-20 13:36:00,6.0,Air Traffic,Delayed,242,8223,220,138,77.0,10626,62.727272727272734,Winter
FL03848,2024-09-28,AL008,AC002,AP025,AP023,2024-09-28 11:30:00,2024-09-28 11:45:00,15.0,Technical,Delayed,289,1053,300,215,557.0,119755,71.66666666666667,Autumn
FL03849,2024-08-04,AL007,AC023,AP006,AP015,2024-08-04 06:45:00,2024-08-04 06:58:00,13.0,Air Traffic,Delayed,236,6411,180,125,470.0,58750,69.44444444444444,Summer
FL03850,2025-02-11,AL005,AC028,AP023,AP007,2025-02-11 05:00:00,2025-02-11 05:09:00,9.0,Technical,Delayed,619,3929,296,169,485.0,81965,57.0945945945946,Winter
FL03851,2025-04-18,AL009,AC020,AP002,AP028,2025-04-18 11:30:00,2025-04-18 11:32:00,2.0,Late Aircraft,Delayed,646,2190,396,292,568.0,165856,73.73737373737373,Spring
FL03852,2023-05-16,AL003,AC037,AP019,AP012,2023-05-16 13:30:00,2023-05-16 13:42:00,12.0,Technical,Delayed,141,983,220,127,168.0,21336,57.72727272727273,Spring
FL03853,2025-04-09,AL001,AC025,AP019,AP007,2025-04-09 08:15:00,2025-04-09 08:27:00,12.0,Crew,Delayed,646,7189,296,221,600.0,132600,74.66216216216216,Spring
FL03854,2024-12-03,AL010,AC020,AP026,AP005,2024-12-03 16:15:00,2024-12-03 16:29:00,14.0,Late Aircraft,Delayed,154,4608,396,343,573.0,196539,86.61616161616162,Winter
FL03855,2024-01-24,AL007,AC029,AP025,AP001,2024-01-24 06:15:00,2024-01-24 06:30:00,15.0,Security,Delayed,68,711,220,150,611.0,91650,68.18181818181817,Winter
FL03856,2023-12-20,AL002,AC023,AP004,AP003,2023-12-20 12:45:00,2023-12-20 12:50:00,5.0,Late Aircraft,Delayed,680,4339,180,143,317.0,45331,79.44444444444444,Winter
FL03857,2024-07-17,AL002,AC033,AP028,AP013,2024-07-17 20:30:00,2024-07-17 20:35:00,5.0,Crew,Delayed,600,1441,220,206,79.0,16274,93.63636363636364,Summer
FL03858,2023-11-30,AL003,AC023,AP013,AP007,2023-11-30 12:15:00,2023-11-30 13:44:00,89.0,Crew,Delayed,79,7262,180,64,333.0,21312,35.55555555555556,Autumn
FL03859,2024-02-18,AL007,AC003,AP024,AP005,2024-02-18 05:45:00,2024-02-18 07:57:00,132.0,Security,Severely Delayed,540,3676,396,250,345.0,86250,63.13131313131313,Winter
FL03860,2025-10-02,AL010,AC006,AP001,AP024,2025-10-02 10:30:00,2025-10-02 10:38:00,8.0,Technical,Delayed,109,2525,300,230,150.0,34500,76.66666666666667,Autumn
FL03861,2025-04-09,AL009,AC003,AP023,AP027,2025-04-09 22:00:00,2025-04-09 22:05:00,5.0,Late Aircraft,Delayed,271,2097,396,271,511.0,138481,68.43434343434343,Spring
FL03862,2025-04-21,AL004,AC003,AP002,AP019,2025-04-21 08:00:00,2025-04-21 08:14:00,14.0,Crew,Delayed,293,1032,396,355,315.0,111825,89.64646464646465,Spring
FL03863,2023-07-02,AL006,AC009,AP005,AP021,2023-07-02 20:15:00,2023-07-02 20:25:00,10.0,Late Aircraft,Delayed,67,1353,296,279,502.0,140058,94.25675675675676,Summer
FL03864,2024-10-12,AL004,AC023,AP023,AP028,2024-10-12 10:30:00,2024-10-12 10:30:00,0.0,No Delay,On Time,391,6734,180,121,290.0,35090,67.22222222222223,Autumn
FL03865,2025-03-05,AL005,AC013,AP021,AP011,2025-03-05 09:45:00,2025-03-05 09:58:00,13.0,Security,Delayed,446,6509,325,240,535.0,128400,73.84615384615385,Spring
FL03866,2023-06-23,AL009,AC017,AP022,AP015,2023-06-23 13:30:00,2023-06-23 14:53:00,83.0,Air Traffic,Delayed,422,3143,296,215,410.0,88150,72.63513513513513,Summer
FL03867,2023-01-13,AL009,AC009,AP007,AP026,2023-01-13 21:00:00,2023-01-13 22:51:00,111.0,Late Aircraft,Delayed,531,7999,296,218,100.0,21800,73.64864864864865,Winter
FL03868,2023-08-24,AL003,AC016,AP004,AP008,2023-08-24 09:30:00,2023-08-24 10:05:00,35.0,Weather,Delayed,233,1656,189,185,237.0,43845,97.88359788359789,Summer
FL03869,2023-02-06,AL001,AC031,AP016,AP004,2023-02-06 16:45:00,2023-02-06 16:46:00,1.0,Air Traffic,Delayed,309,4715,300,169,275.0,46475,56.333333333333336,Winter
FL03870,2025-06-19,AL003,AC015,AP028,AP009,2025-06-19 16:15:00,2025-06-19 16:23:00,8.0,Late Aircraft,Delayed,224,6203,396,349,402.0,140298,88.13131313131312,Summer
FL03871,2025-08-09,AL008,AC025,AP019,AP009,2025-08-09 22:30:00,2025-08-10 01:07:00,157.0,Security,Severely Delayed,117,1018,296,253,186.0,47058,85.47297297297297,Summer
FL03872,2025-07-31,AL002,AC014,AP008,AP026,2025-07-31 15:15:00,2025-07-31 15:29:00,14.0,Technical,Delayed,552,1390,325,219,102.0,22338,67.38461538461539,Summer
FL03873,2025-07-16,AL003,AC028,AP022,AP003,2025-07-16 09:45:00,2025-07-16 09:59:00,14.0,Technical,Delayed,349,4796,296,260,539.0,140140,87.83783783783784,Summer
FL03874,2025-07-21,AL008,AC033,AP021,AP003,2025-07-21 08:30:00,2025-07-21 08:40:00,10.0,Late Aircraft,Delayed,122,1816,220,173,130.0,22490,78.63636363636364,Summer
FL03875,2023-01-06,AL003,AC028,AP021,AP008,2023-01-06 10:00:00,2023-01-06 10:46:00,46.0,Air Traffic,Delayed,120,2606,296,202,627.0,126654,68.24324324324324,Winter
FL03876,2024-03-16,AL001,AC012,AP002,AP022,2024-03-16 19:30:00,2024-03-16 19:45:00,15.0,Air Traffic,Delayed,124,6306,189,148,597.0,88356,78.3068783068783,Spring
FL03877,2023-11-03,AL001,AC005,AP005,AP011,2023-11-03 12:45:00,2023-11-03 14:15:00,90.0,Crew,Delayed,155,1680,325,262,194.0,50828,80.61538461538461,Autumn
FL03878,2025-09-15,AL005,AC027,AP013,AP026,2025-09-15 20:45:00,2025-09-15 20:53:00,8.0,Security,Delayed,161,1708,325,289,573.0,165597,88.92307692307693,Autumn
FL03879,2025-04-23,AL006,AC001,AP019,AP004,2025-04-23 21:45:00,2025-04-23 21:53:00,8.0,Air Traffic,Delayed,119,6269,325,257,531.0,136467,79.07692307692308,Spring
FL03880,2024-06-15,AL010,AC005,AP025,AP007,2024-06-15 15:15:00,2024-06-15 15:16:00,1.0,Crew,Delayed,607,4125,325,263,646.0,169898,80.92307692307692,Summer
FL03881,2023-04-18,AL008,AC023,AP023,AP017,2023-04-18 21:45:00,2023-04-18 21:49:00,4.0,Crew,Delayed,709,6001,180,160,263.0,42080,88.88888888888889,Spring
FL03882,2023-02-05,AL004,AC008,AP024,AP005,2023-02-05 13:45:00,2023-02-05 16:26:00,161.0,Technical,Severely Delayed,266,6202,300,197,201.0,39597,65.66666666666666,Winter
FL03883,2023-11-24,AL001,AC008,AP005,AP027,2023-11-24 14:30:00,2023-11-24 17:24:00,174.0,Air Traffic,Severely Delayed,173,865,300,227,223.0,50621,75.66666666666667,Autumn
FL03884,2023-12-27,AL001,AC035,AP028,AP005,2023-12-27 18:30:00,2023-12-27 18:34:00,4.0,Crew,Delayed,270,4854,189,151,649.0,97999,79.8941798941799,Winter
FL03885,2024-11-07,AL003,AC026,AP011,AP015,2024-11-07 17:00:00,2024-11-07 17:10:00,10.0,Weather,Delayed,550,1113,189,180,540.0,97200,95.23809523809524,Autumn
FL03886,2024-05-22,AL007,AC009,AP018,AP023,2024-05-22 20:15:00,2024-05-22 20:20:00,5.0,Air Traffic,Delayed,414,6052,296,243,207.0,50301,82.0945945945946,Spring
FL03887,2023-07-04,AL001,AC025,AP018,AP019,2023-07-04 09:00:00,2023-07-04 09:08:00,8.0,Technical,Cancelled,448,1896,296,0,619.0,0,0.0,Summer
FL03888,2025-09-09,AL001,AC013,AP012,AP018,2025-09-09 08:00:00,2025-09-09 09:08:00,68.0,Late Aircraft,Delayed,719,1633,325,270,583.0,157410,83.07692307692308,Autumn
FL03889,2024-07-24,AL009,AC015,AP025,AP029,2024-07-24 20:30:00,2024-07-24 21:13:00,43.0,Weather,Delayed,650,6444,396,297,176.0,52272,75.0,Summer
FL03890,2024-10-27,AL005,AC028,AP012,AP024,2024-10-27 13:45:00,2024-10-27 13:50:00,5.0,Crew,Delayed,522,6738,296,273,504.0,137592,92.22972972972973,Autumn
FL03891,2024-09-03,AL006,AC031,AP021,AP011,2024-09-03 05:45:00,2024-09-03 05:46:00,1.0,Weather,Delayed,262,8144,300,222,296.0,65712,74.0,Autumn
FL03892,2024-06-04,AL008,AC030,AP003,AP027,2024-06-04 07:15:00,2024-06-04 10:07:00,172.0,Security,Severely Delayed,97,8039,325,277,419.0,116063,85.23076923076923,Summer
FL03893,2024-06-28,AL001,AC012,AP016,AP006,2024-06-28 22:00:00,2024-06-28 22:05:00,5.0,Crew,Delayed,538,331,189,157,104.0,16328,83.06878306878306,Summer
FL03894,2023-06-08,AL005,AC031,AP028,AP020,2023-06-08 10:45:00,2023-06-08 10:56:00,11.0,Air Traffic,Delayed,111,4699,300,224,505.0,113120,74.66666666666667,Summer
FL03895,2024-04-07,AL003,AC038,AP027,AP017,2024-04-07 07:15:00,2024-04-07 07:16:00,1.0,Security,Delayed,241,8027,189,128,223.0,28544,67.72486772486772,Spring
FL03896,2024-07-27,AL005,AC039,AP014,AP017,2024-07-27 22:45:00,2024-07-27 22:49:00,4.0,Weather,Delayed,214,3866,300,291,493.0,143463,97.0,Summer
FL03897,2025-12-12,AL010,AC003,AP021,AP010,2025-12-12 08:30:00,2025-12-12 09:15:00,45.0,Weather,Delayed,459,5222,396,312,130.0,40560,78.78787878787878,Winter
FL03898,2024-10-16,AL005,AC010,AP006,AP007,2024-10-16 10:15:00,2024-10-16 10:20:00,5.0,Technical,Delayed,79,8150,396,310,600.0,186000,78.28282828282829,Autumn
FL03899,2024-02-03,AL008,AC018,AP003,AP015,2024-02-03 17:30:00,2024-02-03 17:33:00,3.0,Crew,Delayed,651,3744,189,140,146.0,20440,74.07407407407408,Winter
FL03900,2023-09-07,AL008,AC007,AP029,AP021,2023-09-07 08:30:00,2023-09-07 08:36:00,6.0,Late Aircraft,Delayed,456,3766,300,267,335.0,89445,89.0,Autumn
FL03901,2024-11-16,AL007,AC040,AP027,AP026,2024-11-16 20:45:00,2024-11-16 22:17:00,92.0,Late Aircraft,Delayed,69,7485,220,170,357.0,60690,77.27272727272727,Autumn
FL03902,2024-08-26,AL001,AC040,AP006,AP028,2024-08-26 07:45:00,2024-08-26 10:25:00,160.0,Air Traffic,Severely Delayed,681,3263,220,173,571.0,98783,78.63636363636364,Summer
FL03903,2023-09-05,AL002,AC021,AP006,AP016,2023-09-05 12:45:00,2023-09-05 12:56:00,11.0,Security,Delayed,180,8428,325,210,519.0,108990,64.61538461538461,Autumn
FL03904,2024-06-12,AL006,AC028,AP024,AP013,2024-06-12 05:45:00,2024-06-12 05:46:00,1.0,Weather,Delayed,246,4921,296,250,304.0,76000,84.45945945945947,Summer
FL03905,2023-10-07,AL010,AC008,AP001,AP013,2023-10-07 17:00:00,2023-10-07 19:17:00,137.0,Late Aircraft,Severely Delayed,423,7012,300,259,479.0,124061,86.33333333333333,Autumn
FL03906,2024-05-09,AL009,AC010,AP002,AP025,2024-05-09 07:45:00,2024-05-09 08:04:00,19.0,Security,Delayed,715,2446,396,292,622.0,181624,73.73737373737373,Spring
FL03907,2023-05-01,AL003,AC039,AP026,AP005,2023-05-01 19:30:00,2023-05-01 19:43:00,13.0,Air Traffic,Delayed,203,6025,300,244,281.0,68564,81.33333333333333,Spring
FL03908,2024-01-08,AL002,AC029,AP013,AP006,2024-01-08 08:00:00,2024-01-08 09:56:00,116.0,Technical,Delayed,666,6740,220,156,70.0,10920,70.9090909090909,Winter
FL03909,2025-11-07,AL002,AC016,AP027,AP005,2025-11-07 19:15:00,2025-11-07 19:17:00,2.0,Security,Delayed,686,7672,189,131,287.0,37597,69.31216931216932,Autumn
FL03910,2023-06-14,AL007,AC034,AP009,AP023,2023-06-14 09:00:00,2023-06-14 09:01:00,1.0,Air Traffic,Delayed,79,4328,300,155,92.0,14260,51.66666666666667,Summer
FL03911,2023-07-18,AL002,AC039,AP010,AP020,2023-07-18 08:00:00,2023-07-18 08:11:00,11.0,Late Aircraft,Delayed,471,1504,300,192,393.0,75456,64.0,Summer
FL03912,2025-02-05,AL006,AC019,AP013,AP012,2025-02-05 21:15:00,2025-02-05 21:15:00,0.0,No Delay,On Time,205,1274,296,293,453.0,132729,98.98648648648648,Winter
FL03913,2023-10-29,AL004,AC022,AP008,AP005,2023-10-29 11:30:00,2023-10-29 11:33:00,3.0,Security,Delayed,519,8132,300,162,85.0,13770,54.0,Autumn
FL03914,2024-10-03,AL002,AC016,AP022,AP029,2024-10-03 20:00:00,2024-10-03 20:11:00,11.0,Technical,Delayed,250,7882,189,159,405.0,64395,84.12698412698413,Autumn
FL03915,2024-01-19,AL008,AC012,AP006,AP018,2024-01-19 17:45:00,2024-01-19 17:56:00,11.0,Air Traffic,Delayed,392,8195,189,141,139.0,19599,74.60317460317461,Winter
FL03916,2025-05-23,AL003,AC039,AP010,AP003,2025-05-23 05:30:00,2025-05-23 05:35:00,5.0,Air Traffic,Delayed,345,6149,300,217,584.0,126728,72.33333333333334,Spring
FL03917,2024-05-27,AL001,AC032,AP011,AP019,2024-05-27 12:45:00,2024-05-27 12:49:00,4.0,Air Traffic,Delayed,92,953,396,311,448.0,139328,78.53535353535354,Spring
FL03918,2025-06-05,AL008,AC040,AP011,AP017,2025-06-05 14:15:00,2025-06-05 14:22:00,7.0,Technical,Delayed,586,7832,220,179,245.0,43855,81.36363636363636,Summer
FL03919,2025-05-03,AL001,AC003,AP027,AP025,2025-05-03 14:15:00,2025-05-03 16:19:00,124.0,Security,Severely Delayed,487,3638,396,252,537.0,135324,63.63636363636363,Spring
FL03920,2024-11-17,AL009,AC035,AP008,AP018,2024-11-17 15:45:00,2024-11-17 15:46:00,1.0,Crew,Delayed,591,2376,189,128,225.0,28800,67.72486772486772,Autumn
FL03921,2024-07-07,AL001,AC002,AP001,AP022,2024-07-07 07:15:00,2024-07-07 07:27:00,12.0,Crew,Delayed,397,7088,300,193,444.0,85692,64.33333333333333,Summer
FL03922,2023-01-20,AL001,AC026,AP028,AP005,2023-01-20 22:45:00,2023-01-20 23:37:00,52.0,Weather,Delayed,430,3988,189,137,609.0,83433,72.4867724867725,Winter
FL03923,2024-08-12,AL003,AC007,AP014,AP013,2024-08-12 15:30:00,2024-08-12 15:38:00,8.0,Weather,Delayed,389,5881,300,204,199.0,40596,68.0,Summer
FL03924,2024-08-18,AL006,AC004,AP014,AP019,2024-08-18 07:15:00,2024-08-18 10:01:00,166.0,Weather,Severely Delayed,212,1677,180,135,446.0,60210,75.0,Summer
FL03925,2025-02-07,AL001,AC013,AP020,AP017,2025-02-07 05:30:00,2025-02-07 05:42:00,12.0,Air Traffic,Delayed,582,7204,325,256,137.0,35072,78.76923076923077,Winter
FL03926,2024-04-02,AL002,AC040,AP012,AP030,2024-04-02 13:30:00,2024-04-02 15:54:00,144.0,Crew,Severely Delayed,536,2819,220,135,368.0,49680,61.36363636363637,Spring
FL03927,2023-03-05,AL008,AC007,AP005,AP022,2023-03-05 17:45:00,2023-03-05 17:45:00,0.0,No Delay,On Time,556,3002,300,223,269.0,59987,74.33333333333333,Spring
FL03928,2024-02-02,AL001,AC031,AP015,AP012,2024-02-02 19:00:00,2024-02-02 21:51:00,171.0,Security,Severely Delayed,608,5276,300,242,116.0,28072,80.66666666666666,Winter
FL03929,2023-05-19,AL003,AC003,AP010,AP019,2023-05-19 07:00:00,2023-05-19 08:01:00,61.0,Technical,Delayed,83,788,396,334,528.0,176352,84.34343434343434,Spring
FL03930,2024-11-07,AL008,AC007,AP006,AP009,2024-11-07 19:45:00,2024-11-07 19:57:00,12.0,Air Traffic,Delayed,242,8346,300,215,644.0,138460,71.66666666666667,Autumn
FL03931,2025-03-06,AL006,AC008,AP013,AP004,2025-03-06 08:15:00,2025-03-06 08:27:00,12.0,Technical,Delayed,136,6241,300,279,431.0,120249,93.0,Spring
FL03932,2024-10-04,AL003,AC032,AP027,AP028,2024-10-04 14:45:00,2024-10-04 17:13:00,148.0,Air Traffic,Severely Delayed,667,1311,396,307,273.0,83811,77.52525252525253,Autumn
FL03933,2025-10-09,AL008,AC027,AP025,AP030,2025-10-09 19:45:00,2025-10-09 19:46:00,1.0,Technical,Delayed,91,6947,325,244,444.0,108336,75.07692307692308,Autumn
FL03934,2023-05-25,AL003,AC014,AP006,AP002,2023-05-25 19:45:00,2023-05-25 20:01:00,16.0,Late Aircraft,Delayed,601,4397,325,258,389.0,100362,79.38461538461539,Spring
FL03935,2024-02-22,AL004,AC013,AP002,AP027,2024-02-22 05:00:00,2024-02-22 05:09:00,9.0,Security,Cancelled,334,1403,325,0,326.0,0,0.0,Winter
FL03936,2025-01-31,AL003,AC012,AP015,AP005,2025-01-31 16:15:00,2025-01-31 16:17:00,2.0,Crew,Delayed,633,7185,189,147,84.0,12348,77.77777777777779,Winter
FL03937,2023-01-09,AL006,AC012,AP007,AP013,2023-01-09 12:45:00,2023-01-09 14:02:00,77.0,Air Traffic,Delayed,84,548,189,109,617.0,67253,57.67195767195767,Winter
FL03938,2024-12-14,AL008,AC031,AP026,AP002,2024-12-14 18:45:00,2024-12-14 18:50:00,5.0,Security,Delayed,258,4767,300,271,184.0,49864,90.33333333333331,Winter
FL03939,2023-12-17,AL005,AC030,AP019,AP022,2023-12-17 10:45:00,2023-12-17 10:50:00,5.0,Security,Delayed,466,4435,325,296,388.0,114848,91.07692307692308,Winter
FL03940,2024-06-21,AL009,AC036,AP003,AP004,2024-06-21 22:45:00,2024-06-21 23:44:00,59.0,Late Aircraft,Delayed,68,4015,180,162,191.0,30942,90.0,Summer
FL03941,2025-08-29,AL009,AC019,AP013,AP024,2025-08-29 19:00:00,2025-08-29 19:10:00,10.0,Technical,Delayed,664,1588,296,281,338.0,94978,94.93243243243244,Summer
FL03942,2024-09-08,AL008,AC027,AP030,AP002,2024-09-08 16:15:00,2024-09-08 16:15:00,0.0,No Delay,On Time,513,6529,325,134,195.0,26130,41.23076923076923,Autumn
FL03943,2023-07-02,AL009,AC027,AP017,AP012,2023-07-02 13:30:00,2023-07-02 13:31:00,1.0,Weather,Delayed,696,5880,325,214,222.0,47508,65.84615384615384,Summer
FL03944,2024-07-20,AL008,AC008,AP002,AP017,2024-07-20 15:00:00,2024-07-20 15:03:00,3.0,Crew,Delayed,122,6602,300,226,358.0,80908,75.33333333333333,Summer
FL03945,2023-06-07,AL009,AC038,AP002,AP026,2023-06-07 17:15:00,2023-06-07 19:55:00,160.0,Technical,Severely Delayed,125,4010,189,175,365.0,63875,92.5925925925926,Summer
FL03946,2024-11-17,AL008,AC008,AP013,AP020,2024-11-17 18:00:00,2024-11-17 18:13:00,13.0,Air Traffic,Delayed,541,3730,300,198,575.0,113850,66.0,Autumn
FL03947,2025-05-19,AL004,AC027,AP008,AP007,2025-05-19 12:30:00,2025-05-19 12:34:00,4.0,Late Aircraft,Delayed,291,690,325,300,281.0,84300,92.3076923076923,Spring
FL03948,2025-02-01,AL008,AC019,AP016,AP009,2025-02-01 17:00:00,2025-02-01 17:11:00,11.0,Late Aircraft,Delayed,105,7428,296,251,75.0,18825,84.7972972972973,Winter
FL03949,2025-01-20,AL010,AC031,AP012,AP006,2025-01-20 16:00:00,2025-01-20 16:39:00,39.0,Weather,Delayed,693,6558,300,179,444.0,79476,59.66666666666667,Winter
FL03950,2024-09-30,AL006,AC035,AP003,AP002,2024-09-30 10:00:00,2024-09-30 10:10:00,10.0,Security,Delayed,526,361,189,136,518.0,70448,71.95767195767195,Autumn
FL03951,2023-04-28,AL007,AC037,AP019,AP004,2023-04-28 11:45:00,2023-04-28 13:18:00,93.0,Crew,Delayed,363,601,220,217,374.0,81158,98.63636363636364,Spring
FL03952,2025-04-20,AL004,AC024,AP027,AP004,2025-04-20 16:30:00,2025-04-20 16:35:00,5.0,Weather,Delayed,554,1871,296,243,526.0,127818,82.0945945945946,Spring
FL03953,2024-06-06,AL009,AC023,AP009,AP015,2024-06-06 15:30:00,2024-06-06 18:06:00,156.0,Security,Severely Delayed,585,6382,180,165,323.0,53295,91.66666666666666,Summer
FL03954,2023-12-16,AL005,AC005,AP007,AP002,2023-12-16 10:00:00,2023-12-16 10:11:00,11.0,Security,Delayed,652,3352,325,294,101.0,29694,90.46153846153844,Winter
FL03955,2025-10-17,AL004,AC012,AP016,AP023,2025-10-17 11:15:00,2025-10-17 11:49:00,34.0,Security,Delayed,399,6723,189,140,634.0,88760,74.07407407407408,Autumn
FL03956,2023-02-11,AL001,AC019,AP023,AP007,2023-02-11 08:15:00,2023-02-11 08:29:00,14.0,Weather,Delayed,505,7480,296,208,426.0,88608,70.27027027027027,Winter
FL03957,2025-08-02,AL005,AC022,AP008,AP003,2025-08-02 05:00:00,2025-08-02 05:03:00,3.0,Technical,Delayed,682,7627,300,273,579.0,158067,91.0,Summer
FL03958,2023-09-03,AL010,AC016,AP013,AP028,2023-09-03 21:30:00,2023-09-03 21:33:00,3.0,Crew,Delayed,250,7362,189,176,312.0,54912,93.12169312169311,Autumn
FL03959,2025-06-08,AL006,AC028,AP029,AP011,2025-06-08 11:45:00,2025-06-08 11:46:00,1.0,Air Traffic,Delayed,395,652,296,272,364.0,99008,91.8918918918919,Summer
FL03960,2025-01-14,AL008,AC030,AP030,AP028,2025-01-14 15:30:00,2025-01-14 15:34:00,4.0,Crew,Delayed,138,2515,325,203,632.0,128296,62.46153846153846,Winter
FL03961,2025-07-26,AL008,AC007,AP021,AP026,2025-07-26 09:45:00,2025-07-26 09:45:00,0.0,No Delay,On Time,280,1425,300,244,146.0,35624,81.33333333333333,Summer
FL03962,2024-05-26,AL003,AC003,AP013,AP005,2024-05-26 22:30:00,2024-05-26 22:31:00,1.0,Air Traffic,Delayed,481,2022,396,256,628.0,160768,64.64646464646465,Spring
FL03963,2023-10-16,AL004,AC033,AP011,AP009,2023-10-16 15:15:00,2023-10-16 16:12:00,57.0,Security,Delayed,61,1257,220,170,401.0,68170,77.27272727272727,Autumn
FL03964,2023-05-03,AL001,AC018,AP002,AP003,2023-05-03 06:15:00,2023-05-03 06:15:00,0.0,No Delay,On Time,434,4351,189,153,454.0,69462,80.95238095238095,Spring
FL03965,2025-03-17,AL007,AC031,AP014,AP021,2025-03-17 12:45:00,2025-03-17 12:58:00,13.0,Crew,Delayed,310,6559,300,194,550.0,106700,64.66666666666666,Spring
FL03966,2024-10-19,AL008,AC025,AP025,AP001,2024-10-19 08:30:00,2024-10-19 08:37:00,7.0,Technical,Delayed,203,4678,296,216,92.0,19872,72.97297297297297,Autumn
FL03967,2025-09-19,AL008,AC031,AP023,AP007,2025-09-19 22:00:00,2025-09-19 22:15:00,15.0,Weather,Delayed,684,6840,300,253,154.0,38962,84.33333333333334,Autumn
FL03968,2025-01-17,AL005,AC033,AP026,AP022,2025-01-17 07:45:00,2025-01-17 08:00:00,15.0,Weather,Delayed,589,1203,220,163,525.0,85575,74.0909090909091,Winter
FL03969,2023-12-16,AL004,AC006,AP008,AP006,2023-12-16 10:00:00,2023-12-16 10:13:00,13.0,Weather,Delayed,366,7107,300,192,583.0,111936,64.0,Winter
FL03970,2025-08-03,AL007,AC011,AP027,AP028,2025-08-03 11:30:00,2025-08-03 11:44:00,14.0,Air Traffic,Delayed,535,2665,300,217,101.0,21917,72.33333333333334,Summer
FL03971,2025-04-22,AL001,AC006,AP029,AP002,2025-04-22 21:45:00,2025-04-22 21:55:00,10.0,Technical,Delayed,719,7008,300,207,637.0,131859,69.0,Spring
FL03972,2025-10-11,AL006,AC025,AP006,AP020,2025-10-11 06:45:00,2025-10-11 06:55:00,10.0,Late Aircraft,Delayed,506,3527,296,128,380.0,48640,43.24324324324324,Autumn
FL03973,2023-04-30,AL001,AC034,AP021,AP013,2023-04-30 18:30:00,2023-04-30 18:30:00,0.0,No Delay,On Time,302,4929,300,273,375.0,102375,91.0,Spring
FL03974,2023-07-14,AL008,AC017,AP026,AP017,2023-07-14 07:45:00,2023-07-14 07:45:00,0.0,No Delay,On Time,536,2060,296,223,190.0,42370,75.33783783783784,Summer
FL03975,2024-09-07,AL007,AC023,AP021,AP009,2024-09-07 13:15:00,2024-09-07 13:20:00,5.0,Technical,Delayed,276,3666,180,93,90.0,8370,51.66666666666667,Autumn
FL03976,2025-03-24,AL009,AC011,AP012,AP006,2025-03-24 12:15:00,2025-03-24 12:22:00,7.0,Crew,Delayed,560,2610,300,201,114.0,22914,67.0,Spring
FL03977,2023-12-21,AL004,AC016,AP006,AP026,2023-12-21 12:30:00,2023-12-21 12:32:00,2.0,Security,Delayed,364,5683,189,146,182.0,26572,77.24867724867724,Winter
FL03978,2023-07-13,AL009,AC029,AP027,AP029,2023-07-13 15:15:00,2023-07-13 15:29:00,14.0,Air Traffic,Delayed,593,6100,220,209,454.0,94886,95.0,Summer
FL03979,2025-11-06,AL009,AC009,AP030,AP003,2025-11-06 17:15:00,2025-11-06 18:45:00,90.0,Crew,Delayed,308,4184,296,250,127.0,31750,84.45945945945947,Autumn
FL03980,2024-11-11,AL007,AC001,AP013,AP012,2024-11-11 07:15:00,2024-11-11 07:52:00,37.0,Crew,Delayed,152,2596,325,287,218.0,62566,88.3076923076923,Autumn
FL03981,2025-01-25,AL003,AC007,AP028,AP023,2025-01-25 12:15:00,2025-01-25 12:19:00,4.0,Technical,Delayed,570,7894,300,162,519.0,84078,54.0,Winter
FL03982,2024-09-02,AL002,AC030,AP030,AP005,2024-09-02 07:30:00,2024-09-02 08:11:00,41.0,Air Traffic,Delayed,198,4643,325,174,381.0,66294,53.53846153846153,Autumn
FL03983,2023-05-08,AL007,AC010,AP001,AP002,2023-05-08 17:00:00,2023-05-08 17:07:00,7.0,Technical,Delayed,653,1620,396,294,206.0,60564,74.24242424242425,Spring
FL03984,2024-10-07,AL007,AC021,AP030,AP023,2024-10-07 12:45:00,2024-10-07 12:55:00,10.0,Security,Delayed,498,6477,325,219,633.0,138627,67.38461538461539,Autumn
FL03985,2023-09-16,AL005,AC034,AP013,AP010,2023-09-16 06:45:00,2023-09-16 06:59:00,14.0,Weather,Delayed,163,7718,300,226,188.0,42488,75.33333333333333,Autumn
FL03986,2025-02-17,AL006,AC030,AP021,AP022,2025-02-17 16:15:00,2025-02-17 16:23:00,8.0,Security,Delayed,98,318,325,274,415.0,113710,84.3076923076923,Winter
FL03987,2023-11-01,AL010,AC037,AP027,AP019,2023-11-01 21:30:00,2023-11-01 21:31:00,1.0,Technical,Delayed,182,7246,220,187,240.0,44880,85.0,Autumn
FL03988,2025-12-29,AL002,AC017,AP007,AP015,2025-12-29 15:00:00,2025-12-29 15:01:00,1.0,Late Aircraft,Delayed,498,369,296,240,269.0,64560,81.08108108108108,Winter
FL03989,2024-05-27,AL003,AC027,AP001,AP019,2024-05-27 06:00:00,2024-05-27 09:00:00,180.0,Technical,Severely Delayed,361,8020,325,235,289.0,67915,72.3076923076923,Spring
FL03990,2025-03-26,AL009,AC029,AP025,AP014,2025-03-26 20:45:00,2025-03-26 20:58:00,13.0,Weather,Delayed,295,4065,220,194,307.0,59558,88.18181818181819,Spring
FL03991,2024-01-12,AL002,AC033,AP027,AP030,2024-01-12 20:30:00,2024-01-12 20:38:00,8.0,Crew,Delayed,588,338,220,170,169.0,28730,77.27272727272727,Winter
FL03992,2023-12-15,AL002,AC038,AP030,AP021,2023-12-15 10:00:00,2023-12-15 10:11:00,11.0,Technical,Delayed,186,6957,189,155,514.0,79670,82.01058201058201,Winter
FL03993,2025-08-13,AL002,AC034,AP012,AP008,2025-08-13 12:30:00,2025-08-13 12:45:00,15.0,Air Traffic,Delayed,180,928,300,250,551.0,137750,83.33333333333334,Summer
FL03994,2023-01-26,AL001,AC021,AP002,AP004,2023-01-26 22:00:00,2023-01-26 22:04:00,4.0,Security,Delayed,666,7277,325,207,362.0,74934,63.69230769230769,Winter
FL03995,2024-01-25,AL006,AC037,AP028,AP024,2024-01-25 12:15:00,2024-01-25 12:16:00,1.0,Technical,Delayed,453,771,220,162,343.0,55566,73.63636363636363,Winter
FL03996,2024-03-21,AL006,AC024,AP009,AP023,2024-03-21 09:15:00,2024-03-21 09:55:00,40.0,Technical,Delayed,80,3173,296,193,402.0,77586,65.2027027027027,Spring
FL03997,2023-02-01,AL005,AC015,AP003,AP025,2023-02-01 17:30:00,2023-02-01 17:41:00,11.0,Air Traffic,Delayed,655,7057,396,349,590.0,205910,88.13131313131312,Winter
FL03998,2023-11-04,AL006,AC026,AP012,AP025,2023-11-04 10:45:00,2023-11-04 10:58:00,13.0,Security,Delayed,302,1170,189,145,527.0,76415,76.71957671957672,Autumn
FL03999,2023-09-15,AL002,AC009,AP019,AP006,2023-09-15 06:15:00,2023-09-15 06:17:00,2.0,Late Aircraft,Delayed,664,8438,296,208,143.0,29744,70.27027027027027,Autumn
FL04000,2023-06-29,AL006,AC018,AP021,AP008,2023-06-29 05:00:00,2023-06-29 05:06:00,6.0,Weather,Delayed,658,8001,189,187,337.0,63019,98.94179894179894,Summer
FL04001,2023-05-19,AL005,AC039,AP007,AP028,2023-05-19 10:15:00,2023-05-19 10:17:00,2.0,Air Traffic,Delayed,168,2110,300,207,469.0,97083,69.0,Spring
FL04002,2023-02-06,AL003,AC007,AP022,AP030,2023-02-06 07:15:00,2023-02-06 07:17:00,2.0,Security,Delayed,399,4860,300,247,98.0,24206,82.33333333333334,Winter
FL04003,2023-03-09,AL009,AC020,AP013,AP006,2023-03-09 10:30:00,2023-03-09 10:39:00,9.0,Crew,Delayed,163,4256,396,172,106.0,18232,43.43434343434344,Spring
FL04004,2023-02-03,AL003,AC007,AP028,AP009,2023-02-03 17:45:00,2023-02-03 17:52:00,7.0,Technical,Delayed,664,3294,300,277,601.0,166477,92.33333333333331,Winter
FL04005,2025-04-09,AL005,AC015,AP016,AP027,2025-04-09 20:30:00,2025-04-09 20:42:00,12.0,Crew,Delayed,123,6925,396,228,188.0,42864,57.57575757575758,Spring
FL04006,2024-02-07,AL008,AC034,AP013,AP014,2024-02-07 09:30:00,2024-02-07 09:45:00,15.0,Air Traffic,Delayed,660,8348,300,295,512.0,151040,98.33333333333331,Winter
FL04007,2024-05-23,AL005,AC018,AP002,AP028,2024-05-23 09:00:00,2024-05-23 09:07:00,7.0,Air Traffic,Delayed,156,4807,189,117,472.0,55224,61.90476190476191,Spring
FL04008,2025-08-31,AL005,AC028,AP003,AP023,2025-08-31 17:15:00,2025-08-31 17:27:00,12.0,Crew,Delayed,709,4985,296,223,341.0,76043,75.33783783783784,Summer
FL04009,2023-09-28,AL008,AC008,AP001,AP020,2023-09-28 06:30:00,2023-09-28 06:40:00,10.0,Weather,Delayed,371,7511,300,240,432.0,103680,80.0,Autumn
FL04010,2025-12-17,AL008,AC007,AP002,AP005,2025-12-17 22:15:00,2025-12-17 23:31:00,76.0,Technical,Delayed,105,3223,300,173,155.0,26815,57.66666666666666,Winter
FL04011,2023-08-12,AL007,AC039,AP017,AP023,2023-08-12 17:45:00,2023-08-12 19:04:00,79.0,Technical,Delayed,73,2812,300,234,535.0,125190,78.0,Summer
FL04012,2023-06-15,AL010,AC037,AP008,AP027,2023-06-15 16:15:00,2023-06-15 16:23:00,8.0,Late Aircraft,Delayed,176,6904,220,175,166.0,29050,79.54545454545455,Summer
FL04013,2023-03-13,AL010,AC001,AP018,AP026,2023-03-13 15:45:00,2023-03-13 15:48:00,3.0,Security,Delayed,202,3528,325,205,558.0,114390,63.07692307692307,Spring
FL04014,2023-07-04,AL009,AC001,AP030,AP028,2023-07-04 17:15:00,2023-07-04 17:18:00,3.0,Security,Delayed,385,7572,325,311,258.0,80238,95.6923076923077,Summer
FL04015,2023-06-09,AL003,AC031,AP002,AP011,2023-06-09 18:45:00,2023-06-09 18:45:00,0.0,No Delay,On Time,452,7608,300,183,614.0,112362,61.0,Summer
FL04016,2023-12-16,AL002,AC008,AP016,AP005,2023-12-16 07:45:00,2023-12-16 07:55:00,10.0,Security,Delayed,236,724,300,210,615.0,129150,70.0,Winter
FL04017,2025-01-11,AL005,AC026,AP029,AP021,2025-01-11 16:45:00,2025-01-11 16:57:00,12.0,Security,Delayed,355,2914,189,167,263.0,43921,88.35978835978835,Winter
FL04018,2025-01-10,AL009,AC017,AP016,AP028,2025-01-10 20:00:00,2025-01-10 20:04:00,4.0,Crew,Delayed,699,7188,296,247,630.0,155610,83.44594594594594,Winter
FL04019,2025-12-09,AL002,AC038,AP024,AP018,2025-12-09 05:15:00,2025-12-09 05:25:00,10.0,Weather,Delayed,216,4640,189,128,532.0,68096,67.72486772486772,Winter
FL04020,2023-04-24,AL004,AC006,AP011,AP012,2023-04-24 07:00:00,2023-04-24 07:14:00,14.0,Weather,Delayed,129,6890,300,216,532.0,114912,72.0,Spring
FL04021,2024-05-02,AL004,AC004,AP030,AP005,2024-05-02 22:00:00,2024-05-02 22:10:00,10.0,Air Traffic,Delayed,336,6235,180,121,570.0,68970,67.22222222222223,Spring
FL04022,2024-09-28,AL004,AC002,AP028,AP016,2024-09-28 17:30:00,2024-09-28 18:33:00,63.0,Air Traffic,Cancelled,707,1914,300,0,226.0,0,0.0,Autumn
FL04023,2023-04-16,AL001,AC024,AP001,AP007,2023-04-16 17:45:00,2023-04-16 17:55:00,10.0,Security,Delayed,100,1083,296,216,363.0,78408,72.97297297297297,Spring
FL04024,2025-10-14,AL003,AC024,AP014,AP016,2025-10-14 15:30:00,2025-10-14 15:36:00,6.0,Technical,Delayed,493,3255,296,225,196.0,44100,76.01351351351352,Autumn
FL04025,2023-03-21,AL002,AC036,AP030,AP012,2023-03-21 12:30:00,2023-03-21 14:05:00,95.0,Crew,Delayed,511,1916,180,154,149.0,22946,85.55555555555556,Spring
FL04026,2025-10-17,AL007,AC019,AP021,AP005,2025-10-17 08:15:00,2025-10-17 08:17:00,2.0,Air Traffic,Delayed,259,6259,296,239,244.0,58316,80.74324324324324,Autumn
FL04027,2023-08-09,AL005,AC033,AP010,AP027,2023-08-09 19:45:00,2023-08-09 19:51:00,6.0,Air Traffic,Delayed,211,7225,220,151,148.0,22348,68.63636363636364,Summer
FL04028,2023-07-25,AL006,AC003,AP001,AP007,2023-07-25 05:15:00,2023-07-25 05:30:00,15.0,Late Aircraft,Delayed,633,2689,396,379,270.0,102330,95.70707070707071,Summer
FL04029,2023-07-09,AL002,AC017,AP018,AP014,2023-07-09 10:30:00,2023-07-09 10:33:00,3.0,Weather,Delayed,195,6137,296,221,632.0,139672,74.66216216216216,Summer
FL04030,2025-09-13,AL005,AC004,AP022,AP026,2025-09-13 17:30:00,2025-09-13 17:43:00,13.0,Late Aircraft,Delayed,165,5545,180,122,137.0,16714,67.77777777777779,Autumn
FL04031,2025-05-05,AL009,AC021,AP008,AP005,2025-05-05 07:00:00,2025-05-05 07:10:00,10.0,Technical,Delayed,254,6338,325,302,184.0,55568,92.92307692307692,Spring
FL04032,2025-05-07,AL003,AC011,AP029,AP016,2025-05-07 06:45:00,2025-05-07 07:00:00,15.0,Technical,Delayed,556,3208,300,198,471.0,93258,66.0,Spring
FL04033,2024-06-19,AL001,AC016,AP001,AP005,2024-06-19 05:15:00,2024-06-19 05:23:00,8.0,Air Traffic,Delayed,97,4686,189,158,322.0,50876,83.5978835978836,Summer
FL04034,2025-11-18,AL005,AC040,AP016,AP022,2025-11-18 12:00:00,2025-11-18 12:10:00,10.0,Late Aircraft,Delayed,137,6503,220,121,548.0,66308,55.00000000000001,Autumn
FL04035,2025-01-31,AL009,AC033,AP004,AP003,2025-01-31 10:45:00,2025-01-31 10:59:00,14.0,Technical,Delayed,241,1368,220,186,577.0,107322,84.54545454545455,Winter
FL04036,2023-08-05,AL003,AC009,AP025,AP003,2023-08-05 16:30:00,2023-08-05 19:02:00,152.0,Weather,Severely Delayed,372,5753,296,241,274.0,66034,81.41891891891892,Summer
FL04037,2025-06-18,AL003,AC025,AP012,AP028,2025-06-18 13:30:00,2025-06-18 15:46:00,136.0,Technical,Severely Delayed,534,2734,296,229,643.0,147247,77.36486486486487,Summer
FL04038,2025-12-31,AL006,AC034,AP008,AP014,2025-12-31 05:00:00,2025-12-31 05:02:00,2.0,Air Traffic,Delayed,403,2749,300,217,475.0,103075,72.33333333333334,Winter
FL04039,2024-09-28,AL001,AC040,AP021,AP008,2024-09-28 06:00:00,2024-09-28 06:10:00,10.0,Late Aircraft,Delayed,714,2450,220,180,546.0,98280,81.81818181818183,Autumn
FL04040,2024-05-06,AL001,AC037,AP020,AP013,2024-05-06 20:00:00,2024-05-06 20:11:00,11.0,Late Aircraft,Delayed,401,6220,220,187,479.0,89573,85.0,Spring
FL04041,2023-12-11,AL010,AC032,AP012,AP026,2023-12-11 09:15:00,2023-12-11 09:28:00,13.0,Security,Delayed,584,4338,396,287,320.0,91840,72.47474747474747,Winter
FL04042,2025-04-21,AL003,AC020,AP008,AP018,2025-04-21 22:15:00,2025-04-21 22:23:00,8.0,Air Traffic,Delayed,264,6930,396,293,324.0,94932,73.98989898989899,Spring
FL04043,2025-04-15,AL007,AC015,AP026,AP002,2025-04-15 18:30:00,2025-04-15 18:31:00,1.0,Technical,Delayed,582,5404,396,270,241.0,65070,68.18181818181817,Spring
FL04044,2025-04-08,AL005,AC016,AP011,AP027,2025-04-08 21:45:00,2025-04-08 23:11:00,86.0,Crew,Delayed,560,4883,189,138,164.0,22632,73.01587301587301,Spring
FL04045,2025-07-22,AL003,AC035,AP029,AP008,2025-07-22 18:45:00,2025-07-22 18:59:00,14.0,Air Traffic,Delayed,483,3736,189,111,275.0,30525,58.730158730158735,Summer
FL04046,2025-09-16,AL005,AC011,AP016,AP025,2025-09-16 22:30:00,2025-09-16 22:45:00,15.0,Technical,Delayed,261,3059,300,219,422.0,92418,73.0,Autumn
FL04047,2024-11-30,AL002,AC014,AP008,AP020,2024-11-30 10:45:00,2024-11-30 10:46:00,1.0,Air Traffic,Delayed,300,1960,325,215,585.0,125775,66.15384615384615,Autumn
FL04048,2023-12-22,AL010,AC034,AP012,AP023,2023-12-22 09:30:00,2023-12-22 09:42:00,12.0,Crew,Delayed,75,2512,300,158,126.0,19908,52.66666666666666,Winter
FL04049,2024-07-09,AL006,AC013,AP011,AP001,2024-07-09 05:15:00,2024-07-09 05:30:00,15.0,Air Traffic,Delayed,234,552,325,296,396.0,117216,91.07692307692308,Summer
FL04050,2024-02-14,AL003,AC013,AP001,AP023,2024-02-14 16:30:00,2024-02-14 16:37:00,7.0,Technical,Delayed,282,2575,325,246,213.0,52398,75.6923076923077,Winter
FL04051,2023-02-20,AL004,AC005,AP001,AP002,2023-02-20 19:15:00,2023-02-20 19:25:00,10.0,Security,Delayed,376,2702,325,172,536.0,92192,52.92307692307693,Winter
FL04052,2024-06-17,AL001,AC001,AP009,AP023,2024-06-17 09:30:00,2024-06-17 09:40:00,10.0,Air Traffic,Delayed,354,435,325,270,173.0,46710,83.07692307692308,Summer
FL04053,2023-07-04,AL004,AC034,AP006,AP014,2023-07-04 22:00:00,2023-07-04 22:01:00,1.0,Technical,Delayed,236,6122,300,227,359.0,81493,75.66666666666667,Summer
FL04054,2025-02-12,AL004,AC012,AP007,AP024,2025-02-12 12:45:00,2025-02-12 12:51:00,6.0,Crew,Delayed,683,3036,189,147,455.0,66885,77.77777777777779,Winter
FL04055,2023-01-14,AL003,AC018,AP021,AP020,2023-01-14 09:00:00,2023-01-14 09:07:00,7.0,Crew,Delayed,629,406,189,136,258.0,35088,71.95767195767195,Winter
FL04056,2024-09-10,AL010,AC003,AP024,AP020,2024-09-10 22:00:00,2024-09-10 22:45:00,45.0,Weather,Delayed,702,2246,396,319,141.0,44979,80.55555555555556,Autumn
FL04057,2025-05-03,AL010,AC001,AP010,AP018,2025-05-03 08:30:00,2025-05-03 08:33:00,3.0,Air Traffic,Delayed,542,7381,325,309,428.0,132252,95.07692307692308,Spring
FL04058,2024-12-19,AL002,AC017,AP026,AP018,2024-12-19 21:00:00,2024-12-19 22:02:00,62.0,Crew,Delayed,525,2805,296,255,524.0,133620,86.14864864864865,Winter
FL04059,2025-03-27,AL009,AC039,AP014,AP016,2025-03-27 20:15:00,2025-03-27 20:24:00,9.0,Security,Delayed,615,7811,300,205,260.0,53300,68.33333333333333,Spring
FL04060,2024-03-26,AL006,AC025,AP004,AP026,2024-03-26 15:15:00,2024-03-26 15:27:00,12.0,Late Aircraft,Cancelled,447,8219,296,0,123.0,0,0.0,Spring
FL04061,2023-10-13,AL009,AC015,AP029,AP024,2023-10-13 13:45:00,2023-10-13 13:49:00,4.0,Weather,Delayed,207,3680,396,308,232.0,71456,77.77777777777779,Autumn
FL04062,2023-02-09,AL010,AC011,AP029,AP027,2023-02-09 22:00:00,2023-02-09 22:12:00,12.0,Crew,Delayed,106,1649,300,264,187.0,49368,88.0,Winter
FL04063,2023-01-16,AL009,AC004,AP025,AP027,2023-01-16 19:45:00,2023-01-16 19:50:00,5.0,Security,Delayed,117,7392,180,109,264.0,28776,60.55555555555555,Winter
FL04064,2023-12-03,AL007,AC024,AP019,AP025,2023-12-03 11:30:00,2023-12-03 11:32:00,2.0,Security,Delayed,567,6552,296,267,373.0,99591,90.2027027027027,Winter
FL04065,2024-11-05,AL005,AC019,AP019,AP022,2024-11-05 09:45:00,2024-11-05 10:18:00,33.0,Late Aircraft,Delayed,685,2691,296,227,288.0,65376,76.6891891891892,Autumn
FL04066,2023-10-26,AL001,AC003,AP023,AP029,2023-10-26 20:15:00,2023-10-26 20:16:00,1.0,Late Aircraft,Delayed,699,3488,396,283,141.0,39903,71.46464646464646,Autumn
FL04067,2024-03-19,AL003,AC029,AP017,AP030,2024-03-19 17:15:00,2024-03-19 17:27:00,12.0,Security,Delayed,542,3547,220,174,124.0,21576,79.0909090909091,Spring
FL04068,2025-04-13,AL005,AC028,AP003,AP026,2025-04-13 07:30:00,2025-04-13 07:33:00,3.0,Security,Delayed,457,5884,296,223,485.0,108155,75.33783783783784,Spring
FL04069,2024-08-11,AL004,AC016,AP029,AP009,2024-08-11 05:15:00,2024-08-11 05:21:00,6.0,Crew,Delayed,304,7443,189,178,466.0,82948,94.17989417989418,Summer
FL04070,2023-03-14,AL002,AC010,AP029,AP005,2023-03-14 09:45:00,2023-03-14 09:55:00,10.0,Late Aircraft,Delayed,331,3826,396,217,584.0,126728,54.7979797979798,Spring
FL04071,2024-05-14,AL002,AC012,AP004,AP019,2024-05-14 14:30:00,2024-05-14 14:30:00,0.0,No Delay,On Time,283,6281,189,160,598.0,95680,84.65608465608466,Spring
FL04072,2023-10-05,AL002,AC007,AP005,AP006,2023-10-05 05:15:00,2023-10-05 05:27:00,12.0,Late Aircraft,Delayed,326,6755,300,203,242.0,49126,67.66666666666666,Autumn
FL04073,2025-01-15,AL007,AC036,AP019,AP020,2025-01-15 20:00:00,2025-01-15 20:25:00,25.0,Weather,Delayed,315,5494,180,131,512.0,67072,72.77777777777777,Winter
FL04074,2024-04-06,AL001,AC012,AP012,AP021,2024-04-06 11:15:00,2024-04-06 13:12:00,117.0,Late Aircraft,Delayed,269,4242,189,137,524.0,71788,72.4867724867725,Spring
FL04075,2024-11-27,AL002,AC025,AP019,AP005,2024-11-27 16:45:00,2024-11-27 16:59:00,14.0,Weather,Delayed,621,7759,296,165,625.0,103125,55.74324324324324,Autumn
FL04076,2023-12-29,AL002,AC028,AP001,AP021,2023-12-29 07:00:00,2023-12-29 07:01:00,1.0,Crew,Delayed,58,5489,296,213,595.0,126735,71.95945945945947,Winter
FL04077,2025-12-11,AL008,AC027,AP004,AP026,2025-12-11 22:15:00,2025-12-11 22:25:00,10.0,Weather,Delayed,261,2320,325,264,261.0,68904,81.23076923076923,Winter
FL04078,2023-12-25,AL007,AC005,AP011,AP030,2023-12-25 06:15:00,2023-12-25 06:23:00,8.0,Technical,Delayed,518,6958,325,245,204.0,49980,75.38461538461539,Winter
FL04079,2023-12-20,AL006,AC037,AP022,AP001,2023-12-20 17:15:00,2023-12-20 18:33:00,78.0,Crew,Delayed,657,8396,220,194,155.0,30070,88.18181818181819,Winter
FL04080,2023-07-31,AL003,AC040,AP028,AP016,2023-07-31 21:00:00,2023-07-31 23:59:00,179.0,Crew,Severely Delayed,163,2402,220,217,362.0,91574,98.63636363636364,Summer
FL04081,2024-04-03,AL002,AC011,AP008,AP007,2024-04-03 17:45:00,2024-04-03 17:49:00,4.0,Security,Delayed,697,1450,300,260,223.0,57980,86.66666666666667,Spring
FL04082,2024-08-10,AL002,AC013,AP021,AP029,2024-08-10 11:00:00,2024-08-10 11:04:00,4.0,Weather,Delayed,214,6849,325,227,234.0,53118,69.84615384615384,Summer
FL04083,2023-11-16,AL003,AC016,AP004,AP023,2023-11-16 06:15:00,2023-11-16 06:27:00,12.0,Late Aircraft,Delayed,666,5656,189,172,171.0,29412,91.005291005291,Autumn
FL04084,2024-12-27,AL009,AC037,AP026,AP027,2024-12-27 07:30:00,2024-12-27 09:19:00,109.0,Crew,Delayed,357,1827,220,148,559.0,82732,67.27272727272727,Winter
FL04085,2023-10-31,AL002,AC012,AP013,AP017,2023-10-31 21:00:00,2023-10-31 21:59:00,59.0,Air Traffic,Delayed,690,1011,189,123,354.0,43542,65.07936507936508,Autumn
FL04086,2023-08-29,AL004,AC010,AP024,AP026,2023-08-29 10:00:00,2023-08-29 10:04:00,4.0,Crew,Delayed,362,5023,396,313,103.0,32239,79.04040404040404,Summer
FL04087,2024-09-24,AL007,AC019,AP006,AP020,2024-09-24 16:45:00,2024-09-24 16:55:00,10.0,Security,Delayed,358,2801,296,160,451.0,72160,54.054054054054056,Autumn
FL04088,2023-07-26,AL007,AC007,AP007,AP029,2023-07-26 14:15:00,2023-07-26 14:18:00,3.0,Late Aircraft,Delayed,417,8006,300,204,94.0,19176,68.0,Summer
FL04089,2023-10-23,AL007,AC005,AP011,AP016,2023-10-23 18:00:00,2023-10-23 18:05:00,5.0,Security,Delayed,382,6681,325,237,132.0,31284,72.92307692307692,Autumn
FL04090,2024-01-15,AL005,AC020,AP008,AP005,2024-01-15 09:30:00,2024-01-15 09:39:00,9.0,Late Aircraft,Delayed,504,1238,396,336,408.0,137088,84.84848484848484,Winter
FL04091,2024-02-15,AL003,AC028,AP006,AP030,2024-02-15 11:30:00,2024-02-15 12:06:00,36.0,Weather,Delayed,600,614,296,253,583.0,147499,85.47297297297297,Winter
FL04092,2025-05-25,AL006,AC007,AP016,AP022,2025-05-25 16:30:00,2025-05-25 16:45:00,15.0,Air Traffic,Delayed,668,2476,300,245,259.0,63455,81.66666666666667,Spring
FL04093,2023-08-13,AL001,AC007,AP007,AP016,2023-08-13 14:15:00,2023-08-13 14:26:00,11.0,Crew,Delayed,319,2699,300,246,301.0,74046,82.0,Summer
FL04094,2023-10-28,AL006,AC026,AP006,AP010,2023-10-28 07:45:00,2023-10-28 09:56:00,131.0,Late Aircraft,Severely Delayed,219,6347,189,187,612.0,114444,98.94179894179894,Autumn
FL04095,2024-03-08,AL003,AC004,AP017,AP023,2024-03-08 19:15:00,2024-03-08 20:40:00,85.0,Late Aircraft,Delayed,682,1067,180,127,497.0,63119,70.55555555555556,Spring
FL04096,2023-03-09,AL003,AC021,AP018,AP020,2023-03-09 10:30:00,2023-03-09 10:37:00,7.0,Late Aircraft,Delayed,176,670,325,263,413.0,108619,80.92307692307692,Spring
FL04097,2023-06-20,AL001,AC035,AP026,AP024,2023-06-20 05:45:00,2023-06-20 05:54:00,9.0,Security,Delayed,482,5765,189,171,452.0,77292,90.47619047619048,Summer
FL04098,2024-06-11,AL003,AC035,AP030,AP014,2024-06-11 09:15:00,2024-06-11 09:28:00,13.0,Security,Delayed,93,2714,189,165,405.0,66825,87.3015873015873,Summer
FL04099,2024-08-09,AL005,AC015,AP030,AP006,2024-08-09 14:45:00,2024-08-09 14:53:00,8.0,Technical,Delayed,371,5083,396,196,153.0,29988,49.494949494949495,Summer
FL04100,2024-08-17,AL001,AC026,AP023,AP021,2024-08-17 17:15:00,2024-08-17 17:30:00,15.0,Security,Delayed,510,4266,189,145,490.0,71050,76.71957671957672,Summer
FL04101,2024-10-12,AL004,AC016,AP030,AP005,2024-10-12 12:30:00,2024-10-12 13:17:00,47.0,Technical,Delayed,328,5260,189,129,369.0,47601,68.25396825396825,Autumn
FL04102,2023-03-24,AL005,AC030,AP022,AP005,2023-03-24 16:15:00,2023-03-24 16:26:00,11.0,Air Traffic,Delayed,367,7976,325,273,221.0,60333,84.0,Spring
FL04103,2024-11-20,AL006,AC013,AP025,AP028,2024-11-20 09:15:00,2024-11-20 09:29:00,14.0,Weather,Delayed,152,3571,325,180,287.0,51660,55.38461538461539,Autumn
FL04104,2025-03-20,AL007,AC018,AP021,AP005,2025-03-20 07:00:00,2025-03-20 07:01:00,1.0,Late Aircraft,Delayed,200,7051,189,133,160.0,21280,70.37037037037037,Spring
FL04105,2023-05-25,AL001,AC009,AP003,AP016,2023-05-25 13:30:00,2023-05-25 13:44:00,14.0,Crew,Delayed,181,7955,296,249,597.0,148653,84.12162162162163,Spring
FL04106,2024-10-23,AL003,AC032,AP013,AP006,2024-10-23 11:45:00,2024-10-23 11:55:00,10.0,Crew,Delayed,123,8037,396,345,547.0,188715,87.12121212121212,Autumn
FL04107,2024-05-08,AL005,AC026,AP013,AP020,2024-05-08 22:15:00,2024-05-08 22:24:00,9.0,Security,Delayed,459,3567,189,125,395.0,49375,66.13756613756614,Spring
FL04108,2023-10-31,AL005,AC006,AP027,AP009,2023-10-31 05:15:00,2023-10-31 05:17:00,2.0,Security,Delayed,703,4486,300,287,293.0,84091,95.66666666666669,Autumn
FL04109,2023-09-18,AL003,AC002,AP028,AP022,2023-09-18 16:15:00,2023-09-18 16:25:00,10.0,Late Aircraft,Delayed,221,2698,300,238,536.0,127568,79.33333333333333,Autumn
FL04110,2023-12-01,AL008,AC012,AP028,AP013,2023-12-01 15:45:00,2023-12-01 15:47:00,2.0,Security,Cancelled,548,7576,189,0,379.0,0,0.0,Winter
FL04111,2023-06-25,AL008,AC004,AP003,AP008,2023-06-25 16:00:00,2023-06-25 16:06:00,6.0,Late Aircraft,Delayed,476,7808,180,147,295.0,43365,81.66666666666667,Summer
FL04112,2025-12-31,AL001,AC024,AP006,AP003,2025-12-31 10:45:00,2025-12-31 10:47:00,2.0,Technical,Cancelled,628,1211,296,0,116.0,0,0.0,Winter
FL04113,2025-06-13,AL006,AC038,AP015,AP010,2025-06-13 08:15:00,2025-06-13 08:17:00,2.0,Crew,Delayed,652,4598,189,120,350.0,42000,63.49206349206349,Summer
FL04114,2025-08-12,AL003,AC028,AP012,AP028,2025-08-12 08:30:00,2025-08-12 08:30:00,0.0,No Delay,On Time,101,5677,296,221,546.0,120666,74.66216216216216,Summer
FL04115,2024-06-12,AL009,AC038,AP024,AP026,2024-06-12 14:30:00,2024-06-12 14:35:00,5.0,Crew,Delayed,430,5087,189,139,512.0,71168,73.54497354497354,Summer
FL04116,2024-05-27,AL006,AC006,AP010,AP029,2024-05-27 08:30:00,2024-05-27 08:37:00,7.0,Crew,Delayed,554,3827,300,225,446.0,100350,75.0,Spring
FL04117,2025-07-06,AL007,AC021,AP021,AP026,2025-07-06 22:00:00,2025-07-06 22:56:00,56.0,Late Aircraft,Delayed,612,2793,325,270,360.0,97200,83.07692307692308,Summer
FL04118,2023-03-23,AL008,AC011,AP001,AP011,2023-03-23 06:15:00,2023-03-23 06:26:00,11.0,Weather,Delayed,96,6433,300,235,547.0,128545,78.33333333333333,Spring
FL04119,2024-09-07,AL002,AC025,AP014,AP017,2024-09-07 19:30:00,2024-09-07 19:34:00,4.0,Air Traffic,Delayed,245,4085,296,244,225.0,54900,82.43243243243244,Autumn
FL04120,2025-08-02,AL007,AC021,AP001,AP002,2025-08-02 14:30:00,2025-08-02 14:31:00,1.0,Technical,Delayed,135,3789,325,259,585.0,151515,79.6923076923077,Summer
FL04121,2024-12-28,AL007,AC001,AP013,AP028,2024-12-28 12:00:00,2024-12-28 14:17:00,137.0,Crew,Severely Delayed,232,6573,325,169,214.0,36166,52.0,Winter
FL04122,2024-08-05,AL009,AC013,AP028,AP029,2024-08-05 13:45:00,2024-08-05 13:49:00,4.0,Weather,Delayed,593,1288,325,271,109.0,29539,83.38461538461537,Summer
FL04123,2025-06-14,AL008,AC016,AP003,AP025,2025-06-14 05:30:00,2025-06-14 05:36:00,6.0,Technical,Delayed,358,7966,189,151,423.0,63873,79.8941798941799,Summer
FL04124,2023-02-16,AL005,AC010,AP029,AP019,2023-02-16 20:15:00,2023-02-16 20:24:00,9.0,Weather,Delayed,346,3640,396,269,290.0,78010,67.92929292929293,Winter
FL04125,2023-01-31,AL002,AC018,AP030,AP005,2023-01-31 20:00:00,2023-01-31 20:14:00,14.0,Air Traffic,Cancelled,94,3504,189,0,535.0,0,0.0,Winter
FL04126,2025-08-08,AL009,AC004,AP024,AP019,2025-08-08 19:45:00,2025-08-08 19:45:00,0.0,No Delay,On Time,396,3121,180,143,295.0,42185,79.44444444444444,Summer
FL04127,2024-05-13,AL001,AC035,AP021,AP027,2024-05-13 15:15:00,2024-05-13 15:25:00,10.0,Air Traffic,Delayed,597,1969,189,72,114.0,8208,38.095238095238095,Spring
FL04128,2024-02-07,AL009,AC022,AP013,AP016,2024-02-07 06:30:00,2024-02-07 06:45:00,15.0,Technical,Delayed,544,7674,300,177,492.0,87084,59.0,Winter
FL04129,2023-07-10,AL005,AC029,AP025,AP019,2023-07-10 09:00:00,2023-07-10 09:05:00,5.0,Air Traffic,Delayed,293,631,220,185,220.0,40700,84.0909090909091,Summer
FL04130,2024-10-27,AL008,AC033,AP014,AP027,2024-10-27 15:30:00,2024-10-27 15:40:00,10.0,Air Traffic,Delayed,340,7895,220,147,638.0,93786,66.81818181818183,Autumn
FL04131,2023-09-28,AL002,AC037,AP019,AP018,2023-09-28 20:00:00,2023-09-28 20:01:00,1.0,Air Traffic,Delayed,102,4490,220,194,73.0,14162,88.18181818181819,Autumn
FL04132,2024-06-06,AL005,AC013,AP026,AP018,2024-06-06 10:15:00,2024-06-06 10:17:00,2.0,Late Aircraft,Delayed,311,7060,325,321,554.0,177834,98.76923076923076,Summer
FL04133,2025-02-26,AL006,AC022,AP017,AP012,2025-02-26 09:00:00,2025-02-26 09:17:00,17.0,Late Aircraft,Delayed,463,2102,300,234,278.0,65052,78.0,Winter
FL04134,2023-07-11,AL006,AC011,AP017,AP030,2023-07-11 22:15:00,2023-07-11 22:25:00,10.0,Security,Delayed,61,1911,300,246,357.0,87822,82.0,Summer
FL04135,2024-09-11,AL003,AC020,AP002,AP020,2024-09-11 07:45:00,2024-09-11 07:50:00,5.0,Technical,Delayed,245,3008,396,312,430.0,134160,78.78787878787878,Autumn
FL04136,2023-05-26,AL008,AC028,AP016,AP006,2023-05-26 12:15:00,2023-05-26 12:29:00,14.0,Technical,Delayed,477,5548,296,222,294.0,65268,75.0,Spring
FL04137,2024-08-20,AL007,AC012,AP026,AP004,2024-08-20 13:15:00,2024-08-20 13:28:00,13.0,Security,Delayed,101,5893,189,159,240.0,38160,84.12698412698413,Summer
FL04138,2024-07-28,AL008,AC023,AP019,AP009,2024-07-28 16:45:00,2024-07-28 16:52:00,7.0,Security,Delayed,291,2815,180,155,366.0,56730,86.11111111111111,Summer
FL04139,2025-04-27,AL003,AC028,AP025,AP020,2025-04-27 21:45:00,2025-04-27 21:59:00,14.0,Air Traffic,Delayed,263,6372,296,259,524.0,135716,87.5,Spring
FL04140,2023-04-07,AL009,AC040,AP003,AP022,2023-04-07 11:30:00,2023-04-07 11:45:00,15.0,Air Traffic,Delayed,506,1921,220,154,331.0,50974,70.0,Spring
FL04141,2025-01-26,AL008,AC035,AP009,AP007,2025-01-26 05:45:00,2025-01-26 05:59:00,14.0,Air Traffic,Delayed,392,4418,189,136,225.0,30600,71.95767195767195,Winter
FL04142,2023-07-31,AL001,AC009,AP016,AP026,2023-07-31 16:45:00,2023-07-31 16:46:00,1.0,Late Aircraft,Delayed,69,7114,296,219,492.0,107748,73.98648648648648,Summer
FL04143,2023-03-15,AL006,AC038,AP009,AP013,2023-03-15 22:30:00,2023-03-15 22:30:00,0.0,No Delay,On Time,470,6019,189,105,80.0,8400,55.55555555555556,Spring
FL04144,2023-03-20,AL006,AC006,AP010,AP004,2023-03-20 12:00:00,2023-03-20 13:23:00,83.0,Air Traffic,Cancelled,503,3342,300,0,397.0,0,0.0,Spring
FL04145,2023-09-10,AL006,AC014,AP009,AP010,2023-09-10 10:15:00,2023-09-10 10:15:00,0.0,No Delay,On Time,436,2096,325,239,481.0,114959,73.53846153846155,Autumn
FL04146,2023-06-03,AL003,AC001,AP003,AP011,2023-06-03 10:15:00,2023-06-03 10:30:00,15.0,Weather,Delayed,393,1931,325,205,80.0,16400,63.07692307692307,Summer
FL04147,2023-06-29,AL008,AC038,AP003,AP024,2023-06-29 16:15:00,2023-06-29 16:28:00,13.0,Air Traffic,Delayed,360,5221,189,117,173.0,20241,61.90476190476191,Summer
FL04148,2025-03-29,AL007,AC025,AP006,AP009,2025-03-29 05:30:00,2025-03-29 05:37:00,7.0,Crew,Delayed,467,6965,296,185,517.0,95645,62.5,Spring
FL04149,2024-04-29,AL001,AC038,AP005,AP023,2024-04-29 07:30:00,2024-04-29 07:33:00,3.0,Weather,Delayed,717,2466,189,132,377.0,49764,69.84126984126983,Spring
FL04150,2023-05-29,AL004,AC017,AP024,AP010,2023-05-29 08:00:00,2023-05-29 08:58:00,58.0,Security,Delayed,166,5311,296,193,319.0,61567,65.2027027027027,Spring
FL04151,2024-03-14,AL008,AC031,AP020,AP001,2024-03-14 19:30:00,2024-03-14 19:31:00,1.0,Security,Delayed,676,5642,300,213,163.0,34719,71.0,Spring
FL04152,2024-04-20,AL009,AC020,AP010,AP026,2024-04-20 09:00:00,2024-04-20 09:01:00,1.0,Technical,Delayed,316,695,396,315,565.0,177975,79.54545454545455,Spring
FL04153,2025-01-15,AL002,AC024,AP016,AP005,2025-01-15 10:15:00,2025-01-15 10:15:00,0.0,No Delay,On Time,452,1118,296,210,504.0,105840,70.94594594594594,Winter
FL04154,2025-03-15,AL007,AC032,AP005,AP014,2025-03-15 19:15:00,2025-03-15 19:23:00,8.0,Crew,Delayed,339,7706,396,293,145.0,42485,73.98989898989899,Spring
FL04155,2023-05-01,AL002,AC011,AP009,AP016,2023-05-01 09:30:00,2023-05-01 10:37:00,67.0,Technical,Delayed,636,3395,300,219,492.0,107748,73.0,Spring
FL04156,2024-05-08,AL004,AC017,AP025,AP015,2024-05-08 12:45:00,2024-05-08 12:54:00,9.0,Air Traffic,Delayed,97,379,296,185,194.0,35890,62.5,Spring
FL04157,2025-12-30,AL005,AC035,AP023,AP011,2025-12-30 22:15:00,2025-12-30 22:23:00,8.0,Air Traffic,Delayed,467,1886,189,142,380.0,53960,75.13227513227513,Winter
FL04158,2025-04-14,AL004,AC023,AP010,AP027,2025-04-14 14:45:00,2025-04-14 14:51:00,6.0,Air Traffic,Delayed,326,5372,180,126,385.0,48510,70.0,Spring
FL04159,2023-11-01,AL002,AC008,AP026,AP016,2023-11-01 17:45:00,2023-11-01 17:52:00,7.0,Technical,Delayed,546,3387,300,269,614.0,165166,89.66666666666666,Autumn
FL04160,2023-04-29,AL007,AC002,AP002,AP026,2023-04-29 11:00:00,2023-04-29 11:12:00,12.0,Weather,Delayed,138,5365,300,293,153.0,44829,97.66666666666669,Spring
FL04161,2024-12-21,AL004,AC038,AP002,AP026,2024-12-21 08:45:00,2024-12-21 08:55:00,10.0,Technical,Delayed,509,1047,189,142,231.0,32802,75.13227513227513,Winter
FL04162,2025-10-24,AL010,AC004,AP017,AP008,2025-10-24 07:30:00,2025-10-24 07:34:00,4.0,Weather,Delayed,275,6817,180,121,531.0,64251,67.22222222222223,Autumn
FL04163,2025-09-05,AL010,AC004,AP011,AP008,2025-09-05 12:00:00,2025-09-05 14:17:00,137.0,Weather,Severely Delayed,69,7679,180,148,609.0,90132,82.22222222222221,Autumn
FL04164,2025-02-25,AL001,AC035,AP021,AP006,2025-02-25 06:45:00,2025-02-25 06:55:00,10.0,Technical,Delayed,408,8430,189,138,470.0,64860,73.01587301587301,Winter
FL04165,2025-01-04,AL010,AC036,AP012,AP026,2025-01-04 08:15:00,2025-01-04 08:17:00,2.0,Late Aircraft,Delayed,389,2176,180,124,155.0,19220,68.88888888888889,Winter
FL04166,2023-08-19,AL010,AC011,AP022,AP026,2023-08-19 13:30:00,2023-08-19 13:41:00,11.0,Weather,Delayed,388,1112,300,171,400.0,68400,56.99999999999999,Summer
FL04167,2025-02-01,AL005,AC036,AP016,AP012,2025-02-01 15:15:00,2025-02-01 15:28:00,13.0,Technical,Delayed,441,5929,180,107,582.0,62274,59.44444444444444,Winter
FL04168,2024-04-07,AL001,AC038,AP002,AP021,2024-04-07 09:00:00,2024-04-07 09:07:00,7.0,Late Aircraft,Delayed,336,4611,189,149,197.0,29353,78.83597883597884,Spring
FL04169,2023-03-22,AL007,AC021,AP010,AP019,2023-03-22 09:15:00,2023-03-22 09:20:00,5.0,Crew,Delayed,514,5985,325,248,256.0,63488,76.3076923076923,Spring
FL04170,2024-02-04,AL009,AC028,AP024,AP022,2024-02-04 21:30:00,2024-02-05 00:24:00,174.0,Security,Severely Delayed,187,7160,296,227,189.0,42903,76.6891891891892,Winter
FL04171,2024-09-13,AL006,AC031,AP008,AP010,2024-09-13 06:15:00,2024-09-13 06:25:00,10.0,Late Aircraft,Delayed,468,7401,300,297,390.0,115830,99.0,Autumn
FL04172,2024-09-04,AL007,AC007,AP018,AP020,2024-09-04 08:30:00,2024-09-04 08:40:00,10.0,Air Traffic,Delayed,333,812,300,292,533.0,155636,97.33333333333334,Autumn
FL04173,2024-04-06,AL001,AC013,AP018,AP029,2024-04-06 07:30:00,2024-04-06 10:16:00,166.0,Air Traffic,Severely Delayed,124,2840,325,296,450.0,133200,91.07692307692308,Spring
FL04174,2025-06-18,AL010,AC027,AP028,AP008,2025-06-18 09:00:00,2025-06-18 09:12:00,12.0,Late Aircraft,Delayed,349,7870,325,257,492.0,126444,79.07692307692308,Summer
FL04175,2023-09-30,AL003,AC021,AP007,AP026,2023-09-30 15:15:00,2023-09-30 15:18:00,3.0,Air Traffic,Delayed,106,4268,325,220,77.0,16940,67.6923076923077,Autumn
FL04176,2025-11-21,AL003,AC003,AP007,AP010,2025-11-21 07:45:00,2025-11-21 07:51:00,6.0,Weather,Delayed,680,8434,396,342,392.0,134064,86.36363636363636,Autumn
FL04177,2023-07-17,AL002,AC034,AP011,AP025,2023-07-17 15:45:00,2023-07-17 15:55:00,10.0,Security,Delayed,207,4846,300,258,534.0,137772,86.0,Summer
FL04178,2025-08-22,AL006,AC026,AP006,AP007,2025-08-22 08:15:00,2025-08-22 08:24:00,9.0,Late Aircraft,Delayed,313,6030,189,151,384.0,57984,79.8941798941799,Summer
FL04179,2024-12-25,AL002,AC016,AP022,AP025,2024-12-25 20:00:00,2024-12-25 20:02:00,2.0,Air Traffic,Delayed,695,6045,189,110,388.0,42680,58.2010582010582,Winter
FL04180,2025-04-23,AL007,AC034,AP005,AP029,2025-04-23 07:15:00,2025-04-23 07:17:00,2.0,Air Traffic,Delayed,663,1799,300,250,106.0,26500,83.33333333333334,Spring
FL04181,2023-08-07,AL007,AC025,AP014,AP022,2023-08-07 08:30:00,2023-08-07 09:00:00,30.0,Technical,Delayed,583,3072,296,268,588.0,157584,90.54054054054052,Summer
FL04182,2025-08-27,AL007,AC032,AP018,AP015,2025-08-27 10:15:00,2025-08-27 10:15:00,0.0,No Delay,On Time,116,3881,396,323,615.0,198645,81.56565656565657,Summer
FL04183,2023-11-08,AL001,AC030,AP016,AP025,2023-11-08 06:45:00,2023-11-08 07:45:00,60.0,Late Aircraft,Delayed,285,4029,325,225,395.0,88875,69.23076923076923,Autumn
FL04184,2024-10-16,AL008,AC008,AP008,AP027,2024-10-16 15:15:00,2024-10-16 15:25:00,10.0,Late Aircraft,Delayed,165,2178,300,212,470.0,99640,70.66666666666667,Autumn
FL04185,2023-01-08,AL004,AC015,AP018,AP002,2023-01-08 06:00:00,2023-01-08 06:10:00,10.0,Security,Delayed,368,1894,396,283,101.0,28583,71.46464646464646,Winter
FL04186,2023-05-15,AL004,AC036,AP011,AP012,2023-05-15 13:30:00,2023-05-15 13:35:00,5.0,Air Traffic,Delayed,562,4471,180,95,87.0,8265,52.77777777777778,Spring
FL04187,2025-11-16,AL004,AC022,AP024,AP025,2025-11-16 09:30:00,2025-11-16 11:23:00,113.0,Weather,Delayed,708,6561,300,186,89.0,16554,62.0,Autumn
FL04188,2025-09-09,AL009,AC033,AP019,AP002,2025-09-09 06:00:00,2025-09-09 06:07:00,7.0,Late Aircraft,Delayed,117,2932,220,161,338.0,54418,73.18181818181819,Autumn
FL04189,2025-02-27,AL010,AC025,AP026,AP021,2025-02-27 11:30:00,2025-02-27 11:37:00,7.0,Weather,Delayed,476,7440,296,226,628.0,141928,76.35135135135135,Winter
FL04190,2025-04-29,AL004,AC038,AP019,AP015,2025-04-29 07:45:00,2025-04-29 07:46:00,1.0,Weather,Delayed,417,4850,189,165,425.0,70125,87.3015873015873,Spring
FL04191,2024-04-10,AL005,AC003,AP005,AP018,2024-04-10 10:15:00,2024-04-10 10:30:00,15.0,Weather,Delayed,608,5294,396,281,555.0,155955,70.95959595959596,Spring
FL04192,2025-04-17,AL008,AC010,AP024,AP016,2025-04-17 09:45:00,2025-04-17 09:53:00,8.0,Air Traffic,Delayed,704,7226,396,308,327.0,100716,77.77777777777779,Spring
FL04193,2023-12-25,AL001,AC030,AP025,AP001,2023-12-25 22:30:00,2023-12-26 00:55:00,145.0,Air Traffic,Severely Delayed,578,2911,325,318,239.0,76002,97.84615384615384,Winter
FL04194,2023-01-08,AL010,AC022,AP024,AP005,2023-01-08 11:30:00,2023-01-08 11:39:00,9.0,Late Aircraft,Delayed,211,6654,300,243,170.0,41310,81.0,Winter
FL04195,2025-10-31,AL008,AC001,AP004,AP011,2025-10-31 22:45:00,2025-11-01 01:22:00,157.0,Weather,Severely Delayed,588,1242,325,233,433.0,100889,71.6923076923077,Autumn
FL04196,2023-09-02,AL007,AC002,AP022,AP005,2023-09-02 14:15:00,2023-09-02 14:30:00,15.0,Crew,Delayed,481,703,300,267,424.0,113208,89.0,Autumn
FL04197,2025-11-15,AL007,AC024,AP021,AP011,2025-11-15 10:00:00,2025-11-15 10:10:00,10.0,Air Traffic,Delayed,640,7876,296,223,75.0,16725,75.33783783783784,Autumn
FL04198,2025-09-06,AL009,AC003,AP016,AP015,2025-09-06 13:00:00,2025-09-06 13:28:00,28.0,Crew,Delayed,581,7388,396,265,257.0,68105,66.91919191919192,Autumn
FL04199,2025-11-13,AL008,AC008,AP009,AP017,2025-11-13 12:45:00,2025-11-13 12:45:00,0.0,No Delay,On Time,457,2636,300,249,269.0,66981,83.0,Autumn
FL04200,2023-07-19,AL009,AC024,AP029,AP011,2023-07-19 06:30:00,2023-07-19 06:40:00,10.0,Security,Delayed,461,2869,296,270,533.0,143910,91.2162162162162,Summer
FL04201,2024-11-02,AL004,AC036,AP002,AP012,2024-11-02 18:45:00,2024-11-02 18:48:00,3.0,Late Aircraft,Delayed,93,5691,180,145,306.0,44370,80.55555555555556,Autumn
FL04202,2024-12-03,AL005,AC011,AP011,AP006,2024-12-03 16:00:00,2024-12-03 16:02:00,2.0,Late Aircraft,Delayed,386,4085,300,237,532.0,126084,79.0,Winter
FL04203,2024-01-28,AL007,AC028,AP018,AP021,2024-01-28 22:15:00,2024-01-28 22:23:00,8.0,Weather,Delayed,166,5876,296,167,406.0,67802,56.41891891891891,Winter
FL04204,2025-08-13,AL008,AC028,AP028,AP004,2025-08-13 13:30:00,2025-08-13 13:34:00,4.0,Late Aircraft,Delayed,65,8146,296,236,118.0,27848,79.72972972972973,Summer
FL04205,2025-07-07,AL010,AC027,AP024,AP022,2025-07-07 10:30:00,2025-07-07 10:43:00,13.0,Crew,Delayed,339,2255,325,217,429.0,93093,66.76923076923077,Summer
FL04206,2024-05-15,AL001,AC017,AP017,AP010,2024-05-15 17:30:00,2024-05-15 17:36:00,6.0,Crew,Delayed,330,1721,296,253,296.0,74888,85.47297297297297,Spring
FL04207,2025-05-31,AL010,AC034,AP017,AP025,2025-05-31 16:15:00,2025-05-31 16:24:00,9.0,Air Traffic,Delayed,360,6978,300,221,444.0,98124,73.66666666666667,Spring
FL04208,2023-10-07,AL001,AC018,AP001,AP009,2023-10-07 06:15:00,2023-10-07 06:22:00,7.0,Security,Delayed,140,1717,189,131,210.0,27510,69.31216931216932,Autumn
FL04209,2024-12-06,AL001,AC002,AP002,AP014,2024-12-06 10:15:00,2024-12-06 10:22:00,7.0,Weather,Delayed,169,2352,300,193,113.0,21809,64.33333333333333,Winter
FL04210,2025-10-23,AL009,AC020,AP016,AP015,2025-10-23 20:00:00,2025-10-23 20:13:00,13.0,Weather,Delayed,462,7921,396,247,135.0,33345,62.37373737373737,Autumn
FL04211,2024-01-03,AL003,AC023,AP020,AP001,2024-01-03 05:00:00,2024-01-03 05:07:00,7.0,Weather,Delayed,258,4700,180,114,241.0,27474,63.33333333333333,Winter
FL04212,2023-12-28,AL007,AC033,AP008,AP003,2023-12-28 05:45:00,2023-12-28 06:27:00,42.0,Weather,Delayed,149,5918,220,146,373.0,54458,66.36363636363637,Winter
FL04213,2025-09-19,AL004,AC008,AP027,AP020,2025-09-19 22:45:00,2025-09-19 22:58:00,13.0,Crew,Delayed,676,8364,300,254,536.0,136144,84.66666666666667,Autumn
FL04214,2024-07-08,AL010,AC002,AP005,AP009,2024-07-08 18:15:00,2024-07-08 19:16:00,61.0,Crew,Delayed,59,4097,300,219,601.0,131619,73.0,Summer
FL04215,2024-08-29,AL006,AC020,AP001,AP011,2024-08-29 16:45:00,2024-08-29 17:04:00,19.0,Security,Delayed,500,4125,396,292,204.0,59568,73.73737373737373,Summer
FL04216,2023-01-11,AL006,AC014,AP010,AP022,2023-01-11 11:15:00,2023-01-11 11:22:00,7.0,Crew,Delayed,213,3672,325,273,121.0,33033,84.0,Winter
FL04217,2024-10-04,AL008,AC005,AP026,AP017,2024-10-04 21:30:00,2024-10-04 21:43:00,13.0,Late Aircraft,Delayed,206,5170,325,202,485.0,97970,62.15384615384615,Autumn
FL04218,2024-04-18,AL006,AC012,AP001,AP017,2024-04-18 13:00:00,2024-04-18 13:10:00,10.0,Late Aircraft,Delayed,451,7047,189,114,349.0,39786,60.31746031746032,Spring
FL04219,2024-06-25,AL009,AC009,AP018,AP007,2024-06-25 20:45:00,2024-06-25 20:51:00,6.0,Technical,Delayed,546,8157,296,261,575.0,150075,88.17567567567568,Summer
FL04220,2025-04-12,AL009,AC004,AP017,AP028,2025-04-12 16:45:00,2025-04-12 16:49:00,4.0,Air Traffic,Delayed,610,3752,180,144,430.0,61920,80.0,Spring
FL04221,2025-04-02,AL003,AC028,AP010,AP023,2025-04-02 17:30:00,2025-04-02 17:31:00,1.0,Security,Delayed,715,7771,296,228,437.0,99636,77.02702702702703,Spring
FL04222,2024-11-28,AL003,AC002,AP010,AP015,2024-11-28 15:30:00,2024-11-28 15:37:00,7.0,Crew,Delayed,394,3918,300,238,539.0,128282,79.33333333333333,Autumn
FL04223,2025-12-12,AL002,AC008,AP008,AP015,2025-12-12 07:00:00,2025-12-12 07:29:00,29.0,Security,Delayed,330,6058,300,227,350.0,79450,75.66666666666667,Winter
FL04224,2023-09-24,AL006,AC029,AP012,AP022,2023-09-24 09:45:00,2023-09-24 09:53:00,8.0,Crew,Delayed,373,3313,220,173,212.0,36676,78.63636363636364,Autumn
FL04225,2024-10-09,AL006,AC003,AP029,AP013,2024-10-09 09:45:00,2024-10-09 09:51:00,6.0,Crew,Delayed,196,3153,396,334,225.0,75150,84.34343434343434,Autumn
FL04226,2025-11-30,AL005,AC019,AP021,AP011,2025-11-30 08:45:00,2025-11-30 08:47:00,2.0,Air Traffic,Delayed,457,7122,296,234,144.0,33696,79.05405405405406,Autumn
FL04227,2023-05-17,AL007,AC025,AP020,AP026,2023-05-17 05:15:00,2023-05-17 05:26:00,11.0,Crew,Delayed,641,2530,296,175,111.0,19425,59.12162162162162,Spring
FL04228,2023-04-06,AL002,AC039,AP013,AP018,2023-04-06 19:45:00,2023-04-06 22:44:00,179.0,Late Aircraft,Severely Delayed,421,7764,300,208,99.0,20592,69.33333333333334,Spring
FL04229,2024-07-04,AL009,AC036,AP016,AP017,2024-07-04 22:30:00,2024-07-05 00:51:00,141.0,Weather,Severely Delayed,153,7442,180,137,104.0,14248,76.11111111111111,Summer
FL04230,2024-07-14,AL002,AC038,AP014,AP019,2024-07-14 10:30:00,2024-07-14 10:30:00,0.0,No Delay,On Time,486,7942,189,126,406.0,51156,66.66666666666666,Summer
FL04231,2024-11-23,AL010,AC016,AP029,AP024,2024-11-23 11:15:00,2024-11-23 11:18:00,3.0,Security,Delayed,228,650,189,186,96.0,17856,98.4126984126984,Autumn
FL04232,2025-02-09,AL009,AC016,AP013,AP028,2025-02-09 17:00:00,2025-02-09 17:02:00,2.0,Late Aircraft,Delayed,373,6859,189,148,517.0,76516,78.3068783068783,Winter
FL04233,2025-10-24,AL002,AC023,AP013,AP018,2025-10-24 14:15:00,2025-10-24 17:03:00,168.0,Air Traffic,Severely Delayed,494,4514,180,122,83.0,10126,67.77777777777779,Autumn
FL04234,2023-06-08,AL009,AC039,AP020,AP019,2023-06-08 16:45:00,2023-06-08 16:55:00,10.0,Crew,Delayed,82,4031,300,258,70.0,18060,86.0,Summer
FL04235,2025-05-18,AL003,AC032,AP023,AP010,2025-05-18 16:00:00,2025-05-18 16:04:00,4.0,Technical,Delayed,196,6942,396,298,146.0,43508,75.25252525252525,Spring
FL04236,2025-06-09,AL007,AC026,AP028,AP023,2025-06-09 10:30:00,2025-06-09 10:38:00,8.0,Security,Delayed,531,2468,189,151,508.0,76708,79.8941798941799,Summer
FL04237,2024-11-12,AL001,AC040,AP011,AP013,2024-11-12 20:15:00,2024-11-12 20:24:00,9.0,Weather,Delayed,144,4369,220,139,364.0,50596,63.18181818181819,Autumn
FL04238,2024-12-23,AL006,AC003,AP012,AP020,2024-12-23 12:15:00,2024-12-23 12:23:00,8.0,Technical,Delayed,512,4250,396,283,239.0,67637,71.46464646464646,Winter
FL04239,2024-06-08,AL005,AC007,AP016,AP008,2024-06-08 10:15:00,2024-06-08 10:26:00,11.0,Crew,Delayed,140,5220,300,208,117.0,24336,69.33333333333334,Summer
FL04240,2024-05-13,AL009,AC006,AP003,AP002,2024-05-13 06:00:00,2024-05-13 06:33:00,33.0,Technical,Delayed,160,8394,300,216,331.0,71496,72.0,Spring
FL04241,2024-05-13,AL001,AC018,AP001,AP003,2024-05-13 19:30:00,2024-05-13 19:44:00,14.0,Late Aircraft,Delayed,624,373,189,164,622.0,102008,86.77248677248677,Spring
FL04242,2023-09-19,AL005,AC004,AP026,AP030,2023-09-19 07:15:00,2023-09-19 08:25:00,70.0,Air Traffic,Delayed,143,6262,180,167,305.0,50935,92.7777777777778,Autumn
FL04243,2025-08-13,AL008,AC021,AP028,AP030,2025-08-13 06:00:00,2025-08-13 06:13:00,13.0,Unknown,Delayed,110,3589,325,250,114.0,28500,76.92307692307693,Summer
FL04244,2023-04-06,AL003,AC036,AP004,AP001,2023-04-06 08:30:00,2023-04-06 08:45:00,15.0,Late Aircraft,Delayed,332,6515,180,143,494.0,70642,79.44444444444444,Spring
FL04245,2025-04-06,AL002,AC019,AP020,AP027,2025-04-06 20:00:00,2025-04-06 20:04:00,4.0,Technical,Delayed,408,7201,296,183,602.0,110166,61.82432432432432,Spring
FL04246,2025-03-12,AL010,AC027,AP027,AP011,2025-03-12 20:45:00,2025-03-12 20:46:00,1.0,Late Aircraft,Delayed,545,2079,325,242,391.0,94622,74.46153846153845,Spring
FL04247,2025-03-29,AL007,AC004,AP008,AP017,2025-03-29 19:15:00,2025-03-29 19:15:00,0.0,No Delay,On Time,485,7173,180,98,565.0,55370,54.44444444444444,Spring
FL04248,2024-05-20,AL006,AC014,AP027,AP025,2024-05-20 09:30:00,2024-05-20 11:35:00,125.0,Late Aircraft,Severely Delayed,328,1764,325,202,348.0,70296,62.15384615384615,Spring
FL04249,2023-06-13,AL001,AC019,AP010,AP001,2023-06-13 15:30:00,2023-06-13 15:38:00,8.0,Weather,Delayed,660,7809,296,273,399.0,108927,92.22972972972973,Summer
FL04250,2023-06-03,AL009,AC006,AP016,AP010,2023-06-03 22:45:00,2023-06-03 22:48:00,3.0,Air Traffic,Delayed,123,5033,300,244,504.0,122976,81.33333333333333,Summer
FL04251,2023-05-21,AL009,AC033,AP030,AP018,2023-05-21 06:00:00,2023-05-21 06:07:00,7.0,Technical,Delayed,679,3169,220,134,596.0,79864,60.909090909090914,Spring
FL04252,2025-01-03,AL002,AC014,AP011,AP003,2025-01-03 07:00:00,2025-01-03 07:03:00,3.0,Weather,Delayed,364,7886,325,158,141.0,22278,48.61538461538461,Winter
FL04253,2025-11-03,AL002,AC012,AP005,AP022,2025-11-03 17:15:00,2025-11-03 18:54:00,99.0,Late Aircraft,Delayed,449,7966,189,166,526.0,87316,87.83068783068782,Autumn
FL04254,2025-10-31,AL007,AC001,AP027,AP002,2025-10-31 22:30:00,2025-10-31 22:34:00,4.0,Crew,Delayed,111,3514,325,184,417.0,76728,56.61538461538461,Autumn
FL04255,2025-08-14,AL007,AC029,AP019,AP026,2025-08-14 15:30:00,2025-08-14 15:40:00,10.0,Security,Delayed,122,899,220,184,482.0,88688,83.63636363636363,Summer
FL04256,2023-10-01,AL006,AC004,AP020,AP024,2023-10-01 17:30:00,2023-10-01 19:51:00,141.0,Air Traffic,Severely Delayed,629,987,180,154,624.0,96096,85.55555555555556,Autumn
FL04257,2025-07-07,AL003,AC023,AP008,AP005,2025-07-07 22:45:00,2025-07-07 23:04:00,19.0,Security,Delayed,549,1784,180,118,578.0,68204,65.55555555555556,Summer
FL04258,2024-04-29,AL006,AC003,AP014,AP010,2024-04-29 06:45:00,2024-04-29 06:45:00,0.0,No Delay,On Time,481,567,396,234,297.0,69498,59.09090909090909,Spring
FL04259,2025-10-11,AL008,AC005,AP018,AP002,2025-10-11 07:45:00,2025-10-11 07:55:00,10.0,Late Aircraft,Delayed,472,662,325,216,570.0,123120,66.46153846153847,Autumn
FL04260,2025-10-27,AL001,AC014,AP004,AP005,2025-10-27 17:00:00,2025-10-27 17:39:00,39.0,Late Aircraft,Delayed,354,3668,325,207,490.0,101430,63.69230769230769,Autumn
FL04261,2023-03-07,AL005,AC027,AP014,AP009,2023-03-07 15:15:00,2023-03-07 15:18:00,3.0,Late Aircraft,Delayed,574,5433,325,237,547.0,129639,72.92307692307692,Spring
FL04262,2025-08-04,AL004,AC026,AP029,AP010,2025-08-04 19:30:00,2025-08-04 20:52:00,82.0,Security,Delayed,52,3865,189,129,540.0,69660,68.25396825396825,Summer
FL04263,2025-03-29,AL005,AC011,AP006,AP024,2025-03-29 07:00:00,2025-03-29 07:00:00,0.0,No Delay,On Time,412,6423,300,297,197.0,58509,99.0,Spring
FL04264,2025-07-07,AL006,AC019,AP019,AP024,2025-07-07 12:30:00,2025-07-07 12:33:00,3.0,Late Aircraft,Delayed,472,3943,296,208,362.0,122096,70.27027027027027,Summer
FL04265,2023-04-09,AL009,AC006,AP013,AP020,2023-04-09 21:15:00,2023-04-09 22:36:00,81.0,Late Aircraft,Delayed,498,1371,300,224,157.0,35168,74.66666666666667,Spring
FL04266,2023-07-20,AL003,AC040,AP001,AP006,2023-07-20 11:00:00,2023-07-20 13:15:00,135.0,Air Traffic,Severely Delayed,286,2106,220,149,383.0,57067,67.72727272727272,Summer
FL04267,2024-12-19,AL004,AC029,AP029,AP021,2024-12-19 05:30:00,2024-12-19 05:43:00,13.0,Late Aircraft,Delayed,93,631,220,190,85.0,16150,86.36363636363636,Winter
FL04268,2025-11-11,AL001,AC024,AP014,AP025,2025-11-11 16:45:00,2025-11-11 16:55:00,10.0,Security,Delayed,204,5627,296,152,191.0,29032,51.35135135135135,Autumn
FL04269,2024-09-10,AL005,AC038,AP026,AP007,2024-09-10 22:15:00,2024-09-10 22:18:00,3.0,Weather,Delayed,680,4464,189,140,549.0,76860,74.07407407407408,Autumn
FL04270,2023-04-24,AL006,AC008,AP029,AP001,2023-04-24 22:15:00,2023-04-24 22:21:00,6.0,Technical,Delayed,429,2237,300,118,529.0,62422,39.33333333333333,Spring
FL04271,2024-08-03,AL008,AC023,AP020,AP022,2024-08-03 07:15:00,2024-08-03 07:27:00,12.0,Technical,Delayed,168,564,180,177,104.0,18408,98.33333333333331,Summer
FL04272,2025-07-19,AL002,AC003,AP020,AP012,2025-07-19 11:00:00,2025-07-19 11:06:00,6.0,Late Aircraft,Delayed,421,1175,396,205,281.0,57605,51.76767676767676,Summer
FL04273,2024-06-16,AL010,AC014,AP028,AP005,2024-06-16 16:30:00,2024-06-16 16:31:00,1.0,Late Aircraft,Delayed,455,4696,325,268,284.0,76112,82.46153846153847,Summer
FL04274,2025-02-17,AL005,AC009,AP015,AP002,2025-02-17 07:30:00,2025-02-17 07:34:00,4.0,Security,Delayed,238,2079,296,246,241.0,59286,83.1081081081081,Winter
FL04275,2025-09-26,AL003,AC005,AP010,AP029,2025-09-26 08:30:00,2025-09-26 08:44:00,14.0,Crew,Delayed,718,8257,325,224,591.0,132384,68.92307692307692,Autumn
FL04276,2023-09-16,AL005,AC012,AP015,AP010,2023-09-16 05:45:00,2023-09-16 06:00:00,15.0,Crew,Delayed,544,3974,189,110,248.0,27280,58.2010582010582,Autumn
FL04277,2024-12-27,AL002,AC003,AP026,AP025,2024-12-27 12:15:00,2024-12-27 12:16:00,1.0,Air Traffic,Delayed,233,3344,396,327,311.0,101697,82.57575757575758,Winter
FL04278,2025-12-09,AL001,AC017,AP002,AP011,2025-12-09 16:00:00,2025-12-09 16:04:00,4.0,Crew,Delayed,677,5835,296,266,225.0,59850,89.86486486486487,Winter
FL04279,2023-04-13,AL008,AC014,AP006,AP010,2023-04-13 12:45:00,2023-04-13 12:51:00,6.0,Technical,Delayed,98,4209,325,233,634.0,147722,71.6923076923077,Spring
FL04280,2023-12-09,AL003,AC001,AP005,AP018,2023-12-09 07:30:00,2023-12-09 07:36:00,6.0,Crew,Delayed,433,6058,325,186,165.0,30690,57.230769230769226,Winter
FL04281,2025-06-04,AL005,AC020,AP012,AP004,2025-06-04 11:45:00,2025-06-04 11:46:00,1.0,Technical,Delayed,100,3318,396,245,299.0,73255,61.86868686868687,Summer
FL04282,2024-11-20,AL010,AC021,AP003,AP007,2024-11-20 12:00:00,2024-11-20 12:21:00,21.0,Crew,Delayed,337,7441,325,230,355.0,81650,70.76923076923077,Autumn
FL04283,2023-01-09,AL010,AC027,AP027,AP029,2023-01-09 16:15:00,2023-01-09 16:20:00,5.0,Technical,Delayed,607,844,325,217,476.0,103292,66.76923076923077,Winter
FL04284,2023-05-12,AL003,AC039,AP009,AP017,2023-05-12 22:15:00,2023-05-12 22:19:00,4.0,Air Traffic,Delayed,231,1656,300,139,351.0,48789,46.33333333333333,Spring
FL04285,2025-02-15,AL008,AC020,AP027,AP014,2025-02-15 20:45:00,2025-02-15 20:55:00,10.0,Late Aircraft,Delayed,338,5527,396,286,464.0,132704,72.22222222222221,Winter
FL04286,2024-12-13,AL005,AC016,AP026,AP019,2024-12-13 11:15:00,2024-12-13 13:25:00,130.0,Weather,Severely Delayed,51,6752,189,81,624.0,50544,42.85714285714285,Winter
FL04287,2023-04-13,AL008,AC002,AP024,AP030,2023-04-13 15:15:00,2023-04-13 15:20:00,5.0,Technical,Delayed,378,5801,300,214,109.0,23326,71.33333333333334,Spring
FL04288,2024-02-15,AL010,AC025,AP014,AP003,2024-02-15 07:00:00,2024-02-15 08:50:00,110.0,Weather,Delayed,197,1201,296,223,479.0,106817,75.33783783783784,Winter
FL04289,2023-02-24,AL002,AC020,AP017,AP001,2023-02-24 13:00:00,2023-02-24 13:01:00,1.0,Technical,Delayed,331,7103,396,295,564.0,166380,74.4949494949495,Winter
FL04290,2024-12-23,AL001,AC035,AP017,AP008,2024-12-23 14:45:00,2024-12-23 14:59:00,14.0,Weather,Delayed,366,4804,189,164,601.0,98564,86.77248677248677,Winter
FL04291,2023-05-03,AL002,AC033,AP030,AP017,2023-05-03 18:30:00,2023-05-03 18:37:00,7.0,Security,Delayed,210,2026,220,200,596.0,119200,90.9090909090909,Spring
FL04292,2025-01-04,AL009,AC005,AP019,AP029,2025-01-04 14:15:00,2025-01-04 17:09:00,174.0,Late Aircraft,Severely Delayed,371,3064,325,230,253.0,58190,70.76923076923077,Winter
FL04293,2025-10-02,AL001,AC002,AP004,AP001,2025-10-02 21:00:00,2025-10-02 21:04:00,4.0,Air Traffic,Delayed,672,5279,300,265,649.0,171985,88.33333333333333,Autumn
FL04294,2024-10-09,AL010,AC011,AP027,AP017,2024-10-09 11:30:00,2024-10-09 11:37:00,7.0,Weather,Delayed,287,4360,300,223,519.0,115737,74.33333333333333,Autumn
FL04295,2025-08-23,AL009,AC018,AP009,AP012,2025-08-23 06:15:00,2025-08-23 07:21:00,66.0,Technical,Delayed,304,3117,189,148,228.0,33744,78.3068783068783,Summer
FL04296,2025-08-03,AL005,AC026,AP024,AP017,2025-08-03 14:45:00,2025-08-03 14:57:00,12.0,Air Traffic,Delayed,570,4665,189,146,271.0,39566,77.24867724867724,Summer
FL04297,2024-02-15,AL001,AC026,AP008,AP025,2024-02-15 10:30:00,2024-02-15 10:36:00,6.0,Technical,Delayed,248,5171,189,92,270.0,24840,48.67724867724868,Winter
FL04298,2024-11-14,AL007,AC010,AP023,AP006,2024-11-14 15:15:00,2024-11-14 15:23:00,8.0,Late Aircraft,Delayed,187,6842,396,281,220.0,61820,70.95959595959596,Autumn
FL04299,2023-12-05,AL009,AC016,AP016,AP001,2023-12-05 13:45:00,2023-12-05 13:56:00,11.0,Air Traffic,Delayed,151,941,189,142,614.0,87188,75.13227513227513,Winter
FL04300,2025-12-25,AL006,AC003,AP007,AP020,2025-12-25 05:15:00,2025-12-25 05:21:00,6.0,Crew,Delayed,556,4190,396,302,185.0,55870,76.26262626262627,Winter
FL04301,2024-02-11,AL006,AC020,AP011,AP013,2024-02-11 17:45:00,2024-02-11 17:49:00,4.0,Weather,Delayed,344,5184,396,347,603.0,209241,87.62626262626263,Winter
FL04302,2025-06-04,AL008,AC028,AP007,AP022,2025-06-04 07:30:00,2025-06-04 08:26:00,56.0,Air Traffic,Delayed,58,6871,296,244,406.0,99064,82.43243243243244,Summer
FL04303,2023-05-01,AL009,AC036,AP013,AP027,2023-05-01 21:30:00,2023-05-01 21:36:00,6.0,Weather,Delayed,407,995,180,174,600.0,104400,96.66666666666669,Spring
FL04304,2024-02-19,AL005,AC019,AP028,AP007,2024-02-19 14:45:00,2024-02-19 15:36:00,51.0,Crew,Delayed,181,3904,296,283,427.0,120841,95.6081081081081,Winter
FL04305,2024-01-05,AL007,AC008,AP013,AP005,2024-01-05 18:30:00,2024-01-05 18:35:00,5.0,Security,Delayed,556,2218,300,262,258.0,67596,87.33333333333333,Winter
FL04306,2024-02-08,AL003,AC029,AP004,AP027,2024-02-08 10:45:00,2024-02-08 10:45:00,0.0,No Delay,On Time,62,2337,220,168,638.0,107184,76.36363636363637,Winter
FL04307,2025-09-24,AL005,AC024,AP006,AP011,2025-09-24 16:45:00,2025-09-24 16:59:00,14.0,Late Aircraft,Delayed,285,1488,296,199,473.0,94127,67.22972972972973,Autumn
FL04308,2024-02-03,AL006,AC012,AP030,AP025,2024-02-03 22:00:00,2024-02-03 22:05:00,5.0,Air Traffic,Delayed,74,7756,189,111,83.0,9213,58.730158730158735,Winter
FL04309,2025-12-01,AL007,AC015,AP006,AP003,2025-12-01 16:15:00,2025-12-01 16:41:00,26.0,Late Aircraft,Delayed,312,4435,396,239,543.0,129777,60.35353535353535,Winter
FL04310,2025-07-08,AL003,AC007,AP030,AP008,2025-07-08 18:15:00,2025-07-08 18:24:00,9.0,Late Aircraft,Delayed,400,2392,300,231,194.0,44814,77.0,Summer
FL04311,2024-12-06,AL010,AC025,AP026,AP028,2024-12-06 08:30:00,2024-12-06 08:43:00,13.0,Crew,Delayed,475,5366,296,217,157.0,34069,73.3108108108108,Winter
FL04312,2023-07-27,AL005,AC025,AP018,AP010,2023-07-27 15:30:00,2023-07-27 15:41:00,11.0,Air Traffic,Delayed,538,7349,296,230,496.0,114080,77.7027027027027,Summer
FL04313,2024-09-11,AL003,AC036,AP004,AP014,2024-09-11 09:30:00,2024-09-11 09:35:00,5.0,Air Traffic,Delayed,266,8344,180,164,216.0,35424,91.11111111111111,Autumn
FL04314,2023-09-21,AL004,AC023,AP011,AP002,2023-09-21 18:00:00,2023-09-21 18:11:00,11.0,Air Traffic,Delayed,84,8055,180,135,107.0,14445,75.0,Autumn
FL04315,2023-01-01,AL004,AC033,AP028,AP002,2023-01-01 12:00:00,2023-01-01 12:08:00,8.0,Crew,Delayed,591,1281,220,208,157.0,32656,94.54545454545456,Winter
FL04316,2025-09-12,AL001,AC035,AP016,AP013,2025-09-12 16:15:00,2025-09-12 16:21:00,6.0,Security,Delayed,109,783,189,152,176.0,26752,80.42328042328042,Autumn
FL04317,2024-09-14,AL008,AC019,AP022,AP009,2024-09-14 10:30:00,2024-09-14 10:37:00,7.0,Security,Delayed,242,8054,296,232,108.0,25056,78.37837837837837,Autumn
FL04318,2024-07-12,AL005,AC029,AP027,AP021,2024-07-12 17:30:00,2024-07-12 17:32:00,2.0,Late Aircraft,Delayed,417,5471,220,198,546.0,108108,90.0,Summer
FL04319,2023-09-12,AL010,AC008,AP023,AP015,2023-09-12 09:00:00,2023-09-12 09:12:00,12.0,Technical,Delayed,347,7469,300,179,619.0,110801,59.66666666666667,Autumn
FL04320,2025-05-26,AL001,AC040,AP013,AP001,2025-05-26 15:00:00,2025-05-26 15:10:00,10.0,Late Aircraft,Delayed,114,3958,220,179,89.0,15931,81.36363636363636,Spring
FL04321,2023-07-13,AL004,AC016,AP001,AP010,2023-07-13 07:00:00,2023-07-13 07:14:00,14.0,Crew,Delayed,654,886,189,167,379.0,63293,88.35978835978835,Summer
FL04322,2023-04-05,AL006,AC023,AP030,AP010,2023-04-05 14:00:00,2023-04-05 14:08:00,8.0,Late Aircraft,Delayed,115,8341,180,125,215.0,26875,69.44444444444444,Spring
FL04323,2024-12-22,AL001,AC012,AP004,AP016,2024-12-22 08:45:00,2024-12-22 08:55:00,10.0,Air Traffic,Delayed,677,3686,189,166,408.0,67728,87.83068783068782,Winter
FL04324,2024-06-12,AL006,AC016,AP030,AP008,2024-06-12 13:00:00,2024-06-12 13:00:00,0.0,No Delay,On Time,435,2418,189,173,74.0,12802,91.53439153439152,Summer
FL04325,2025-03-05,AL007,AC018,AP028,AP016,2025-03-05 06:30:00,2025-03-05 06:40:00,10.0,Security,Delayed,296,7522,189,145,169.0,24505,76.71957671957672,Spring
FL04326,2024-06-25,AL008,AC030,AP012,AP003,2024-06-25 18:30:00,2024-06-25 18:37:00,7.0,Technical,Delayed,328,6446,325,289,571.0,165019,88.92307692307693,Summer
FL04327,2024-06-07,AL003,AC039,AP009,AP005,2024-06-07 11:45:00,2024-06-07 11:45:00,0.0,No Delay,On Time,83,7895,300,282,606.0,170892,94.0,Summer
FL04328,2025-08-11,AL007,AC039,AP020,AP013,2025-08-11 21:00:00,2025-08-11 21:11:00,11.0,Crew,Delayed,659,7902,300,218,644.0,140392,72.66666666666667,Summer
FL04329,2024-10-07,AL006,AC005,AP013,AP027,2024-10-07 19:00:00,2024-10-07 19:01:00,1.0,Air Traffic,Delayed,451,2418,325,321,433.0,138993,98.76923076923076,Autumn
FL04330,2024-12-26,AL002,AC040,AP025,AP005,2024-12-26 18:00:00,2024-12-26 18:12:00,12.0,Crew,Delayed,465,5223,220,143,339.0,48477,65.0,Winter
FL04331,2023-03-02,AL004,AC002,AP005,AP027,2023-03-02 12:15:00,2023-03-02 12:24:00,9.0,Late Aircraft,Delayed,692,7706,300,243,138.0,33534,81.0,Spring
FL04332,2025-11-11,AL006,AC030,AP014,AP011,2025-11-11 22:45:00,2025-11-11 22:57:00,12.0,Technical,Delayed,159,7383,325,213,325.0,69225,65.53846153846153,Autumn
FL04333,2024-09-16,AL004,AC017,AP007,AP014,2024-09-16 17:00:00,2024-09-16 17:08:00,8.0,Late Aircraft,Delayed,704,7288,296,261,638.0,166518,88.17567567567568,Autumn
FL04334,2024-03-19,AL001,AC018,AP011,AP029,2024-03-19 20:00:00,2024-03-19 21:10:00,70.0,Security,Delayed,70,8040,189,170,369.0,62730,89.94708994708994,Spring
FL04335,2025-10-09,AL006,AC013,AP018,AP016,2025-10-09 21:45:00,2025-10-09 21:47:00,2.0,Technical,Delayed,473,6370,325,244,133.0,32452,75.07692307692308,Autumn
FL04336,2025-08-18,AL006,AC013,AP023,AP001,2025-08-18 15:15:00,2025-08-18 15:23:00,8.0,Security,Cancelled,567,2085,325,0,408.0,0,0.0,Summer
FL04337,2023-07-31,AL003,AC025,AP018,AP006,2023-07-31 11:00:00,2023-07-31 11:44:00,44.0,Technical,Delayed,576,4366,296,200,136.0,27200,67.56756756756756,Summer
FL04338,2025-08-03,AL006,AC011,AP030,AP010,2025-08-03 08:45:00,2025-08-03 08:57:00,12.0,Crew,Delayed,642,2341,300,105,400.0,42000,35.0,Summer
FL04339,2023-04-23,AL003,AC013,AP012,AP010,2023-04-23 10:00:00,2023-04-23 10:11:00,11.0,Security,Delayed,549,6919,325,164,430.0,70520,50.46153846153846,Spring
FL04340,2024-10-09,AL009,AC039,AP024,AP013,2024-10-09 10:30:00,2024-10-09 10:42:00,12.0,Late Aircraft,Delayed,492,1693,300,277,368.0,101936,92.33333333333331,Autumn
FL04341,2025-10-06,AL005,AC010,AP007,AP003,2025-10-06 13:00:00,2025-10-06 13:14:00,14.0,Crew,Delayed,302,5491,396,321,98.0,31458,81.06060606060606,Autumn
FL04342,2025-11-30,AL005,AC024,AP025,AP024,2025-11-30 09:00:00,2025-11-30 09:05:00,5.0,Air Traffic,Delayed,143,2447,296,237,196.0,46452,80.06756756756756,Autumn
FL04343,2024-07-25,AL003,AC037,AP030,AP028,2024-07-25 11:15:00,2024-07-25 11:22:00,7.0,Air Traffic,Delayed,520,3656,220,172,294.0,50568,78.18181818181819,Summer
FL04344,2024-01-08,AL010,AC014,AP020,AP027,2024-01-08 20:30:00,2024-01-08 20:32:00,2.0,Late Aircraft,Delayed,333,3735,325,210,527.0,110670,64.61538461538461,Winter
FL04345,2024-11-03,AL005,AC004,AP028,AP014,2024-11-03 11:15:00,2024-11-03 11:29:00,14.0,Weather,Delayed,660,3869,180,114,606.0,69084,63.33333333333333,Autumn
FL04346,2024-09-06,AL004,AC019,AP029,AP010,2024-09-06 16:00:00,2024-09-06 16:08:00,8.0,Crew,Delayed,683,5583,296,185,160.0,29600,62.5,Autumn
FL04347,2024-04-16,AL010,AC036,AP009,AP013,2024-04-16 11:45:00,2024-04-16 11:49:00,4.0,Air Traffic,Delayed,194,6345,180,137,638.0,87406,76.11111111111111,Spring
FL04348,2025-01-13,AL003,AC012,AP001,AP009,2025-01-13 14:00:00,2025-01-13 14:10:00,10.0,Weather,Delayed,454,5371,189,187,251.0,46937,98.94179894179894,Winter
FL04349,2024-05-23,AL007,AC004,AP017,AP013,2024-05-23 07:00:00,2024-05-23 07:15:00,15.0,Air Traffic,Delayed,430,7108,180,107,141.0,15087,59.44444444444444,Spring
FL04350,2024-09-11,AL001,AC019,AP026,AP020,2024-09-11 21:15:00,2024-09-11 21:25:00,10.0,Late Aircraft,Delayed,430,5479,296,231,175.0,40425,78.04054054054053,Autumn
FL04351,2023-02-15,AL003,AC002,AP001,AP026,2023-02-15 21:15:00,2023-02-15 21:23:00,8.0,Weather,Delayed,712,5484,300,251,70.0,17570,83.66666666666667,Winter
FL04352,2023-02-28,AL010,AC008,AP029,AP017,2023-02-28 12:45:00,2023-02-28 12:51:00,6.0,Security,Delayed,198,4127,300,216,225.0,48600,72.0,Winter
FL04353,2024-11-19,AL006,AC035,AP012,AP014,2024-11-19 10:00:00,2024-11-19 10:02:00,2.0,Technical,Delayed,558,3468,189,139,363.0,50457,73.54497354497354,Autumn
FL04354,2024-07-28,AL004,AC040,AP017,AP025,2024-07-28 05:00:00,2024-07-28 05:08:00,8.0,Late Aircraft,Delayed,424,3430,220,170,128.0,21760,77.27272727272727,Summer
FL04355,2024-09-21,AL006,AC009,AP029,AP007,2024-09-21 16:45:00,2024-09-21 16:55:00,10.0,Security,Delayed,132,2307,296,219,305.0,66795,73.98648648648648,Autumn
FL04356,2024-11-17,AL006,AC019,AP020,AP013,2024-11-17 11:15:00,2024-11-17 11:30:00,15.0,Technical,Delayed,660,5159,296,226,460.0,103960,76.35135135135135,Autumn
FL04357,2025-11-01,AL001,AC001,AP025,AP029,2025-11-01 05:00:00,2025-11-01 05:02:00,2.0,Crew,Delayed,510,6368,325,297,544.0,161568,91.3846153846154,Autumn
FL04358,2024-10-20,AL010,AC023,AP027,AP010,2024-10-20 17:30:00,2024-10-20 17:42:00,12.0,Crew,Delayed,90,7648,180,148,238.0,35224,82.22222222222221,Autumn
FL04359,2025-03-10,AL003,AC022,AP027,AP022,2025-03-10 05:00:00,2025-03-10 07:10:00,130.0,Security,Severely Delayed,676,3236,300,273,343.0,93639,91.0,Spring
FL04360,2023-01-29,AL005,AC030,AP003,AP019,2023-01-29 17:45:00,2023-01-29 17:59:00,14.0,Crew,Delayed,168,7962,325,224,508.0,113792,68.92307692307692,Winter
FL04361,2023-12-15,AL002,AC033,AP006,AP005,2023-12-15 18:45:00,2023-12-15 18:54:00,9.0,Late Aircraft,Delayed,668,2392,220,109,611.0,66599,49.54545454545455,Winter
FL04362,2023-03-03,AL009,AC008,AP005,AP007,2023-03-03 05:45:00,2023-03-03 08:34:00,169.0,Technical,Severely Delayed,413,3370,300,296,635.0,187960,98.66666666666669,Spring
FL04363,2024-04-14,AL005,AC009,AP010,AP030,2024-04-14 11:15:00,2024-04-14 11:15:00,0.0,No Delay,On Time,368,617,296,231,101.0,23331,78.04054054054053,Spring
FL04364,2025-04-17,AL003,AC016,AP002,AP021,2025-04-17 12:45:00,2025-04-17 12:59:00,14.0,Weather,Delayed,170,8201,189,138,174.0,24012,73.01587301587301,Spring
FL04365,2025-09-23,AL007,AC040,AP006,AP012,2025-09-23 07:15:00,2025-09-23 07:30:00,15.0,Air Traffic,Delayed,638,1765,220,197,227.0,44719,89.54545454545455,Autumn
FL04366,2023-03-14,AL001,AC012,AP006,AP020,2023-03-14 19:15:00,2023-03-14 19:16:00,1.0,Technical,Delayed,211,1158,189,142,510.0,72420,75.13227513227513,Spring
FL04367,2023-02-18,AL007,AC005,AP015,AP002,2023-02-18 11:45:00,2023-02-18 11:46:00,1.0,Technical,Delayed,295,7348,325,187,161.0,30107,57.53846153846154,Winter
FL04368,2024-11-16,AL006,AC027,AP016,AP027,2024-11-16 17:30:00,2024-11-16 18:57:00,87.0,Air Traffic,Delayed,660,1924,325,267,423.0,112941,82.15384615384616,Autumn
FL04369,2023-08-26,AL009,AC012,AP019,AP014,2023-08-26 07:30:00,2023-08-26 07:32:00,2.0,Security,Delayed,93,7259,189,131,642.0,84102,69.31216931216932,Summer
FL04370,2025-07-29,AL001,AC022,AP004,AP011,2025-07-29 08:45:00,2025-07-29 10:40:00,115.0,Late Aircraft,Delayed,653,6174,300,200,260.0,52000,66.66666666666666,Summer
FL04371,2025-09-10,AL010,AC038,AP026,AP029,2025-09-10 07:45:00,2025-09-10 07:54:00,9.0,Security,Delayed,508,4463,189,89,205.0,18245,47.08994708994709,Autumn
FL04372,2024-09-26,AL007,AC012,AP019,AP001,2024-09-26 10:15:00,2024-09-26 13:05:00,170.0,Crew,Severely Delayed,696,4378,189,151,163.0,24613,79.8941798941799,Autumn
FL04373,2023-06-06,AL009,AC018,AP015,AP003,2023-06-06 21:15:00,2023-06-06 21:18:00,3.0,Technical,Delayed,211,764,189,122,76.0,9272,64.55026455026454,Summer
FL04374,2024-02-22,AL009,AC016,AP011,AP030,2024-02-22 06:45:00,2024-02-22 06:50:00,5.0,Technical,Delayed,115,2113,189,168,442.0,74256,88.88888888888889,Winter
FL04375,2025-08-23,AL006,AC008,AP012,AP021,2025-08-23 06:00:00,2025-08-23 06:45:00,45.0,Technical,Delayed,101,737,300,239,448.0,107072,79.66666666666666,Summer
FL04376,2024-07-08,AL002,AC004,AP003,AP020,2024-07-08 21:15:00,2024-07-08 21:29:00,14.0,Weather,Delayed,689,4530,180,153,237.0,36261,85.0,Summer
FL04377,2023-04-26,AL001,AC026,AP027,AP009,2023-04-26 05:00:00,2023-04-26 05:12:00,12.0,Late Aircraft,Delayed,329,1887,189,168,260.0,43680,88.88888888888889,Spring
FL04378,2024-04-09,AL002,AC011,AP014,AP020,2024-04-09 05:15:00,2024-04-09 05:28:00,13.0,Weather,Delayed,204,5077,300,247,228.0,56316,82.33333333333334,Spring
FL04379,2024-11-02,AL001,AC005,AP024,AP027,2024-11-02 08:00:00,2024-11-02 08:19:00,19.0,Crew,Delayed,53,7736,325,290,355.0,102950,89.23076923076924,Autumn
FL04380,2025-11-21,AL003,AC033,AP020,AP027,2025-11-21 11:45:00,2025-11-21 11:53:00,8.0,Air Traffic,Delayed,58,835,220,167,216.0,36072,75.9090909090909,Autumn
FL04381,2023-06-23,AL001,AC020,AP012,AP026,2023-06-23 17:45:00,2023-06-23 18:44:00,59.0,Weather,Delayed,284,2010,396,345,225.0,77625,87.12121212121212,Summer
FL04382,2023-06-09,AL008,AC033,AP017,AP024,2023-06-09 17:15:00,2023-06-09 17:26:00,11.0,Security,Cancelled,384,2678,220,0,552.0,0,0.0,Summer
FL04383,2025-11-05,AL007,AC021,AP013,AP002,2025-11-05 17:00:00,2025-11-05 17:21:00,21.0,Air Traffic,Delayed,127,720,325,249,214.0,53286,76.61538461538461,Autumn
FL04384,2023-09-29,AL002,AC025,AP025,AP017,2023-09-29 13:00:00,2023-09-29 13:13:00,13.0,Air Traffic,Delayed,122,5707,296,186,93.0,17298,62.83783783783784,Autumn
FL04385,2024-02-04,AL007,AC012,AP017,AP030,2024-02-04 06:00:00,2024-02-04 06:03:00,3.0,Technical,Delayed,354,3401,189,157,373.0,58561,83.06878306878306,Winter
FL04386,2023-06-15,AL009,AC035,AP022,AP002,2023-06-15 13:00:00,2023-06-15 13:03:00,3.0,Air Traffic,Delayed,310,3536,189,119,179.0,21301,62.96296296296296,Summer
FL04387,2025-11-24,AL001,AC030,AP016,AP003,2025-11-24 22:45:00,2025-11-24 22:52:00,7.0,Technical,Cancelled,319,2713,325,0,449.0,0,0.0,Autumn
FL04388,2024-09-24,AL009,AC038,AP023,AP020,2024-09-24 17:00:00,2024-09-24 17:32:00,32.0,Weather,Cancelled,592,3536,189,0,628.0,0,0.0,Autumn
FL04389,2025-07-17,AL005,AC036,AP021,AP030,2025-07-17 12:00:00,2025-07-17 12:02:00,2.0,Air Traffic,Delayed,108,1215,180,158,588.0,92904,87.77777777777777,Summer
FL04390,2025-08-02,AL002,AC013,AP027,AP015,2025-08-02 07:00:00,2025-08-02 07:13:00,13.0,Crew,Delayed,514,1911,325,305,428.0,130540,93.84615384615384,Summer
FL04391,2023-11-07,AL008,AC026,AP004,AP021,2023-11-07 08:15:00,2023-11-07 08:24:00,9.0,Late Aircraft,Delayed,272,5852,189,112,211.0,23632,59.25925925925925,Autumn
FL04392,2024-03-11,AL007,AC009,AP017,AP025,2024-03-11 19:45:00,2024-03-11 22:36:00,171.0,Air Traffic,Severely Delayed,712,8318,296,246,90.0,22140,83.1081081081081,Spring
FL04393,2024-01-30,AL004,AC020,AP005,AP018,2024-01-30 13:30:00,2024-01-30 13:40:00,10.0,Weather,Delayed,239,2334,396,319,149.0,47531,80.55555555555556,Winter
FL04394,2025-06-04,AL004,AC034,AP008,AP012,2025-06-04 09:45:00,2025-06-04 09:50:00,5.0,Technical,Delayed,712,3402,300,218,619.0,134942,72.66666666666667,Summer
FL04395,2024-04-30,AL008,AC006,AP029,AP020,2024-04-30 10:15:00,2024-04-30 10:19:00,4.0,Security,Delayed,472,6342,300,250,303.0,75750,83.33333333333334,Spring
FL04396,2023-01-29,AL005,AC018,AP015,AP011,2023-01-29 14:15:00,2023-01-29 14:18:00,3.0,Security,Delayed,616,5550,189,152,396.0,60192,80.42328042328042,Winter
FL04397,2025-10-11,AL005,AC017,AP024,AP014,2025-10-11 15:30:00,2025-10-11 15:36:00,6.0,Air Traffic,Delayed,608,2106,296,177,71.0,12567,59.797297297297305,Autumn
FL04398,2025-08-18,AL006,AC031,AP002,AP012,2025-08-18 16:15:00,2025-08-18 16:21:00,6.0,Security,Delayed,153,2442,300,133,135.0,17955,44.333333333333336,Summer
FL04399,2024-09-28,AL004,AC005,AP018,AP023,2024-09-28 06:00:00,2024-09-28 06:00:00,0.0,No Delay,On Time,515,7641,325,276,383.0,105708,84.92307692307692,Autumn
FL04400,2024-05-31,AL005,AC015,AP011,AP002,2024-05-31 16:30:00,2024-05-31 16:32:00,2.0,Crew,Delayed,433,4980,396,242,97.0,23474,61.11111111111112,Spring
FL04401,2024-09-24,AL001,AC014,AP028,AP016,2024-09-24 16:00:00,2024-09-24 18:10:00,130.0,Crew,Severely Delayed,286,6705,325,198,288.0,57024,60.92307692307693,Autumn
FL04402,2023-08-29,AL007,AC001,AP005,AP021,2023-08-29 20:45:00,2023-08-29 20:50:00,5.0,Weather,Delayed,416,5572,325,245,482.0,118090,75.38461538461539,Summer
FL04403,2024-05-28,AL002,AC006,AP027,AP012,2024-05-28 14:00:00,2024-05-28 14:12:00,12.0,Technical,Delayed,374,409,300,224,362.0,81088,74.66666666666667,Spring
FL04404,2025-03-21,AL009,AC033,AP018,AP008,2025-03-21 22:00:00,2025-03-21 22:14:00,14.0,Security,Delayed,180,5474,220,217,254.0,55118,98.63636363636364,Spring
FL04405,2024-03-08,AL001,AC029,AP010,AP022,2024-03-08 22:15:00,2024-03-08 22:28:00,13.0,Late Aircraft,Delayed,220,8027,220,194,491.0,95254,88.18181818181819,Spring
FL04406,2023-01-23,AL009,AC006,AP018,AP001,2023-01-23 11:00:00,2023-01-23 11:03:00,3.0,Crew,Delayed,149,3015,300,250,589.0,147250,83.33333333333334,Winter
FL04407,2024-06-18,AL008,AC015,AP005,AP016,2024-06-18 05:30:00,2024-06-18 05:37:00,7.0,Technical,Delayed,343,6309,396,297,522.0,155034,75.0,Summer
FL04408,2025-01-31,AL007,AC013,AP019,AP011,2025-01-31 22:00:00,2025-01-31 22:02:00,2.0,Late Aircraft,Delayed,60,8139,325,223,121.0,26983,68.61538461538461,Winter
FL04409,2023-06-24,AL003,AC040,AP010,AP005,2023-06-24 14:00:00,2023-06-24 14:10:00,10.0,Weather,Delayed,516,6701,220,118,228.0,26904,53.63636363636364,Summer
FL04410,2025-09-14,AL010,AC016,AP013,AP016,2025-09-14 21:45:00,2025-09-14 22:00:00,15.0,Security,Delayed,372,6087,189,135,319.0,43065,71.42857142857143,Autumn
FL04411,2023-04-12,AL005,AC012,AP029,AP019,2023-04-12 21:15:00,2023-04-12 21:30:00,15.0,Unknown,Delayed,219,6938,189,130,549.0,71370,68.78306878306879,Spring
FL04412,2023-05-22,AL003,AC015,AP006,AP017,2023-05-22 10:45:00,2023-05-22 10:58:00,13.0,Late Aircraft,Delayed,280,1856,396,261,444.0,115884,65.9090909090909,Spring
FL04413,2024-06-20,AL004,AC026,AP009,AP007,2024-06-20 16:15:00,2024-06-20 16:26:00,11.0,Crew,Delayed,175,7583,189,164,125.0,20500,86.77248677248677,Summer
FL04414,2024-07-14,AL007,AC031,AP010,AP013,2024-07-14 14:15:00,2024-07-14 14:29:00,14.0,Security,Delayed,271,3751,300,297,320.0,95040,99.0,Summer
FL04415,2024-09-01,AL005,AC032,AP030,AP023,2024-09-01 17:30:00,2024-09-01 17:33:00,3.0,Weather,Delayed,712,3023,396,255,247.0,62985,64.39393939393939,Autumn
FL04416,2025-03-29,AL004,AC026,AP024,AP020,2025-03-29 16:00:00,2025-03-29 16:14:00,14.0,Crew,Delayed,525,1184,189,147,532.0,78204,77.77777777777779,Spring
FL04417,2024-12-02,AL002,AC005,AP004,AP010,2024-12-02 05:00:00,2024-12-02 05:47:00,47.0,Late Aircraft,Delayed,51,2527,325,185,561.0,103785,56.92307692307692,Winter
FL04418,2025-10-27,AL001,AC018,AP009,AP004,2025-10-27 10:30:00,2025-10-27 13:21:00,171.0,Technical,Severely Delayed,108,8394,189,122,305.0,37210,64.55026455026454,Autumn
FL04419,2025-07-17,AL003,AC035,AP004,AP030,2025-07-17 22:45:00,2025-07-17 23:00:00,15.0,Late Aircraft,Delayed,89,442,189,137,103.0,14111,72.4867724867725,Summer
FL04420,2025-05-09,AL002,AC009,AP010,AP005,2025-05-09 20:45:00,2025-05-09 20:55:00,10.0,Air Traffic,Delayed,532,8059,296,248,388.0,96224,83.78378378378379,Spring
FL04421,2024-02-08,AL003,AC006,AP028,AP014,2024-02-08 09:15:00,2024-02-08 09:22:00,7.0,Technical,Delayed,274,8213,300,166,436.0,72376,55.333333333333336,Winter
FL04422,2023-10-20,AL006,AC033,AP003,AP020,2023-10-20 19:45:00,2023-10-20 19:51:00,6.0,Crew,Delayed,236,7817,220,169,554.0,93626,76.81818181818181,Autumn
FL04423,2025-10-22,AL009,AC035,AP003,AP030,2025-10-22 21:15:00,2025-10-22 21:24:00,9.0,Air Traffic,Delayed,693,2382,189,153,121.0,18513,80.95238095238095,Autumn
FL04424,2025-05-12,AL005,AC002,AP022,AP019,2025-05-12 16:45:00,2025-05-12 16:58:00,13.0,Weather,Delayed,649,7715,300,212,316.0,66992,70.66666666666667,Spring
FL04425,2023-12-10,AL003,AC036,AP027,AP004,2023-12-10 05:15:00,2023-12-10 05:22:00,7.0,Weather,Delayed,644,1361,180,132,293.0,38676,73.33333333333333,Winter
FL04426,2023-07-01,AL003,AC028,AP019,AP028,2023-07-01 15:00:00,2023-07-01 15:03:00,3.0,Technical,Delayed,557,4307,296,183,379.0,69357,61.82432432432432,Summer
FL04427,2025-10-24,AL010,AC030,AP021,AP016,2025-10-24 21:15:00,2025-10-24 21:22:00,7.0,Air Traffic,Delayed,574,3418,325,248,215.0,53320,76.3076923076923,Autumn
FL04428,2025-08-22,AL001,AC012,AP018,AP003,2025-08-22 17:30:00,2025-08-22 17:35:00,5.0,Late Aircraft,Delayed,645,6398,189,124,428.0,53072,65.60846560846561,Summer
FL04429,2023-05-25,AL004,AC001,AP029,AP030,2023-05-25 10:00:00,2023-05-25 10:08:00,8.0,Late Aircraft,Delayed,168,1753,325,166,452.0,75032,51.07692307692307,Spring
FL04430,2024-12-18,AL007,AC004,AP025,AP009,2024-12-18 12:45:00,2024-12-18 12:57:00,12.0,Weather,Delayed,463,6893,180,99,100.0,9900,55.00000000000001,Winter
FL04431,2024-04-09,AL010,AC015,AP020,AP003,2024-04-09 05:00:00,2024-04-09 05:05:00,5.0,Late Aircraft,Delayed,599,7664,396,282,629.0,177378,71.21212121212122,Spring
FL04432,2024-10-20,AL001,AC026,AP014,AP004,2024-10-20 09:00:00,2024-10-20 09:02:00,2.0,Security,Delayed,564,5315,189,162,374.0,60588,85.71428571428571,Autumn
FL04433,2025-08-16,AL007,AC029,AP029,AP012,2025-08-16 09:30:00,2025-08-16 09:33:00,3.0,Technical,Delayed,510,8412,220,183,402.0,73566,83.18181818181817,Summer
FL04434,2024-10-04,AL006,AC001,AP027,AP025,2024-10-04 05:45:00,2024-10-04 05:45:00,0.0,No Delay,On Time,540,4960,325,259,220.0,56980,79.6923076923077,Autumn
FL04435,2025-04-23,AL004,AC004,AP008,AP030,2025-04-23 16:15:00,2025-04-23 17:31:00,76.0,Late Aircraft,Delayed,496,3694,180,121,396.0,47916,67.22222222222223,Spring
FL04436,2025-01-15,AL006,AC012,AP017,AP007,2025-01-15 11:30:00,2025-01-15 11:39:00,9.0,Weather,Delayed,484,3184,189,100,541.0,54100,52.9100529100529,Winter
FL04437,2023-10-29,AL009,AC005,AP004,AP002,2023-10-29 17:15:00,2023-10-29 17:25:00,10.0,Crew,Delayed,381,7220,325,321,366.0,117486,98.76923076923076,Autumn
FL04438,2025-04-01,AL001,AC007,AP015,AP013,2025-04-01 12:15:00,2025-04-01 12:29:00,14.0,Security,Delayed,237,4591,300,162,446.0,72252,54.0,Spring
FL04439,2023-04-18,AL009,AC014,AP008,AP017,2023-04-18 09:30:00,2023-04-18 09:32:00,2.0,Crew,Delayed,415,309,325,216,177.0,38232,66.46153846153847,Spring
FL04440,2023-02-11,AL002,AC032,AP004,AP011,2023-02-11 20:45:00,2023-02-11 22:17:00,92.0,Late Aircraft,Delayed,677,6148,396,389,507.0,197223,98.23232323232324,Winter
FL04441,2025-10-27,AL006,AC010,AP027,AP018,2025-10-27 14:30:00,2025-10-27 14:31:00,1.0,Weather,Delayed,495,3029,396,278,616.0,171248,70.2020202020202,Autumn
FL04442,2024-07-30,AL002,AC007,AP019,AP004,2024-07-30 10:45:00,2024-07-30 10:52:00,7.0,Crew,Delayed,635,5411,300,259,354.0,91686,86.33333333333333,Summer
FL04443,2023-12-21,AL001,AC026,AP028,AP001,2023-12-21 08:45:00,2023-12-21 08:53:00,8.0,Crew,Delayed,262,690,189,160,464.0,74240,84.65608465608466,Winter
FL04444,2023-09-27,AL008,AC040,AP012,AP030,2023-09-27 19:00:00,2023-09-27 19:10:00,10.0,Technical,Delayed,519,4436,220,182,538.0,97916,82.72727272727273,Autumn
FL04445,2023-05-05,AL006,AC020,AP024,AP025,2023-05-05 19:15:00,2023-05-05 19:16:00,1.0,Crew,Delayed,624,4757,396,392,519.0,203448,98.989898989899,Spring
FL04446,2025-01-17,AL007,AC031,AP027,AP009,2025-01-17 06:00:00,2025-01-17 06:08:00,8.0,Technical,Delayed,179,4321,300,222,363.0,80586,74.0,Winter
FL04447,2024-10-17,AL005,AC020,AP026,AP014,2024-10-17 13:15:00,2024-10-17 13:26:00,11.0,Air Traffic,Delayed,299,8235,396,328,506.0,165968,82.82828282828282,Autumn
FL04448,2023-04-20,AL008,AC007,AP002,AP003,2023-04-20 19:45:00,2023-04-20 19:58:00,13.0,Weather,Delayed,215,923,300,297,331.0,98307,99.0,Spring
FL04449,2023-10-05,AL007,AC027,AP030,AP010,2023-10-05 14:15:00,2023-10-05 14:24:00,9.0,Late Aircraft,Delayed,618,2942,325,147,152.0,22344,45.230769230769226,Autumn
FL04450,2025-06-22,AL001,AC005,AP009,AP013,2025-06-22 15:00:00,2025-06-22 15:09:00,9.0,Late Aircraft,Delayed,395,4229,325,280,559.0,156520,86.15384615384616,Summer
FL04451,2024-10-09,AL007,AC021,AP016,AP003,2024-10-09 21:45:00,2024-10-09 21:54:00,9.0,Security,Delayed,51,2122,325,213,109.0,23217,65.53846153846153,Autumn
FL04452,2024-12-01,AL008,AC003,AP020,AP015,2024-12-01 17:00:00,2024-12-01 17:46:00,46.0,Technical,Delayed,555,6399,396,297,371.0,110187,75.0,Winter
FL04453,2024-09-06,AL001,AC034,AP014,AP025,2024-09-06 16:15:00,2024-09-06 16:15:00,0.0,No Delay,On Time,516,1414,300,187,303.0,56661,62.33333333333333,Autumn
FL04454,2024-11-10,AL006,AC015,AP009,AP003,2024-11-10 19:30:00,2024-11-10 19:32:00,2.0,Late Aircraft,Delayed,639,5367,396,273,468.0,127764,68.93939393939394,Autumn
FL04455,2023-05-10,AL005,AC025,AP004,AP028,2023-05-10 16:15:00,2023-05-10 16:20:00,5.0,Crew,Delayed,231,8259,296,228,332.0,75696,77.02702702702703,Spring
FL04456,2025-04-30,AL002,AC028,AP012,AP020,2025-04-30 17:00:00,2025-04-30 17:06:00,6.0,Security,Delayed,411,3156,296,259,499.0,129241,87.5,Spring
FL04457,2024-02-25,AL002,AC037,AP022,AP008,2024-02-25 10:15:00,2024-02-25 10:25:00,10.0,Late Aircraft,Delayed,703,8131,220,140,149.0,20860,63.63636363636363,Winter
FL04458,2024-10-17,AL003,AC038,AP006,AP003,2024-10-17 16:00:00,2024-10-17 16:00:00,0.0,No Delay,On Time,271,6072,189,148,261.0,38628,78.3068783068783,Autumn
FL04459,2023-11-20,AL010,AC009,AP011,AP005,2023-11-20 21:30:00,2023-11-20 21:30:00,0.0,No Delay,On Time,662,7129,296,206,406.0,83636,69.5945945945946,Autumn
FL04460,2024-01-12,AL001,AC013,AP003,AP023,2024-01-12 14:30:00,2024-01-12 14:30:00,0.0,No Delay,On Time,569,464,325,303,624.0,189072,93.23076923076924,Winter
FL04461,2025-01-26,AL010,AC026,AP023,AP021,2025-01-26 06:00:00,2025-01-26 06:05:00,5.0,Late Aircraft,Delayed,388,5812,189,114,139.0,15846,60.31746031746032,Winter
FL04462,2023-06-05,AL007,AC039,AP029,AP021,2023-06-05 10:15:00,2023-06-05 10:23:00,8.0,Air Traffic,Delayed,444,1582,300,249,207.0,51543,83.0,Summer
FL04463,2023-01-25,AL008,AC035,AP010,AP013,2023-01-25 16:30:00,2023-01-25 16:33:00,3.0,Security,Delayed,276,3115,189,158,478.0,75524,83.5978835978836,Winter
FL04464,2023-11-22,AL003,AC006,AP009,AP028,2023-11-22 06:15:00,2023-11-22 06:19:00,4.0,Security,Delayed,494,7387,300,194,257.0,49858,64.66666666666666,Autumn
FL04465,2023-06-01,AL004,AC035,AP006,AP028,2023-06-01 17:45:00,2023-06-01 17:56:00,11.0,Air Traffic,Delayed,121,807,189,152,275.0,41800,80.42328042328042,Summer
FL04466,2023-03-10,AL007,AC020,AP004,AP028,2023-03-10 06:45:00,2023-03-10 06:49:00,4.0,Security,Delayed,306,761,396,307,556.0,170692,77.52525252525253,Spring
FL04467,2025-08-14,AL006,AC013,AP006,AP020,2025-08-14 19:45:00,2025-08-14 19:46:00,1.0,Late Aircraft,Delayed,493,5272,325,180,365.0,65700,55.38461538461539,Summer
FL04468,2025-01-21,AL007,AC012,AP020,AP005,2025-01-21 13:00:00,2025-01-21 14:31:00,91.0,Late Aircraft,Delayed,517,6506,189,131,248.0,32488,69.31216931216932,Winter
FL04469,2025-03-25,AL009,AC005,AP022,AP020,2025-03-25 15:30:00,2025-03-25 15:40:00,10.0,Late Aircraft,Delayed,659,3266,325,276,352.0,97152,84.92307692307692,Spring
FL04470,2023-06-03,AL005,AC005,AP011,AP021,2023-06-03 13:30:00,2023-06-03 13:38:00,8.0,Late Aircraft,Delayed,586,6560,325,247,350.0,86450,76.0,Summer
FL04471,2024-03-12,AL001,AC032,AP026,AP027,2024-03-12 09:45:00,2024-03-12 09:59:00,14.0,Crew,Delayed,683,3375,396,269,308.0,82852,67.92929292929293,Spring
FL04472,2023-01-30,AL003,AC040,AP016,AP027,2023-01-30 11:30:00,2023-01-30 11:34:00,4.0,Late Aircraft,Delayed,67,6130,220,192,388.0,74496,87.27272727272727,Winter
FL04473,2025-05-30,AL006,AC019,AP027,AP023,2025-05-30 06:30:00,2025-05-30 06:38:00,8.0,Security,Delayed,450,7960,296,176,632.0,111232,59.45945945945946,Spring
FL04474,2023-06-12,AL001,AC038,AP006,AP013,2023-06-12 10:30:00,2023-06-12 10:39:00,9.0,Technical,Delayed,653,6186,189,155,410.0,63550,82.01058201058201,Summer
FL04475,2025-03-11,AL008,AC039,AP018,AP012,2025-03-11 19:30:00,2025-03-11 20:05:00,35.0,Air Traffic,Delayed,541,5470,300,249,526.0,130974,83.0,Spring
FL04476,2025-02-02,AL009,AC017,AP018,AP007,2025-02-02 09:45:00,2025-02-02 10:13:00,28.0,Late Aircraft,Delayed,161,4129,296,213,507.0,107991,71.95945945945947,Winter
FL04477,2023-03-07,AL005,AC035,AP004,AP017,2023-03-07 07:45:00,2023-03-07 07:52:00,7.0,Late Aircraft,Cancelled,614,3389,189,0,330.0,0,0.0,Spring
FL04478,2024-08-17,AL006,AC026,AP016,AP009,2024-08-17 20:00:00,2024-08-17 20:15:00,15.0,Technical,Delayed,658,1058,189,110,566.0,62260,58.2010582010582,Summer
FL04479,2025-05-16,AL003,AC022,AP001,AP012,2025-05-16 20:15:00,2025-05-16 22:51:00,156.0,Crew,Severely Delayed,611,2546,300,242,311.0,75262,80.66666666666666,Spring
FL04480,2025-06-29,AL010,AC033,AP004,AP028,2025-06-29 09:00:00,2025-06-29 10:51:00,111.0,Security,Delayed,175,597,220,138,303.0,41814,62.727272727272734,Summer
FL04481,2023-06-25,AL005,AC026,AP009,AP013,2023-06-25 10:30:00,2023-06-25 10:34:00,4.0,Air Traffic,Delayed,672,6931,189,146,430.0,62780,77.24867724867724,Summer
FL04482,2023-10-15,AL008,AC011,AP009,AP017,2023-10-15 08:15:00,2023-10-15 08:16:00,1.0,Weather,Delayed,392,2882,300,207,466.0,96462,69.0,Autumn
FL04483,2023-12-11,AL004,AC020,AP013,AP005,2023-12-11 15:45:00,2023-12-11 15:52:00,7.0,Technical,Delayed,343,3014,396,290,573.0,166170,73.23232323232324,Winter
FL04484,2025-07-19,AL003,AC013,AP024,AP009,2025-07-19 07:00:00,2025-07-19 07:06:00,6.0,Crew,Delayed,57,2810,325,196,346.0,67816,60.30769230769231,Summer
FL04485,2025-04-27,AL007,AC040,AP023,AP030,2025-04-27 21:45:00,2025-04-27 22:37:00,52.0,Air Traffic,Delayed,217,4905,220,159,434.0,69006,72.27272727272728,Spring
FL04486,2024-10-12,AL002,AC028,AP027,AP008,2024-10-12 12:30:00,2024-10-12 12:36:00,6.0,Technical,Delayed,144,4404,296,181,638.0,115478,61.14864864864865,Autumn
FL04487,2025-01-20,AL003,AC033,AP028,AP019,2025-01-20 21:00:00,2025-01-20 23:16:00,136.0,Late Aircraft,Severely Delayed,422,2162,220,190,413.0,78470,86.36363636363636,Winter
FL04488,2024-07-17,AL004,AC037,AP018,AP011,2024-07-17 10:30:00,2024-07-17 10:34:00,4.0,Weather,Delayed,523,2995,220,189,298.0,56322,85.9090909090909,Summer
FL04489,2025-01-27,AL005,AC015,AP005,AP030,2025-01-27 15:45:00,2025-01-27 16:36:00,51.0,Security,Delayed,257,5927,396,316,537.0,169692,79.7979797979798,Winter
FL04490,2023-05-20,AL008,AC022,AP006,AP010,2023-05-20 16:00:00,2023-05-20 16:13:00,13.0,Crew,Delayed,543,628,300,251,493.0,123743,83.66666666666667,Spring
FL04491,2024-02-14,AL002,AC015,AP013,AP015,2024-02-14 09:30:00,2024-02-14 12:16:00,166.0,Security,Severely Delayed,371,1976,396,287,364.0,104468,72.47474747474747,Winter
FL04492,2024-07-14,AL006,AC023,AP005,AP011,2024-07-14 09:30:00,2024-07-14 09:44:00,14.0,Technical,Delayed,594,3140,180,129,144.0,18576,71.66666666666667,Summer
FL04493,2024-03-15,AL006,AC002,AP009,AP008,2024-03-15 15:15:00,2024-03-15 15:26:00,11.0,Crew,Delayed,297,5769,300,183,112.0,20496,61.0,Spring
FL04494,2024-04-08,AL001,AC001,AP011,AP001,2024-04-08 19:15:00,2024-04-08 19:22:00,7.0,Crew,Delayed,516,6068,325,206,76.0,15656,63.38461538461539,Spring
FL04495,2024-10-07,AL006,AC034,AP026,AP011,2024-10-07 06:30:00,2024-10-07 06:35:00,5.0,Late Aircraft,Delayed,364,7306,300,193,131.0,25283,64.33333333333333,Autumn
FL04496,2025-09-22,AL005,AC015,AP011,AP012,2025-09-22 12:30:00,2025-09-22 12:45:00,15.0,Weather,Delayed,83,862,396,282,589.0,166098,71.21212121212122,Autumn
FL04497,2025-09-23,AL006,AC024,AP027,AP010,2025-09-23 13:15:00,2025-09-23 13:17:00,2.0,Crew,Delayed,55,6895,296,214,385.0,82390,72.2972972972973,Autumn
FL04498,2023-05-08,AL004,AC016,AP011,AP019,2023-05-08 13:00:00,2023-05-08 13:04:00,4.0,Weather,Delayed,551,3302,189,104,515.0,53560,55.02645502645503,Spring
FL04499,2024-10-18,AL008,AC010,AP014,AP011,2024-10-18 07:00:00,2024-10-18 07:03:00,3.0,Air Traffic,Delayed,450,2752,396,347,271.0,94037,87.62626262626263,Autumn
FL04500,2023-09-23,AL007,AC012,AP010,AP019,2023-09-23 06:15:00,2023-09-23 06:24:00,9.0,Weather,Delayed,84,2606,189,120,112.0,13440,63.49206349206349,Autumn
FL04501,2025-09-24,AL009,AC038,AP006,AP030,2025-09-24 06:15:00,2025-09-24 06:24:00,9.0,Security,Delayed,292,5104,189,149,401.0,59749,78.83597883597884,Autumn
FL04502,2024-01-31,AL001,AC002,AP010,AP020,2024-01-31 13:00:00,2024-01-31 13:41:00,41.0,Technical,Delayed,206,1776,300,257,582.0,149574,85.66666666666667,Winter
FL04503,2025-04-15,AL004,AC039,AP010,AP001,2025-04-15 06:30:00,2025-04-15 06:37:00,7.0,Technical,Delayed,650,6363,300,273,341.0,93093,91.0,Spring
FL04504,2025-09-04,AL001,AC004,AP017,AP029,2025-09-04 10:30:00,2025-09-04 10:34:00,4.0,Weather,Delayed,132,1749,180,174,150.0,26100,96.66666666666669,Autumn
FL04505,2025-07-02,AL010,AC035,AP012,AP016,2025-07-02 12:15:00,2025-07-02 12:17:00,2.0,Technical,Delayed,81,7609,189,155,216.0,33480,82.01058201058201,Summer
FL04506,2023-12-08,AL008,AC023,AP020,AP009,2023-12-08 22:45:00,2023-12-08 22:56:00,11.0,Weather,Delayed,268,3003,180,118,124.0,14632,65.55555555555556,Winter
FL04507,2024-03-06,AL010,AC008,AP025,AP015,2024-03-06 15:15:00,2024-03-06 18:08:00,173.0,Air Traffic,Severely Delayed,157,3688,300,214,409.0,87526,71.33333333333334,Spring
FL04508,2023-04-20,AL007,AC007,AP014,AP023,2023-04-20 06:30:00,2023-04-20 06:38:00,8.0,Air Traffic,Delayed,465,4426,300,249,572.0,142428,83.0,Spring
FL04509,2023-10-16,AL010,AC009,AP021,AP008,2023-10-16 06:45:00,2023-10-16 06:50:00,5.0,Air Traffic,Delayed,143,5079,296,293,222.0,65046,98.98648648648648,Autumn
FL04510,2025-02-20,AL004,AC001,AP005,AP018,2025-02-20 06:00:00,2025-02-20 06:00:00,0.0,No Delay,On Time,382,5793,325,268,164.0,43952,82.46153846153847,Winter
FL04511,2024-06-19,AL009,AC021,AP022,AP004,2024-06-19 19:30:00,2024-06-19 19:36:00,6.0,Crew,Delayed,471,2452,325,268,169.0,45292,82.46153846153847,Summer
FL04512,2025-08-11,AL001,AC010,AP019,AP017,2025-08-11 12:30:00,2025-08-11 12:30:00,0.0,No Delay,On Time,301,757,396,270,398.0,107460,68.18181818181817,Summer
FL04513,2025-05-02,AL001,AC014,AP007,AP025,2025-05-02 05:30:00,2025-05-02 05:41:00,11.0,Security,Delayed,432,7253,325,247,473.0,116831,76.0,Spring
FL04514,2023-06-13,AL004,AC011,AP022,AP009,2023-06-13 08:30:00,2023-06-13 08:36:00,6.0,Crew,Delayed,550,5568,300,208,391.0,81328,69.33333333333334,Summer
FL04515,2023-12-18,AL007,AC020,AP010,AP028,2023-12-18 13:00:00,2023-12-18 13:12:00,12.0,Technical,Delayed,434,3148,396,259,338.0,87542,65.40404040404042,Winter
FL04516,2025-04-03,AL005,AC016,AP011,AP003,2025-04-03 21:30:00,2025-04-03 21:43:00,13.0,Security,Delayed,319,5210,189,129,632.0,81528,68.25396825396825,Spring
FL04517,2024-06-13,AL005,AC016,AP014,AP015,2024-06-13 06:45:00,2024-06-13 06:49:00,4.0,Air Traffic,Delayed,133,7004,189,133,137.0,18221,70.37037037037037,Summer
FL04518,2023-12-02,AL010,AC006,AP001,AP016,2023-12-02 20:30:00,2023-12-02 20:34:00,4.0,Crew,Delayed,696,8248,300,255,326.0,83130,85.0,Winter
FL04519,2024-08-14,AL001,AC013,AP013,AP019,2024-08-14 07:15:00,2024-08-14 10:12:00,177.0,Security,Severely Delayed,259,3314,325,113,326.0,36838,34.76923076923077,Summer
FL04520,2024-01-01,AL004,AC002,AP028,AP004,2024-01-01 07:45:00,2024-01-01 09:36:00,111.0,Late Aircraft,Delayed,185,2570,300,204,72.0,14688,68.0,Winter
FL04521,2024-07-10,AL007,AC039,AP027,AP022,2024-07-10 15:30:00,2024-07-10 16:59:00,89.0,Crew,Delayed,608,1156,300,238,623.0,148274,79.33333333333333,Summer
FL04522,2024-03-10,AL002,AC031,AP002,AP015,2024-03-10 10:15:00,2024-03-10 10:18:00,3.0,Security,Delayed,293,2702,300,247,605.0,149435,82.33333333333334,Spring
FL04523,2024-12-23,AL004,AC014,AP023,AP003,2024-12-23 18:45:00,2024-12-23 19:00:00,15.0,Late Aircraft,Delayed,336,2944,325,296,305.0,90280,91.07692307692308,Winter
FL04524,2024-08-08,AL005,AC037,AP014,AP022,2024-08-08 19:30:00,2024-08-08 19:30:00,0.0,No Delay,On Time,399,8445,220,164,633.0,103812,74.54545454545455,Summer
FL04525,2024-09-27,AL009,AC009,AP018,AP002,2024-09-27 19:45:00,2024-09-27 19:59:00,14.0,Security,Cancelled,614,5471,296,0,245.0,0,0.0,Autumn
FL04526,2025-11-15,AL006,AC038,AP020,AP017,2025-11-15 16:15:00,2025-11-15 16:25:00,10.0,Crew,Delayed,671,7883,189,125,339.0,42375,66.13756613756614,Autumn
FL04527,2025-04-20,AL003,AC027,AP023,AP012,2025-04-20 12:15:00,2025-04-20 12:22:00,7.0,Technical,Delayed,646,3183,325,260,136.0,35360,80.0,Spring
FL04528,2023-05-27,AL008,AC023,AP019,AP014,2023-05-27 20:00:00,2023-05-27 22:17:00,137.0,Late Aircraft,Severely Delayed,412,5375,180,117,543.0,63531,65.0,Spring
FL04529,2023-08-15,AL002,AC025,AP027,AP019,2023-08-15 16:00:00,2023-08-15 16:10:00,10.0,Security,Delayed,221,3540,296,186,413.0,76818,62.83783783783784,Summer
FL04530,2025-12-29,AL007,AC039,AP021,AP010,2025-12-29 21:30:00,2025-12-29 23:12:00,102.0,Weather,Delayed,623,7938,300,232,567.0,131544,77.33333333333333,Winter
FL04531,2025-04-04,AL001,AC018,AP027,AP003,2025-04-04 14:15:00,2025-04-04 14:20:00,5.0,Air Traffic,Delayed,373,7709,189,187,495.0,92565,98.94179894179894,Spring
FL04532,2024-09-10,AL007,AC026,AP014,AP022,2024-09-10 05:00:00,2024-09-10 05:01:00,1.0,Technical,Delayed,592,7275,189,137,611.0,83707,72.4867724867725,Autumn
FL04533,2024-08-01,AL007,AC016,AP007,AP019,2024-08-01 10:00:00,2024-08-01 10:07:00,7.0,Air Traffic,Delayed,69,6106,189,145,369.0,53505,76.71957671957672,Summer
FL04534,2023-04-24,AL007,AC007,AP026,AP030,2023-04-24 08:00:00,2023-04-24 10:14:00,134.0,Crew,Severely Delayed,112,5774,300,251,111.0,27861,83.66666666666667,Spring
FL04535,2023-02-05,AL009,AC038,AP020,AP018,2023-02-05 16:30:00,2023-02-05 16:31:00,1.0,Security,Delayed,225,651,189,140,98.0,13720,74.07407407407408,Winter
FL04536,2024-01-14,AL007,AC012,AP005,AP025,2024-01-14 22:30:00,2024-01-14 22:44:00,14.0,Technical,Delayed,547,6232,189,168,186.0,31248,88.88888888888889,Winter
FL04537,2024-08-13,AL005,AC005,AP025,AP006,2024-08-13 07:30:00,2024-08-13 07:40:00,10.0,Technical,Delayed,548,4190,325,280,401.0,112280,86.15384615384616,Summer
FL04538,2024-09-13,AL008,AC031,AP013,AP002,2024-09-13 07:00:00,2024-09-13 07:10:00,10.0,Security,Delayed,477,4329,300,221,382.0,84422,73.66666666666667,Autumn
FL04539,2023-06-12,AL005,AC002,AP003,AP025,2023-06-12 11:15:00,2023-06-12 11:21:00,6.0,Late Aircraft,Delayed,560,6351,300,182,155.0,28210,60.66666666666667,Summer
FL04540,2023-11-15,AL004,AC002,AP022,AP006,2023-11-15 22:15:00,2023-11-16 00:08:00,113.0,Crew,Delayed,459,3364,300,270,170.0,45900,90.0,Autumn
FL04541,2024-05-04,AL006,AC008,AP001,AP010,2024-05-04 13:15:00,2024-05-04 14:22:00,67.0,Weather,Delayed,237,4959,300,175,599.0,104825,58.333333333333336,Spring
FL04542,2023-03-02,AL005,AC008,AP017,AP020,2023-03-02 11:30:00,2023-03-02 11:42:00,12.0,Late Aircraft,Delayed,579,2466,300,242,297.0,71874,80.66666666666666,Spring
FL04543,2025-01-05,AL008,AC034,AP010,AP022,2025-01-05 05:45:00,2025-01-05 05:46:00,1.0,Air Traffic,Delayed,553,4342,300,183,298.0,54534,61.0,Winter
FL04544,2023-09-20,AL009,AC030,AP030,AP006,2023-09-20 08:00:00,2023-09-20 08:01:00,1.0,Technical,Cancelled,443,6447,325,0,368.0,0,0.0,Autumn
FL04545,2024-01-19,AL003,AC034,AP015,AP026,2024-01-19 09:15:00,2024-01-19 09:51:00,36.0,Weather,Delayed,370,5560,300,171,607.0,103797,56.99999999999999,Winter
FL04546,2023-10-12,AL010,AC008,AP016,AP006,2023-10-12 05:45:00,2023-10-12 06:00:00,15.0,Weather,Delayed,164,1782,300,208,475.0,98800,69.33333333333334,Autumn
FL04547,2024-12-31,AL009,AC024,AP008,AP007,2024-12-31 05:30:00,2024-12-31 06:20:00,50.0,Crew,Delayed,285,8327,296,275,463.0,127325,92.9054054054054,Winter
FL04548,2025-11-07,AL002,AC007,AP007,AP005,2025-11-07 17:30:00,2025-11-07 18:00:00,30.0,Air Traffic,Delayed,263,2664,300,181,401.0,72581,60.333333333333336,Autumn
FL04549,2024-01-18,AL009,AC011,AP025,AP001,2024-01-18 18:15:00,2024-01-18 18:19:00,4.0,Technical,Delayed,228,3030,300,228,531.0,121068,76.0,Winter
FL04550,2024-01-16,AL004,AC018,AP030,AP014,2024-01-16 14:30:00,2024-01-16 14:37:00,7.0,Technical,Delayed,680,3355,189,154,204.0,31416,81.48148148148148,Winter
FL04551,2025-02-13,AL001,AC033,AP005,AP010,2025-02-13 09:30:00,2025-02-13 09:43:00,13.0,Security,Delayed,610,6968,220,155,482.0,74710,70.45454545454545,Winter
FL04552,2023-07-22,AL004,AC006,AP005,AP017,2023-07-22 14:15:00,2023-07-22 14:15:00,0.0,No Delay,On Time,454,6932,300,250,424.0,106000,83.33333333333334,Summer
FL04553,2024-07-28,AL002,AC019,AP005,AP006,2024-07-28 10:30:00,2024-07-28 10:37:00,7.0,Crew,Delayed,535,1292,296,229,351.0,80379,77.36486486486487,Summer
FL04554,2023-03-21,AL006,AC020,AP009,AP018,2023-03-21 18:30:00,2023-03-21 18:41:00,11.0,Security,Delayed,269,2960,396,335,418.0,140030,84.59595959595958,Spring
FL04555,2024-07-19,AL002,AC038,AP005,AP017,2024-07-19 08:30:00,2024-07-19 08:42:00,12.0,Technical,Delayed,627,6242,189,142,97.0,13774,75.13227513227513,Summer
FL04556,2024-01-14,AL007,AC034,AP004,AP009,2024-01-14 19:15:00,2024-01-14 19:25:00,10.0,Technical,Delayed,261,4912,300,250,246.0,61500,83.33333333333334,Winter
FL04557,2025-02-10,AL010,AC025,AP009,AP002,2025-02-10 17:30:00,2025-02-10 17:30:00,0.0,No Delay,On Time,316,2012,296,245,207.0,50715,82.77027027027027,Winter
FL04558,2024-04-13,AL001,AC026,AP029,AP007,2024-04-13 09:00:00,2024-04-13 09:04:00,4.0,Technical,Delayed,693,2351,189,122,585.0,71370,64.55026455026454,Spring
FL04559,2024-12-30,AL008,AC019,AP008,AP002,2024-12-30 22:30:00,2024-12-30 22:40:00,10.0,Security,Delayed,592,1525,296,255,406.0,103530,86.14864864864865,Winter
FL04560,2025-10-05,AL001,AC009,AP009,AP015,2025-10-05 17:45:00,2025-10-05 18:36:00,51.0,Security,Delayed,499,7838,296,293,140.0,41020,98.98648648648648,Autumn
FL04561,2023-08-30,AL001,AC031,AP027,AP028,2023-08-30 13:30:00,2023-08-30 13:32:00,2.0,Security,Delayed,300,4820,300,270,383.0,103410,90.0,Summer
FL04562,2024-04-28,AL008,AC036,AP011,AP003,2024-04-28 19:15:00,2024-04-28 19:15:00,0.0,No Delay,On Time,120,2138,180,150,635.0,95250,83.33333333333334,Spring
FL04563,2025-10-29,AL005,AC036,AP025,AP014,2025-10-29 22:30:00,2025-10-29 22:40:00,10.0,Security,Delayed,450,7841,180,171,516.0,88236,95.0,Autumn
FL04564,2025-12-22,AL010,AC022,AP002,AP008,2025-12-22 05:30:00,2025-12-22 05:30:00,0.0,No Delay,Cancelled,620,3578,300,0,270.0,0,0.0,Winter
FL04565,2025-03-04,AL007,AC019,AP022,AP007,2025-03-04 09:00:00,2025-03-04 09:08:00,8.0,Crew,Delayed,190,574,296,267,526.0,140442,90.2027027027027,Spring
FL04566,2024-12-14,AL008,AC007,AP025,AP012,2024-12-14 17:45:00,2024-12-14 17:59:00,14.0,Air Traffic,Delayed,321,6050,300,213,143.0,30459,71.0,Winter
FL04567,2024-06-19,AL009,AC004,AP023,AP026,2024-06-19 11:45:00,2024-06-19 11:46:00,1.0,Security,Delayed,71,4711,180,74,364.0,26936,41.11111111111111,Summer
FL04568,2023-09-13,AL007,AC026,AP001,AP009,2023-09-13 17:30:00,2023-09-13 17:33:00,3.0,Air Traffic,Delayed,446,5076,189,165,596.0,98340,87.3015873015873,Autumn
FL04569,2024-03-30,AL008,AC036,AP010,AP028,2024-03-30 20:00:00,2024-03-30 20:15:00,15.0,Late Aircraft,Delayed,331,6401,180,160,230.0,36800,88.88888888888889,Spring
FL04570,2025-01-05,AL009,AC029,AP015,AP020,2025-01-05 05:00:00,2025-01-05 05:06:00,6.0,Late Aircraft,Delayed,629,329,220,203,397.0,80591,92.27272727272728,Winter
FL04571,2023-06-27,AL004,AC039,AP003,AP017,2023-06-27 07:30:00,2023-06-27 09:31:00,121.0,Technical,Severely Delayed,595,1486,300,292,316.0,92272,97.33333333333334,Summer
FL04572,2024-08-17,AL010,AC040,AP013,AP014,2024-08-17 11:30:00,2024-08-17 13:21:00,111.0,Security,Delayed,453,7620,220,159,273.0,43407,72.27272727272728,Summer
FL04573,2023-01-16,AL008,AC034,AP024,AP014,2023-01-16 05:00:00,2023-01-16 05:09:00,9.0,Late Aircraft,Delayed,686,4194,300,249,363.0,90387,83.0,Winter
FL04574,2023-07-04,AL002,AC034,AP014,AP018,2023-07-04 18:00:00,2023-07-04 18:08:00,8.0,Technical,Delayed,268,3784,300,284,272.0,77248,94.66666666666669,Summer
FL04575,2024-06-20,AL004,AC023,AP029,AP016,2024-06-20 15:45:00,2024-06-20 15:52:00,7.0,Crew,Delayed,463,3946,180,147,363.0,53361,81.66666666666667,Summer
FL04576,2024-01-07,AL008,AC027,AP026,AP030,2024-01-07 09:45:00,2024-01-07 12:36:00,171.0,Security,Severely Delayed,372,4126,325,282,604.0,170328,86.76923076923076,Winter
FL04577,2025-12-30,AL003,AC020,AP008,AP007,2025-12-30 11:45:00,2025-12-30 11:56:00,11.0,Weather,Delayed,349,6342,396,301,645.0,194145,76.01010101010101,Winter
FL04578,2024-03-06,AL008,AC008,AP019,AP010,2024-03-06 13:30:00,2024-03-06 13:31:00,1.0,Air Traffic,Delayed,182,4226,300,230,164.0,37720,76.66666666666667,Spring
FL04579,2024-05-27,AL007,AC011,AP020,AP010,2024-05-27 13:30:00,2024-05-27 15:52:00,142.0,Late Aircraft,Severely Delayed,718,4901,300,210,234.0,49140,70.0,Spring
FL04580,2025-08-02,AL008,AC016,AP001,AP012,2025-08-02 15:00:00,2025-08-02 15:12:00,12.0,Late Aircraft,Delayed,207,3168,189,133,202.0,26866,70.37037037037037,Summer
FL04581,2025-05-11,AL010,AC017,AP027,AP014,2025-05-11 07:15:00,2025-05-11 07:15:00,0.0,No Delay,On Time,599,2677,296,225,479.0,107775,76.01351351351352,Spring
FL04582,2024-06-01,AL005,AC038,AP005,AP026,2024-06-01 14:00:00,2024-06-01 14:07:00,7.0,Security,Delayed,157,3308,189,160,581.0,92960,84.65608465608466,Summer
FL04583,2025-05-11,AL007,AC013,AP027,AP028,2025-05-11 09:45:00,2025-05-11 09:47:00,2.0,Technical,Delayed,438,5555,325,230,580.0,133400,70.76923076923077,Spring
FL04584,2023-11-12,AL008,AC019,AP028,AP007,2023-11-12 21:00:00,2023-11-12 21:07:00,7.0,Security,Delayed,463,1661,296,257,621.0,159597,86.82432432432432,Autumn
FL04585,2025-07-04,AL010,AC007,AP004,AP023,2025-07-04 21:00:00,2025-07-04 21:25:00,25.0,Crew,Delayed,137,470,300,214,276.0,59064,71.33333333333334,Summer
FL04586,2023-03-03,AL002,AC029,AP027,AP024,2023-03-03 15:15:00,2023-03-03 15:21:00,6.0,Weather,Delayed,52,6372,220,124,572.0,70928,56.36363636363636,Spring
FL04587,2023-04-26,AL002,AC031,AP014,AP019,2023-04-26 22:00:00,2023-04-26 22:06:00,6.0,Crew,Delayed,347,1890,300,255,600.0,153000,85.0,Spring
FL04588,2023-04-19,AL005,AC024,AP004,AP021,2023-04-19 16:45:00,2023-04-19 16:51:00,6.0,Weather,Delayed,471,5683,296,231,244.0,56364,78.04054054054053,Spring
FL04589,2024-05-18,AL010,AC001,AP026,AP021,2024-05-18 15:15:00,2024-05-18 16:36:00,81.0,Security,Delayed,202,3282,325,209,521.0,108889,64.3076923076923,Spring
FL04590,2023-03-13,AL007,AC025,AP005,AP019,2023-03-13 10:45:00,2023-03-13 10:55:00,10.0,Weather,Delayed,359,482,296,255,603.0,153765,86.14864864864865,Spring
FL04591,2025-10-11,AL006,AC013,AP014,AP012,2025-10-11 13:15:00,2025-10-11 15:28:00,133.0,Crew,Severely Delayed,659,6499,325,210,316.0,66360,64.61538461538461,Autumn
FL04592,2025-05-02,AL010,AC034,AP016,AP014,2025-05-02 21:30:00,2025-05-02 21:42:00,12.0,Crew,Delayed,417,7583,300,196,248.0,48608,65.33333333333333,Spring
FL04593,2025-08-05,AL007,AC021,AP023,AP011,2025-08-05 19:15:00,2025-08-05 19:17:00,2.0,Security,Delayed,190,7941,325,221,591.0,130611,68.0,Summer
FL04594,2024-06-10,AL010,AC032,AP002,AP009,2024-06-10 18:15:00,2024-06-10 18:19:00,4.0,Air Traffic,Delayed,607,3835,396,278,497.0,138166,70.2020202020202,Summer
FL04595,2023-11-26,AL010,AC039,AP026,AP018,2023-11-26 11:15:00,2023-11-26 11:18:00,3.0,Weather,Delayed,396,1669,300,237,157.0,37209,79.0,Autumn
FL04596,2023-06-15,AL010,AC018,AP004,AP028,2023-06-15 16:00:00,2023-06-15 16:49:00,49.0,Security,Delayed,609,4606,189,136,231.0,31416,71.95767195767195,Summer
FL04597,2023-12-03,AL003,AC012,AP004,AP021,2023-12-03 06:00:00,2023-12-03 06:12:00,12.0,Crew,Cancelled,224,5790,189,0,641.0,0,0.0,Winter
FL04598,2024-05-05,AL010,AC033,AP005,AP020,2024-05-05 20:00:00,2024-05-05 20:15:00,15.0,Crew,Delayed,322,3508,220,178,237.0,42186,80.9090909090909,Spring
FL04599,2024-01-31,AL002,AC036,AP029,AP017,2024-01-31 22:15:00,2024-01-31 22:17:00,2.0,Late Aircraft,Delayed,331,6071,180,133,634.0,84322,73.88888888888889,Winter
FL04600,2025-11-28,AL006,AC009,AP017,AP026,2025-11-28 11:15:00,2025-11-28 11:21:00,6.0,Weather,Delayed,291,722,296,229,412.0,94348,77.36486486486487,Autumn
FL04601,2025-08-20,AL004,AC008,AP019,AP022,2025-08-20 09:00:00,2025-08-20 11:50:00,170.0,Late Aircraft,Severely Delayed,658,626,300,219,296.0,64824,73.0,Summer
FL04602,2025-07-20,AL001,AC003,AP014,AP016,2025-07-20 19:30:00,2025-07-20 19:48:00,18.0,Security,Delayed,68,5282,396,317,309.0,97953,80.05050505050505,Summer
FL04603,2025-07-23,AL008,AC022,AP011,AP001,2025-07-23 19:15:00,2025-07-23 19:25:00,10.0,Crew,Cancelled,134,1045,300,0,445.0,0,0.0,Summer
FL04604,2024-08-09,AL003,AC001,AP021,AP002,2024-08-09 15:45:00,2024-08-09 18:33:00,168.0,Security,Severely Delayed,310,4221,325,289,619.0,178891,88.92307692307693,Summer
FL04605,2023-01-30,AL004,AC030,AP016,AP022,2023-01-30 20:00:00,2023-01-30 20:01:00,1.0,Weather,Delayed,574,865,325,237,99.0,23463,72.92307692307692,Winter
FL04606,2024-02-14,AL010,AC004,AP028,AP004,2024-02-14 22:00:00,2024-02-14 22:13:00,13.0,Late Aircraft,Cancelled,561,3936,180,0,414.0,0,0.0,Winter
FL04607,2025-01-25,AL003,AC034,AP009,AP014,2025-01-25 05:45:00,2025-01-25 06:00:00,15.0,Late Aircraft,Delayed,222,4973,300,160,506.0,80960,53.333333333333336,Winter
FL04608,2025-11-21,AL005,AC012,AP002,AP020,2025-11-21 14:15:00,2025-11-21 15:48:00,93.0,Late Aircraft,Delayed,86,5861,189,175,358.0,62650,92.5925925925926,Autumn
FL04609,2024-09-22,AL008,AC022,AP023,AP007,2024-09-22 17:30:00,2024-09-22 17:30:00,0.0,No Delay,On Time,543,3750,300,232,98.0,22736,77.33333333333333,Autumn
FL04610,2024-11-11,AL002,AC025,AP004,AP002,2024-11-11 13:15:00,2024-11-11 13:26:00,11.0,Weather,Delayed,629,1402,296,266,336.0,89376,89.86486486486487,Autumn
FL04611,2025-12-14,AL010,AC019,AP023,AP026,2025-12-14 15:30:00,2025-12-14 17:19:00,109.0,Weather,Delayed,639,4767,296,290,392.0,113680,97.97297297297295,Winter
FL04612,2024-05-23,AL002,AC014,AP001,AP029,2024-05-23 13:45:00,2024-05-23 14:26:00,41.0,Weather,Delayed,494,2443,325,226,417.0,94242,69.53846153846153,Spring
FL04613,2024-07-17,AL001,AC023,AP009,AP007,2024-07-17 11:45:00,2024-07-17 11:55:00,10.0,Technical,Delayed,118,6441,180,140,338.0,47320,77.77777777777779,Summer
FL04614,2025-06-28,AL009,AC016,AP025,AP006,2025-06-28 05:45:00,2025-06-28 05:50:00,5.0,Weather,Delayed,591,2560,189,151,395.0,59645,79.8941798941799,Summer
FL04615,2024-09-01,AL004,AC007,AP027,AP009,2024-09-01 22:15:00,2024-09-01 22:27:00,12.0,Crew,Delayed,409,557,300,270,480.0,129600,90.0,Autumn
FL04616,2023-04-21,AL010,AC037,AP028,AP001,2023-04-21 13:45:00,2023-04-21 13:59:00,14.0,Crew,Delayed,252,3568,220,178,163.0,29014,80.9090909090909,Spring
FL04617,2024-02-26,AL009,AC013,AP004,AP025,2024-02-26 05:45:00,2024-02-26 05:47:00,2.0,Weather,Delayed,421,4472,325,190,178.0,33820,58.46153846153847,Winter
FL04618,2023-06-10,AL002,AC024,AP005,AP004,2023-06-10 13:00:00,2023-06-10 13:07:00,7.0,Late Aircraft,Delayed,519,372,296,234,323.0,75582,79.05405405405406,Summer
FL04619,2025-02-16,AL009,AC018,AP002,AP021,2025-02-16 17:45:00,2025-02-16 17:56:00,11.0,Security,Delayed,109,5372,189,165,322.0,53130,87.3015873015873,Winter
FL04620,2023-12-13,AL010,AC014,AP027,AP018,2023-12-13 21:00:00,2023-12-13 21:09:00,9.0,Crew,Delayed,414,4261,325,264,592.0,156288,81.23076923076923,Winter
FL04621,2024-09-28,AL008,AC021,AP011,AP022,2024-09-28 12:45:00,2024-09-28 12:55:00,10.0,Security,Delayed,480,1309,325,298,538.0,160324,91.6923076923077,Autumn
FL04622,2025-11-06,AL008,AC016,AP010,AP027,2025-11-06 12:00:00,2025-11-06 12:11:00,11.0,Crew,Delayed,617,1650,189,81,270.0,21870,42.85714285714285,Autumn
FL04623,2023-12-20,AL006,AC016,AP019,AP008,2023-12-20 11:00:00,2023-12-20 11:06:00,6.0,Security,Delayed,436,2680,189,137,318.0,43566,72.4867724867725,Winter
FL04624,2025-05-19,AL003,AC014,AP004,AP030,2025-05-19 14:00:00,2025-05-19 14:07:00,7.0,Security,Delayed,391,4854,325,219,138.0,30222,67.38461538461539,Spring
FL04625,2025-04-10,AL002,AC027,AP005,AP002,2025-04-10 06:15:00,2025-04-10 06:26:00,11.0,Technical,Delayed,612,5082,325,256,362.0,107520,78.76923076923077,Spring
FL04626,2025-02-28,AL006,AC028,AP003,AP014,2025-02-28 18:00:00,2025-02-28 18:00:00,0.0,No Delay,On Time,51,4253,296,203,345.0,70035,68.58108108108108,Winter
FL04627,2024-04-14,AL005,AC006,AP001,AP003,2024-04-14 08:15:00,2024-04-14 08:21:00,6.0,Technical,Delayed,144,2433,300,173,184.0,31832,57.66666666666666,Spring
FL04628,2023-07-26,AL002,AC026,AP001,AP008,2023-07-26 06:30:00,2023-07-26 06:41:00,11.0,Air Traffic,Delayed,402,5935,189,114,631.0,71934,60.31746031746032,Summer
FL04629,2025-12-18,AL001,AC028,AP027,AP002,2025-12-18 15:15:00,2025-12-18 15:22:00,7.0,Weather,Delayed,186,2048,296,247,598.0,147706,83.44594594594594,Winter
FL04630,2024-07-08,AL008,AC034,AP002,AP018,2024-07-08 13:30:00,2024-07-08 13:39:00,9.0,Late Aircraft,Delayed,212,5691,300,242,472.0,114224,80.66666666666666,Summer
FL04631,2023-03-03,AL005,AC008,AP027,AP028,2023-03-03 12:15:00,2023-03-03 12:25:00,10.0,Crew,Delayed,98,8231,300,195,157.0,30615,65.0,Spring
FL04632,2024-08-24,AL002,AC031,AP019,AP009,2024-08-24 18:15:00,2024-08-24 18:26:00,11.0,Late Aircraft,Delayed,194,1835,300,233,300.0,69900,77.66666666666666,Summer
FL04633,2023-08-24,AL006,AC037,AP026,AP024,2023-08-24 10:15:00,2023-08-24 10:42:00,27.0,Security,Delayed,113,2226,220,128,530.0,67840,58.18181818181818,Summer
FL04634,2024-09-07,AL006,AC007,AP012,AP002,2024-09-07 20:45:00,2024-09-07 20:59:00,14.0,Technical,Delayed,634,1044,300,269,593.0,159517,89.66666666666666,Autumn
FL04635,2023-12-06,AL002,AC007,AP024,AP010,2023-12-06 06:45:00,2023-12-06 06:53:00,8.0,Security,Delayed,593,2540,300,200,229.0,45800,66.66666666666666,Winter
FL04636,2025-05-25,AL007,AC036,AP021,AP022,2025-05-25 05:45:00,2025-05-25 05:56:00,11.0,Technical,Delayed,662,4352,180,139,458.0,63662,77.22222222222223,Spring
FL04637,2025-11-09,AL009,AC024,AP015,AP024,2025-11-09 15:30:00,2025-11-09 18:19:00,169.0,Crew,Severely Delayed,384,396,296,214,151.0,32314,72.2972972972973,Autumn
FL04638,2023-04-22,AL005,AC027,AP028,AP009,2023-04-22 14:15:00,2023-04-22 14:15:00,0.0,No Delay,On Time,476,3265,325,248,439.0,108872,76.3076923076923,Spring
FL04639,2024-06-14,AL002,AC017,AP016,AP010,2024-06-14 09:15:00,2024-06-14 09:24:00,9.0,Air Traffic,Delayed,608,1075,296,225,249.0,56025,76.01351351351352,Summer
FL04640,2024-03-13,AL005,AC026,AP023,AP029,2024-03-13 09:00:00,2024-03-13 09:06:00,6.0,Weather,Delayed,694,309,189,174,98.0,17052,92.06349206349206,Spring
FL04641,2023-08-14,AL008,AC033,AP023,AP008,2023-08-14 07:15:00,2023-08-14 07:23:00,8.0,Security,Delayed,519,6044,220,155,103.0,15965,70.45454545454545,Summer
FL04642,2023-05-11,AL001,AC033,AP021,AP022,2023-05-11 18:15:00,2023-05-11 18:17:00,2.0,Security,Delayed,239,469,220,159,642.0,102078,72.27272727272728,Spring
FL04643,2024-07-13,AL005,AC036,AP027,AP006,2024-07-13 05:00:00,2024-07-13 05:50:00,50.0,Crew,Delayed,456,3905,180,107,205.0,21935,59.44444444444444,Summer
FL04644,2024-01-19,AL009,AC013,AP012,AP018,2024-01-19 12:45:00,2024-01-19 12:48:00,3.0,Late Aircraft,Delayed,149,6592,325,253,371.0,93863,77.84615384615384,Winter
FL04645,2023-12-04,AL003,AC009,AP012,AP013,2023-12-04 13:30:00,2023-12-04 13:44:00,14.0,Air Traffic,Delayed,414,5403,296,243,331.0,80433,82.0945945945946,Winter
FL04646,2023-05-19,AL002,AC039,AP022,AP013,2023-05-19 09:30:00,2023-05-19 09:40:00,10.0,Air Traffic,Delayed,190,2480,300,153,348.0,53244,51.0,Spring
FL04647,2024-09-18,AL001,AC027,AP007,AP022,2024-09-18 16:15:00,2024-09-18 16:21:00,6.0,Technical,Delayed,497,2604,325,211,498.0,105078,64.92307692307693,Autumn
FL04648,2024-09-18,AL006,AC019,AP005,AP018,2024-09-18 11:00:00,2024-09-18 11:03:00,3.0,Security,Delayed,674,6187,296,241,395.0,95195,81.41891891891892,Autumn
FL04649,2025-09-02,AL009,AC038,AP008,AP019,2025-09-02 06:30:00,2025-09-02 06:36:00,6.0,Crew,Delayed,173,2399,189,129,296.0,38184,68.25396825396825,Autumn
FL04650,2024-03-12,AL010,AC003,AP001,AP006,2024-03-12 22:30:00,2024-03-12 22:44:00,14.0,Security,Delayed,683,4495,396,279,389.0,108531,70.45454545454545,Spring
FL04651,2024-12-01,AL005,AC010,AP018,AP028,2024-12-01 13:45:00,2024-12-01 13:45:00,0.0,No Delay,Cancelled,578,5936,396,0,265.0,0,0.0,Winter
FL04652,2023-05-15,AL009,AC002,AP018,AP006,2023-05-15 18:45:00,2023-05-15 18:54:00,9.0,Security,Delayed,673,7298,300,223,534.0,119082,74.33333333333333,Spring
FL04653,2024-03-06,AL007,AC023,AP022,AP020,2024-03-06 16:30:00,2024-03-06 18:46:00,136.0,Weather,Severely Delayed,697,4833,180,108,367.0,39636,60.0,Spring
FL04654,2024-10-30,AL007,AC002,AP010,AP012,2024-10-30 06:30:00,2024-10-30 07:20:00,50.0,Crew,Delayed,238,3096,300,209,507.0,105963,69.66666666666667,Autumn
FL04655,2025-06-15,AL008,AC021,AP028,AP009,2025-06-15 16:00:00,2025-06-15 16:09:00,9.0,Late Aircraft,Delayed,552,4442,325,282,367.0,103494,86.76923076923076,Summer
FL04656,2024-11-01,AL003,AC025,AP018,AP028,2024-11-01 18:30:00,2024-11-01 18:30:00,0.0,No Delay,On Time,264,6070,296,261,614.0,160254,88.17567567567568,Autumn
FL04657,2025-03-05,AL002,AC037,AP013,AP003,2025-03-05 19:30:00,2025-03-05 19:43:00,13.0,Air Traffic,Delayed,202,5363,220,110,147.0,16170,50.0,Spring
FL04658,2023-11-10,AL008,AC016,AP030,AP014,2023-11-10 14:15:00,2023-11-10 14:22:00,7.0,Security,Delayed,719,6847,189,145,542.0,78590,76.71957671957672,Autumn
FL04659,2025-02-03,AL005,AC009,AP022,AP010,2025-02-03 20:45:00,2025-02-03 22:51:00,126.0,Late Aircraft,Severely Delayed,409,6635,296,288,238.0,68544,97.2972972972973,Winter
FL04660,2024-08-29,AL004,AC016,AP022,AP004,2024-08-29 10:00:00,2024-08-29 10:02:00,2.0,Weather,Delayed,685,5347,189,118,321.0,37878,62.43386243386243,Summer
FL04661,2023-11-12,AL002,AC008,AP003,AP024,2023-11-12 15:15:00,2023-11-12 15:29:00,14.0,Weather,Delayed,632,2915,300,272,311.0,84592,90.66666666666666,Autumn
FL04662,2023-05-26,AL005,AC032,AP016,AP009,2023-05-26 20:45:00,2023-05-26 20:46:00,1.0,Unknown,Delayed,50,6117,396,266,217.0,57722,67.17171717171718,Spring
FL04663,2023-04-27,AL001,AC038,AP009,AP021,2023-04-27 11:45:00,2023-04-27 12:12:00,27.0,Security,Delayed,493,5272,189,139,540.0,75060,73.54497354497354,Spring
FL04664,2025-07-01,AL008,AC017,AP014,AP026,2025-07-01 06:15:00,2025-07-01 06:20:00,5.0,Late Aircraft,Delayed,572,6289,296,268,646.0,173128,90.54054054054052,Summer
FL04665,2024-07-16,AL001,AC020,AP005,AP020,2024-07-16 12:45:00,2024-07-16 14:12:00,87.0,Air Traffic,Delayed,299,1575,396,352,106.0,37312,88.88888888888889,Summer
FL04666,2025-11-07,AL005,AC011,AP018,AP013,2025-11-07 19:15:00,2025-11-07 19:20:00,5.0,Crew,Delayed,563,4468,300,212,305.0,64660,70.66666666666667,Autumn
FL04667,2024-05-26,AL005,AC020,AP008,AP003,2024-05-26 14:45:00,2024-05-26 16:01:00,76.0,Technical,Delayed,644,1928,396,272,541.0,147152,68.68686868686868,Spring
FL04668,2025-03-26,AL001,AC005,AP020,AP022,2025-03-26 16:45:00,2025-03-26 17:32:00,47.0,Air Traffic,Delayed,215,5865,325,208,507.0,105456,64.0,Spring
FL04669,2025-12-09,AL009,AC019,AP015,AP021,2025-12-09 08:30:00,2025-12-09 08:33:00,3.0,Late Aircraft,Delayed,714,7762,296,171,396.0,67716,57.770270270270274,Winter
FL04670,2025-01-02,AL002,AC038,AP011,AP004,2025-01-02 05:00:00,2025-01-02 05:08:00,8.0,Air Traffic,Delayed,190,817,189,112,393.0,44016,59.25925925925925,Winter
FL04671,2025-04-04,AL009,AC008,AP007,AP004,2025-04-04 12:30:00,2025-04-04 14:46:00,136.0,Air Traffic,Severely Delayed,221,1725,300,254,325.0,82550,84.66666666666667,Spring
FL04672,2025-09-20,AL003,AC015,AP027,AP010,2025-09-20 20:30:00,2025-09-20 23:10:00,160.0,Technical,Severely Delayed,370,7926,396,377,216.0,81432,95.2020202020202,Autumn
FL04673,2024-03-24,AL006,AC040,AP015,AP001,2024-03-24 19:30:00,2024-03-24 19:50:00,20.0,Late Aircraft,Delayed,201,4987,220,156,351.0,54756,70.9090909090909,Spring
FL04674,2024-09-11,AL003,AC003,AP004,AP005,2024-09-11 16:15:00,2024-09-11 16:17:00,2.0,Late Aircraft,Delayed,129,4693,396,309,326.0,100734,78.03030303030303,Autumn
FL04675,2025-04-26,AL004,AC001,AP001,AP024,2025-04-26 13:30:00,2025-04-26 13:34:00,4.0,Late Aircraft,Delayed,383,5192,325,265,458.0,121370,81.53846153846153,Spring
FL04676,2023-10-29,AL008,AC020,AP011,AP026,2023-10-29 19:15:00,2023-10-29 19:27:00,12.0,Air Traffic,Delayed,464,7571,396,343,490.0,168070,86.61616161616162,Autumn
FL04677,2024-09-13,AL003,AC004,AP023,AP007,2024-09-13 11:30:00,2024-09-13 13:00:00,90.0,Late Aircraft,Delayed,238,4638,180,110,505.0,55550,61.11111111111112,Autumn
FL04678,2024-05-24,AL008,AC029,AP016,AP023,2024-05-24 05:30:00,2024-05-24 07:42:00,132.0,Weather,Severely Delayed,253,3265,220,138,572.0,78936,62.727272727272734,Spring
FL04679,2025-04-17,AL003,AC040,AP001,AP029,2025-04-17 11:30:00,2025-04-17 11:40:00,10.0,Technical,Delayed,143,8025,220,158,497.0,78526,71.81818181818181,Spring
FL04680,2023-08-14,AL007,AC013,AP020,AP025,2023-08-14 15:15:00,2023-08-14 15:24:00,9.0,Crew,Delayed,659,5019,325,300,135.0,40500,92.3076923076923,Summer
FL04681,2024-12-18,AL001,AC033,AP025,AP022,2024-12-18 05:45:00,2024-12-18 05:57:00,12.0,Crew,Delayed,350,387,220,155,334.0,51770,70.45454545454545,Winter
FL04682,2025-04-17,AL010,AC004,AP023,AP001,2025-04-17 15:00:00,2025-04-17 15:00:00,0.0,No Delay,On Time,377,6148,180,141,123.0,17343,78.33333333333333,Spring
FL04683,2025-02-01,AL005,AC017,AP018,AP003,2025-02-01 06:00:00,2025-02-01 06:23:00,23.0,Security,Delayed,517,1480,296,244,149.0,36356,82.43243243243244,Winter
FL04684,2024-02-22,AL010,AC037,AP029,AP014,2024-02-22 05:30:00,2024-02-22 05:30:00,0.0,No Delay,On Time,618,6237,220,182,516.0,93912,82.72727272727273,Winter
FL04685,2024-04-05,AL008,AC034,AP027,AP012,2024-04-05 21:00:00,2024-04-05 21:14:00,14.0,Late Aircraft,Delayed,551,4111,300,191,642.0,122622,63.66666666666667,Spring
FL04686,2025-08-31,AL007,AC016,AP004,AP002,2025-08-31 16:00:00,2025-08-31 16:13:00,13.0,Air Traffic,Delayed,345,4186,189,178,397.0,70666,94.17989417989418,Summer
FL04687,2024-08-20,AL007,AC010,AP025,AP011,2024-08-20 13:15:00,2024-08-20 13:20:00,5.0,Late Aircraft,Delayed,686,7975,396,293,428.0,125404,73.98989898989899,Summer
FL04688,2023-04-01,AL007,AC037,AP013,AP022,2023-04-01 18:30:00,2023-04-01 18:36:00,6.0,Security,Cancelled,707,4690,220,0,510.0,0,0.0,Spring
FL04689,2025-04-02,AL010,AC022,AP020,AP030,2025-04-02 19:15:00,2025-04-02 21:49:00,154.0,Air Traffic,Severely Delayed,352,8030,300,225,519.0,116775,75.0,Spring
FL04690,2024-09-14,AL005,AC028,AP009,AP030,2024-09-14 17:30:00,2024-09-14 17:43:00,13.0,Weather,Delayed,471,5904,296,198,459.0,90882,66.8918918918919,Autumn
FL04691,2023-06-14,AL002,AC028,AP008,AP014,2023-06-14 08:45:00,2023-06-14 08:45:00,0.0,No Delay,On Time,153,8236,296,190,623.0,118370,64.1891891891892,Summer
FL04692,2024-05-13,AL006,AC002,AP006,AP007,2024-05-13 15:30:00,2024-05-13 15:45:00,15.0,Technical,Delayed,128,3612,300,258,344.0,88752,86.0,Spring
FL04693,2023-08-01,AL010,AC027,AP029,AP014,2023-08-01 17:00:00,2023-08-01 17:02:00,2.0,Security,Delayed,318,5450,325,151,362.0,72027,46.46153846153846,Summer
FL04694,2023-03-21,AL002,AC040,AP029,AP016,2023-03-21 19:15:00,2023-03-21 19:23:00,8.0,Technical,Delayed,604,6829,220,126,231.0,29106,57.27272727272727,Spring
FL04695,2025-06-15,AL004,AC028,AP023,AP015,2025-06-15 12:45:00,2025-06-15 12:46:00,1.0,Technical,Delayed,181,6816,296,222,622.0,138084,75.0,Summer
FL04696,2023-06-13,AL006,AC023,AP020,AP014,2023-06-13 13:15:00,2023-06-13 13:26:00,11.0,Technical,Delayed,388,2916,180,62,185.0,11470,34.44444444444444,Summer
FL04697,2023-01-28,AL003,AC016,AP029,AP006,2023-01-28 09:45:00,2023-01-28 09:48:00,3.0,Technical,Delayed,496,8050,189,119,452.0,53788,62.96296296296296,Winter
FL04698,2024-08-14,AL004,AC029,AP017,AP020,2024-08-14 10:00:00,2024-08-14 10:05:00,5.0,Air Traffic,Delayed,269,4498,220,147,116.0,17052,66.81818181818183,Summer
FL04699,2024-07-01,AL008,AC002,AP026,AP007,2024-07-01 10:45:00,2024-07-01 10:49:00,4.0,Late Aircraft,Delayed,636,1633,300,247,634.0,156598,82.33333333333334,Summer
FL04700,2023-05-22,AL002,AC032,AP012,AP020,2023-05-22 09:45:00,2023-05-22 12:03:00,138.0,Technical,Severely Delayed,91,7896,396,342,321.0,109782,86.36363636363636,Spring
FL04701,2024-08-20,AL006,AC026,AP012,AP027,2024-08-20 22:30:00,2024-08-20 22:36:00,6.0,Crew,Delayed,691,1944,189,116,523.0,60668,61.37566137566137,Summer
FL04702,2024-04-08,AL009,AC002,AP026,AP022,2024-04-08 12:30:00,2024-04-08 12:32:00,2.0,Crew,Delayed,334,2724,300,171,602.0,102942,56.99999999999999,Spring
FL04703,2025-06-27,AL003,AC016,AP003,AP009,2025-06-27 10:30:00,2025-06-27 10:33:00,3.0,Unknown,Delayed,714,4468,189,146,362.0,18396,77.24867724867724,Summer
FL04704,2025-12-23,AL005,AC018,AP024,AP028,2025-12-23 21:00:00,2025-12-23 21:13:00,13.0,Crew,Delayed,531,2840,189,183,75.0,13725,96.82539682539682,Winter
FL04705,2024-12-06,AL010,AC006,AP027,AP004,2024-12-06 14:45:00,2024-12-06 14:52:00,7.0,Weather,Delayed,335,1253,300,289,265.0,76585,96.33333333333334,Winter
FL04706,2025-04-18,AL009,AC026,AP012,AP021,2025-04-18 13:45:00,2025-04-18 13:52:00,7.0,Weather,Delayed,636,4829,189,106,288.0,30528,56.08465608465608,Spring
FL04707,2025-01-13,AL006,AC029,AP014,AP026,2025-01-13 12:00:00,2025-01-13 12:15:00,15.0,Weather,Delayed,97,1592,220,203,158.0,32074,92.27272727272728,Winter
FL04708,2025-06-07,AL009,AC034,AP028,AP011,2025-06-07 05:00:00,2025-06-07 05:15:00,15.0,Security,Delayed,636,567,300,209,421.0,87989,69.66666666666667,Summer
FL04709,2023-09-13,AL006,AC040,AP011,AP001,2023-09-13 21:30:00,2023-09-13 21:39:00,9.0,Air Traffic,Delayed,214,4287,220,174,538.0,93612,79.0909090909091,Autumn
FL04710,2023-11-21,AL003,AC006,AP020,AP008,2023-11-21 06:00:00,2023-11-21 06:06:00,6.0,Technical,Delayed,177,6906,300,235,507.0,119145,78.33333333333333,Autumn
FL04711,2024-08-27,AL008,AC024,AP024,AP009,2024-08-27 06:30:00,2024-08-27 06:38:00,8.0,Technical,Delayed,97,2250,296,271,581.0,157451,91.55405405405406,Summer
FL04712,2023-03-24,AL002,AC006,AP009,AP010,2023-03-24 20:30:00,2023-03-24 20:44:00,14.0,Late Aircraft,Delayed,360,4386,300,164,106.0,17384,54.66666666666666,Spring
FL04713,2024-12-07,AL007,AC031,AP025,AP001,2024-12-07 16:30:00,2024-12-07 16:31:00,1.0,Weather,Delayed,613,1122,300,222,227.0,50394,74.0,Winter
FL04714,2023-07-19,AL006,AC008,AP006,AP008,2023-07-19 11:30:00,2023-07-19 11:39:00,9.0,Unknown,Delayed,425,1287,300,240,300.0,72000,80.0,Summer
FL04715,2023-04-11,AL001,AC027,AP026,AP024,2023-04-11 16:30:00,2023-04-11 16:44:00,14.0,Late Aircraft,Delayed,468,8427,325,223,478.0,106594,68.61538461538461,Spring
FL04716,2025-03-01,AL009,AC026,AP003,AP025,2025-03-01 20:15:00,2025-03-01 23:03:00,168.0,Technical,Severely Delayed,340,7077,189,175,132.0,23100,92.5925925925926,Spring
FL04717,2023-08-25,AL005,AC022,AP029,AP002,2023-08-25 21:00:00,2023-08-25 21:05:00,5.0,Crew,Delayed,695,4001,300,195,250.0,48750,65.0,Summer
FL04718,2023-04-06,AL009,AC030,AP020,AP027,2023-04-06 06:15:00,2023-04-06 06:15:00,0.0,No Delay,On Time,129,5903,325,296,327.0,96792,91.07692307692308,Spring
FL04719,2024-03-11,AL010,AC032,AP006,AP001,2024-03-11 18:30:00,2024-03-11 18:42:00,12.0,Air Traffic,Delayed,85,4333,396,272,425.0,115600,68.68686868686868,Spring
FL04720,2023-02-02,AL003,AC004,AP026,AP010,2023-02-02 14:45:00,2023-02-02 15:42:00,57.0,Late Aircraft,Delayed,381,6959,180,125,469.0,58625,69.44444444444444,Winter
FL04721,2024-04-22,AL004,AC024,AP028,AP019,2024-04-22 13:00:00,2024-04-22 14:18:00,78.0,Security,Delayed,308,6519,296,280,160.0,44800,94.5945945945946,Spring
FL04722,2023-05-13,AL002,AC001,AP010,AP001,2023-05-13 18:15:00,2023-05-13 18:30:00,15.0,Security,Cancelled,442,5803,325,0,646.0,0,0.0,Spring
FL04723,2024-09-16,AL010,AC027,AP027,AP007,2024-09-16 11:30:00,2024-09-16 11:37:00,7.0,Weather,Delayed,530,2480,325,295,231.0,68145,90.76923076923076,Autumn
FL04724,2024-07-14,AL005,AC026,AP015,AP024,2024-07-14 06:30:00,2024-07-14 06:42:00,12.0,Crew,Delayed,194,6686,189,152,610.0,92720,80.42328042328042,Summer
FL04725,2025-12-07,AL006,AC026,AP010,AP001,2025-12-07 18:45:00,2025-12-07 19:42:00,57.0,Crew,Delayed,608,8492,189,153,271.0,41463,80.95238095238095,Winter
FL04726,2023-10-28,AL009,AC034,AP025,AP005,2023-10-28 08:15:00,2023-10-28 08:16:00,1.0,Technical,Delayed,592,3573,300,189,649.0,122661,63.0,Autumn
FL04727,2023-02-17,AL008,AC024,AP011,AP015,2023-02-17 09:30:00,2023-02-17 09:40:00,10.0,Air Traffic,Delayed,291,4761,296,209,470.0,98230,70.6081081081081,Winter
FL04728,2025-02-18,AL010,AC022,AP028,AP030,2025-02-18 18:00:00,2025-02-18 18:10:00,10.0,Technical,Delayed,216,4801,300,233,300.0,69900,77.66666666666666,Winter
FL04729,2024-04-23,AL001,AC014,AP021,AP004,2024-04-23 14:15:00,2024-04-23 14:25:00,10.0,Crew,Delayed,505,7113,325,256,255.0,65280,78.76923076923077,Spring
FL04730,2025-04-29,AL008,AC032,AP010,AP005,2025-04-29 07:45:00,2025-04-29 07:50:00,5.0,Late Aircraft,Delayed,332,4901,396,278,214.0,59492,70.2020202020202,Spring
FL04731,2025-05-13,AL003,AC028,AP017,AP014,2025-05-13 20:15:00,2025-05-13 20:18:00,3.0,Crew,Cancelled,517,7617,296,0,106.0,0,0.0,Spring
FL04732,2024-03-29,AL002,AC038,AP005,AP025,2024-03-29 18:15:00,2024-03-29 18:22:00,7.0,Security,Delayed,465,6094,189,113,373.0,42149,59.78835978835979,Spring
FL04733,2023-12-27,AL005,AC015,AP001,AP023,2023-12-27 20:15:00,2023-12-27 20:29:00,14.0,Technical,Delayed,647,1007,396,316,223.0,70468,79.7979797979798,Winter
FL04734,2023-04-05,AL007,AC003,AP004,AP020,2023-04-05 17:30:00,2023-04-05 17:30:00,0.0,No Delay,On Time,501,3231,396,372,374.0,139128,93.93939393939394,Spring
FL04735,2024-02-10,AL006,AC027,AP018,AP013,2024-02-10 18:15:00,2024-02-10 18:15:00,0.0,No Delay,On Time,337,5113,325,250,215.0,53750,76.92307692307693,Winter
FL04736,2025-04-06,AL010,AC035,AP011,AP016,2025-04-06 13:30:00,2025-04-06 13:35:00,5.0,Technical,Delayed,149,526,189,111,193.0,21423,58.730158730158735,Spring
FL04737,2024-02-16,AL001,AC024,AP007,AP016,2024-02-16 07:00:00,2024-02-16 07:04:00,4.0,Late Aircraft,Delayed,444,1710,296,214,224.0,47936,72.2972972972973,Winter
FL04738,2023-04-23,AL007,AC020,AP001,AP003,2023-04-23 09:15:00,2023-04-23 09:20:00,5.0,Crew,Delayed,76,7794,396,373,588.0,219324,94.1919191919192,Spring
FL04739,2025-01-09,AL001,AC032,AP001,AP012,2025-01-09 10:00:00,2025-01-09 10:02:00,2.0,Late Aircraft,Delayed,159,1087,396,285,431.0,122835,71.96969696969697,Winter
FL04740,2025-09-27,AL003,AC030,AP019,AP020,2025-09-27 18:00:00,2025-09-27 20:17:00,137.0,Air Traffic,Severely Delayed,363,7608,325,289,491.0,141899,88.92307692307693,Autumn
FL04741,2024-03-13,AL009,AC014,AP023,AP021,2024-03-13 09:00:00,2024-03-13 10:34:00,94.0,Crew,Delayed,213,8131,325,276,235.0,64860,84.92307692307692,Spring
FL04742,2023-08-19,AL009,AC032,AP027,AP009,2023-08-19 15:15:00,2023-08-19 15:29:00,14.0,Weather,Delayed,494,8117,396,360,286.0,102960,90.9090909090909,Summer
FL04743,2025-02-14,AL001,AC008,AP019,AP028,2025-02-14 22:00:00,2025-02-14 22:01:00,1.0,Security,Delayed,389,7549,300,209,551.0,115159,69.66666666666667,Winter
FL04744,2024-08-21,AL009,AC002,AP021,AP013,2024-08-21 17:15:00,2024-08-21 17:29:00,14.0,Crew,Delayed,216,4283,300,276,647.0,178572,92.0,Summer
FL04745,2024-04-13,AL004,AC005,AP024,AP011,2024-04-13 06:00:00,2024-04-13 06:03:00,3.0,Late Aircraft,Delayed,552,5048,325,259,266.0,68894,79.6923076923077,Spring
FL04746,2025-10-01,AL002,AC018,AP030,AP027,2025-10-01 15:15:00,2025-10-01 17:47:00,152.0,Late Aircraft,Severely Delayed,118,7930,189,163,133.0,21679,86.24338624338624,Autumn
FL04747,2024-11-24,AL002,AC008,AP025,AP011,2024-11-24 15:00:00,2024-11-24 15:10:00,10.0,Security,Delayed,500,726,300,204,312.0,63648,68.0,Autumn
FL04748,2024-02-15,AL009,AC008,AP003,AP004,2024-02-15 18:15:00,2024-02-15 18:29:00,14.0,Technical,Delayed,229,880,300,189,526.0,99414,63.0,Winter
FL04749,2023-05-07,AL007,AC020,AP027,AP022,2023-05-07 20:00:00,2023-05-07 20:08:00,8.0,Security,Delayed,252,2529,396,344,624.0,214656,86.86868686868688,Spring
FL04750,2024-07-06,AL008,AC028,AP023,AP012,2024-07-06 11:00:00,2024-07-06 11:14:00,14.0,Air Traffic,Delayed,387,5543,296,249,472.0,117528,84.12162162162163,Summer
FL04751,2025-02-04,AL010,AC024,AP002,AP004,2025-02-04 20:30:00,2025-02-04 23:08:00,158.0,Late Aircraft,Severely Delayed,709,6975,296,184,642.0,118128,62.16216216216216,Winter
FL04752,2023-08-29,AL004,AC022,AP023,AP001,2023-08-29 14:45:00,2023-08-29 14:58:00,13.0,Technical,Delayed,443,1719,300,212,554.0,117448,70.66666666666667,Summer
FL04753,2025-11-09,AL004,AC015,AP009,AP026,2025-11-09 13:30:00,2025-11-09 16:00:00,150.0,Security,Severely Delayed,480,5921,396,370,315.0,116550,93.43434343434345,Autumn
FL04754,2023-12-20,AL009,AC034,AP019,AP030,2023-12-20 09:30:00,2023-12-20 09:39:00,9.0,Weather,Delayed,389,4562,300,235,193.0,45355,78.33333333333333,Winter
FL04755,2025-09-19,AL005,AC020,AP023,AP028,2025-09-19 14:45:00,2025-09-19 14:49:00,4.0,Late Aircraft,Delayed,699,1803,396,313,87.0,27231,79.04040404040404,Autumn
FL04756,2025-09-17,AL008,AC002,AP014,AP005,2025-09-17 13:45:00,2025-09-17 13:57:00,12.0,Technical,Delayed,694,6585,300,227,154.0,34958,75.66666666666667,Autumn
FL04757,2024-05-22,AL008,AC032,AP023,AP016,2024-05-22 14:30:00,2024-05-22 15:59:00,89.0,Technical,Delayed,710,1515,396,283,641.0,181403,71.46464646464646,Spring
FL04758,2023-04-16,AL006,AC030,AP016,AP019,2023-04-16 13:15:00,2023-04-16 15:57:00,162.0,Technical,Severely Delayed,327,2762,325,278,433.0,120374,85.53846153846155,Spring
FL04759,2023-04-15,AL007,AC008,AP012,AP013,2023-04-15 16:45:00,2023-04-15 16:51:00,6.0,Late Aircraft,Delayed,683,2148,300,203,434.0,88102,67.66666666666666,Spring
FL04760,2025-11-16,AL009,AC015,AP016,AP002,2025-11-16 19:30:00,2025-11-16 19:43:00,13.0,Late Aircraft,Delayed,205,1066,396,273,603.0,164619,68.93939393939394,Autumn
FL04761,2023-04-01,AL005,AC014,AP029,AP028,2023-04-01 18:30:00,2023-04-01 18:34:00,4.0,Technical,Delayed,296,4628,325,203,469.0,95207,62.46153846153846,Spring
FL04762,2025-08-31,AL008,AC025,AP005,AP013,2025-08-31 12:00:00,2025-08-31 12:10:00,10.0,Crew,Delayed,428,520,296,154,320.0,49280,52.02702702702703,Summer
FL04763,2024-02-01,AL004,AC003,AP001,AP009,2024-02-01 08:45:00,2024-02-01 08:47:00,2.0,Crew,Delayed,60,823,396,230,140.0,32200,58.08080808080808,Winter
FL04764,2024-06-29,AL004,AC009,AP006,AP010,2024-06-29 07:30:00,2024-06-29 07:40:00,10.0,Security,Delayed,472,2864,296,234,459.0,107406,79.05405405405406,Summer
FL04765,2025-05-07,AL009,AC009,AP004,AP009,2025-05-07 10:30:00,2025-05-07 10:33:00,3.0,Weather,Delayed,54,3235,296,235,207.0,48645,79.3918918918919,Spring
FL04766,2023-11-15,AL009,AC024,AP001,AP011,2023-11-15 09:15:00,2023-11-15 09:20:00,5.0,Weather,Delayed,351,7926,296,208,74.0,15392,70.27027027027027,Autumn
FL04767,2025-03-04,AL006,AC039,AP030,AP027,2025-03-04 20:45:00,2025-03-04 20:59:00,14.0,Technical,Delayed,679,7829,300,217,620.0,134540,72.33333333333334,Spring
FL04768,2023-01-25,AL005,AC018,AP026,AP008,2023-01-25 11:00:00,2023-01-25 11:29:00,29.0,Weather,Delayed,349,8205,189,138,590.0,81420,73.01587301587301,Winter
FL04769,2024-05-10,AL006,AC006,AP009,AP021,2024-05-10 08:45:00,2024-05-10 08:51:00,6.0,Air Traffic,Delayed,582,920,300,189,389.0,73521,63.0,Spring
FL04770,2025-10-21,AL008,AC005,AP019,AP014,2025-10-21 22:00:00,2025-10-21 22:09:00,9.0,Technical,Delayed,406,8099,325,211,444.0,93684,64.92307692307693,Autumn
FL04771,2023-05-29,AL004,AC004,AP006,AP008,2023-05-29 10:15:00,2023-05-29 10:20:00,5.0,Technical,Delayed,687,7854,180,162,95.0,15390,90.0,Spring
FL04772,2024-09-02,AL005,AC020,AP014,AP026,2024-09-02 19:30:00,2024-09-02 19:32:00,2.0,Technical,Delayed,425,761,396,265,105.0,27825,66.91919191919192,Autumn
FL04773,2023-05-21,AL009,AC009,AP029,AP022,2023-05-21 21:00:00,2023-05-21 22:22:00,82.0,Technical,Delayed,649,5135,296,184,331.0,60904,62.16216216216216,Spring
FL04774,2023-07-31,AL002,AC018,AP010,AP023,2023-07-31 14:30:00,2023-07-31 15:54:00,84.0,Crew,Delayed,376,5009,189,128,442.0,56576,67.72486772486772,Summer
FL04775,2023-12-30,AL008,AC028,AP013,AP026,2023-12-30 13:30:00,2023-12-30 15:41:00,131.0,Air Traffic,Severely Delayed,564,7565,296,252,99.0,24948,85.13513513513513,Winter
FL04776,2024-09-30,AL004,AC005,AP011,AP006,2024-09-30 15:45:00,2024-09-30 15:52:00,7.0,Security,Delayed,298,5690,325,262,358.0,93796,80.61538461538461,Autumn
FL04777,2024-07-25,AL009,AC011,AP006,AP011,2024-07-25 06:15:00,2024-07-25 06:16:00,1.0,Unknown,Delayed,126,6566,300,177,427.0,75579,59.0,Summer
FL04778,2025-09-16,AL006,AC012,AP007,AP004,2025-09-16 16:30:00,2025-09-16 16:31:00,1.0,Air Traffic,Delayed,183,2645,189,186,553.0,102858,98.4126984126984,Autumn
FL04779,2025-05-12,AL006,AC008,AP001,AP025,2025-05-12 10:00:00,2025-05-12 10:15:00,15.0,Weather,Delayed,449,1089,300,131,172.0,22532,43.66666666666666,Spring
FL04780,2024-11-11,AL010,AC033,AP001,AP027,2024-11-11 14:15:00,2024-11-11 14:19:00,4.0,Technical,Delayed,222,3914,220,160,290.0,46400,72.72727272727273,Autumn
FL04781,2024-01-23,AL005,AC016,AP006,AP020,2024-01-23 15:30:00,2024-01-23 15:30:00,0.0,No Delay,On Time,153,2369,189,139,323.0,44897,73.54497354497354,Winter
FL04782,2025-09-24,AL003,AC036,AP026,AP016,2025-09-24 14:00:00,2025-09-24 14:07:00,7.0,Technical,Delayed,672,7480,180,144,587.0,84528,80.0,Autumn
FL04783,2024-10-14,AL003,AC007,AP014,AP030,2024-10-14 15:30:00,2024-10-14 15:33:00,3.0,Late Aircraft,Delayed,482,2145,300,249,343.0,85407,83.0,Autumn
FL04784,2023-03-21,AL010,AC009,AP008,AP027,2023-03-21 19:15:00,2023-03-21 19:24:00,9.0,Late Aircraft,Delayed,394,2290,296,237,551.0,130587,80.06756756756756,Spring
FL04785,2023-01-20,AL006,AC015,AP007,AP011,2023-01-20 12:45:00,2023-01-20 12:46:00,1.0,Security,Delayed,718,6981,396,187,271.0,50677,47.22222222222222,Winter
FL04786,2023-03-13,AL005,AC025,AP002,AP005,2023-03-13 20:30:00,2023-03-13 21:09:00,39.0,Technical,Delayed,147,3586,296,193,458.0,88394,65.2027027027027,Spring
FL04787,2025-07-05,AL005,AC021,AP025,AP016,2025-07-05 06:30:00,2025-07-05 06:43:00,13.0,Air Traffic,Delayed,624,428,325,183,564.0,103212,56.30769230769231,Summer
FL04788,2024-12-20,AL002,AC024,AP024,AP005,2024-12-20 11:45:00,2024-12-20 11:56:00,11.0,Late Aircraft,Delayed,397,4818,296,203,194.0,39382,68.58108108108108,Winter
FL04789,2024-04-23,AL002,AC022,AP014,AP007,2024-04-23 09:45:00,2024-04-23 09:50:00,5.0,Late Aircraft,Delayed,420,6301,300,229,376.0,86104,76.33333333333333,Spring
FL04790,2025-01-22,AL004,AC034,AP008,AP014,2025-01-22 07:15:00,2025-01-22 10:11:00,176.0,Security,Severely Delayed,468,1602,300,253,286.0,72358,84.33333333333334,Winter
FL04791,2024-03-22,AL010,AC027,AP019,AP021,2024-03-22 14:30:00,2024-03-22 15:31:00,61.0,Late Aircraft,Delayed,399,5660,325,261,168.0,43848,80.3076923076923,Spring
FL04792,2023-08-26,AL009,AC027,AP030,AP001,2023-08-26 22:45:00,2023-08-26 22:47:00,2.0,Air Traffic,Delayed,424,1309,325,297,461.0,136917,91.3846153846154,Summer
FL04793,2023-06-13,AL006,AC039,AP026,AP008,2023-06-13 14:00:00,2023-06-13 14:11:00,11.0,Crew,Delayed,118,4355,300,201,613.0,123213,67.0,Summer
FL04794,2023-10-18,AL009,AC012,AP028,AP030,2023-10-18 16:45:00,2023-10-18 16:53:00,8.0,Weather,Delayed,428,5066,189,177,257.0,45489,93.65079365079364,Autumn
FL04795,2025-01-18,AL006,AC005,AP022,AP026,2025-01-18 10:45:00,2025-01-18 10:55:00,10.0,Weather,Delayed,365,6506,325,253,262.0,66286,77.84615384615384,Winter
FL04796,2023-02-13,AL002,AC009,AP009,AP012,2023-02-13 19:30:00,2023-02-13 19:36:00,6.0,Technical,Delayed,287,830,296,233,134.0,31222,78.71621621621621,Winter
FL04797,2023-06-08,AL003,AC024,AP005,AP012,2023-06-08 13:45:00,2023-06-08 13:57:00,12.0,Late Aircraft,Delayed,471,3804,296,238,585.0,139230,80.4054054054054,Summer
FL04798,2025-06-16,AL008,AC020,AP019,AP009,2025-06-16 22:15:00,2025-06-16 23:06:00,51.0,Weather,Delayed,575,4608,396,297,132.0,39204,75.0,Summer
FL04799,2023-07-17,AL006,AC004,AP002,AP009,2023-07-17 10:30:00,2023-07-17 10:37:00,7.0,Technical,Delayed,144,2923,180,125,128.0,16000,69.44444444444444,Summer
FL04800,2025-10-07,AL009,AC032,AP005,AP009,2025-10-07 15:15:00,2025-10-07 15:17:00,2.0,Weather,Delayed,473,594,396,294,145.0,42630,74.24242424242425,Autumn
FL04801,2025-10-13,AL005,AC008,AP010,AP023,2025-10-13 16:45:00,2025-10-13 16:59:00,14.0,Air Traffic,Delayed,412,515,300,215,141.0,30315,71.66666666666667,Autumn
FL04802,2024-10-28,AL010,AC024,AP006,AP011,2024-10-28 22:45:00,2024-10-28 23:00:00,15.0,Air Traffic,Delayed,74,4810,296,236,99.0,23364,79.72972972972973,Autumn
FL04803,2025-06-01,AL005,AC032,AP013,AP020,2025-06-01 21:00:00,2025-06-01 21:11:00,11.0,Air Traffic,Delayed,170,3321,396,234,317.0,74178,59.09090909090909,Summer
FL04804,2023-03-24,AL004,AC001,AP020,AP022,2023-03-24 14:15:00,2023-03-24 14:19:00,4.0,Late Aircraft,Delayed,682,6913,325,218,458.0,99844,67.07692307692308,Spring
FL04805,2024-06-13,AL008,AC018,AP016,AP021,2024-06-13 10:30:00,2024-06-13 10:43:00,13.0,Security,Delayed,437,3794,189,97,364.0,35308,51.32275132275132,Summer
FL04806,2024-08-14,AL010,AC005,AP005,AP004,2024-08-14 14:45:00,2024-08-14 14:59:00,14.0,Technical,Delayed,494,1202,325,252,504.0,127008,77.53846153846153,Summer
FL04807,2025-04-22,AL009,AC022,AP017,AP018,2025-04-22 11:45:00,2025-04-22 11:50:00,5.0,Security,Delayed,675,1662,300,292,141.0,41172,97.33333333333334,Spring
FL04808,2023-10-25,AL007,AC011,AP015,AP011,2023-10-25 18:00:00,2023-10-25 18:03:00,3.0,Late Aircraft,Delayed,223,4975,300,245,193.0,47285,81.66666666666667,Autumn
FL04809,2023-10-25,AL005,AC006,AP006,AP001,2023-10-25 17:00:00,2023-10-25 17:14:00,14.0,Weather,Cancelled,567,1266,300,0,343.0,0,0.0,Autumn
FL04810,2025-07-29,AL010,AC023,AP002,AP006,2025-07-29 06:30:00,2025-07-29 06:40:00,10.0,Security,Delayed,574,2233,180,124,260.0,32240,68.88888888888889,Summer
FL04811,2025-12-04,AL009,AC028,AP011,AP019,2025-12-04 16:00:00,2025-12-04 16:01:00,1.0,Security,Delayed,176,8198,296,195,326.0,63570,65.87837837837837,Winter
FL04812,2025-05-14,AL008,AC037,AP018,AP023,2025-05-14 19:00:00,2025-05-14 19:06:00,6.0,Security,Cancelled,480,6839,220,0,89.0,0,0.0,Spring
FL04813,2023-07-15,AL010,AC018,AP027,AP005,2023-07-15 21:30:00,2023-07-15 21:40:00,10.0,Late Aircraft,Delayed,429,4117,189,160,177.0,28320,84.65608465608466,Summer
FL04814,2023-02-27,AL006,AC015,AP022,AP024,2023-02-27 06:45:00,2023-02-27 09:45:00,180.0,Crew,Severely Delayed,369,3958,396,319,242.0,77198,80.55555555555556,Winter
FL04815,2025-05-02,AL008,AC013,AP023,AP013,2025-05-02 05:45:00,2025-05-02 05:50:00,5.0,Weather,Delayed,464,2851,325,278,92.0,25576,85.53846153846155,Spring
FL04816,2024-02-15,AL010,AC022,AP023,AP026,2024-02-15 11:30:00,2024-02-15 11:40:00,10.0,Technical,Delayed,263,4252,300,214,267.0,57138,71.33333333333334,Winter
FL04817,2024-12-07,AL009,AC006,AP001,AP006,2024-12-07 07:45:00,2024-12-07 07:50:00,5.0,Security,Delayed,220,1637,300,261,318.0,82998,87.0,Winter
FL04818,2024-09-24,AL001,AC001,AP028,AP009,2024-09-24 18:00:00,2024-09-24 18:12:00,12.0,Security,Delayed,471,8304,325,243,213.0,51759,74.76923076923076,Autumn
FL04819,2024-07-05,AL003,AC024,AP005,AP002,2024-07-05 20:15:00,2024-07-05 20:29:00,14.0,Late Aircraft,Delayed,416,3819,296,229,283.0,64807,77.36486486486487,Summer
FL04820,2024-10-20,AL006,AC018,AP020,AP003,2024-10-20 06:45:00,2024-10-20 07:00:00,15.0,Weather,Delayed,185,5268,189,149,637.0,94913,78.83597883597884,Autumn
FL04821,2023-08-30,AL009,AC017,AP025,AP007,2023-08-30 10:00:00,2023-08-30 10:12:00,12.0,Weather,Delayed,186,1478,296,241,411.0,99051,81.41891891891892,Summer
FL04822,2024-12-01,AL003,AC024,AP006,AP015,2024-12-01 09:45:00,2024-12-01 09:45:00,0.0,No Delay,On Time,268,898,296,239,499.0,119261,80.74324324324324,Winter
FL04823,2024-12-21,AL002,AC029,AP018,AP002,2024-12-21 08:30:00,2024-12-21 08:44:00,14.0,Security,Delayed,702,6926,220,152,306.0,46512,69.0909090909091,Winter
FL04824,2023-03-27,AL010,AC005,AP007,AP020,2023-03-27 07:15:00,2023-03-27 07:26:00,11.0,Air Traffic,Delayed,643,5404,325,245,325.0,79625,75.38461538461539,Spring
FL04825,2025-06-23,AL008,AC001,AP017,AP015,2025-06-23 16:45:00,2025-06-23 16:58:00,13.0,Late Aircraft,Delayed,105,8224,325,279,234.0,65286,85.84615384615385,Summer
FL04826,2025-02-25,AL003,AC030,AP013,AP028,2025-02-25 10:30:00,2025-02-25 10:36:00,6.0,Crew,Delayed,143,6944,325,233,116.0,27028,71.6923076923077,Winter
FL04827,2023-01-17,AL008,AC001,AP020,AP010,2023-01-17 13:45:00,2023-01-17 13:56:00,11.0,Crew,Delayed,705,6288,325,269,539.0,144991,82.76923076923077,Winter
FL04828,2024-08-14,AL004,AC013,AP025,AP015,2024-08-14 09:30:00,2024-08-14 11:29:00,119.0,Weather,Delayed,113,8227,325,236,178.0,42008,72.61538461538461,Summer
FL04829,2023-03-13,AL002,AC007,AP011,AP002,2023-03-13 05:15:00,2023-03-13 05:23:00,8.0,Technical,Delayed,290,3552,300,291,340.0,98940,97.0,Spring
FL04830,2023-02-08,AL008,AC033,AP001,AP019,2023-02-08 11:45:00,2023-02-08 11:50:00,5.0,Weather,Delayed,388,5366,220,132,133.0,17556,60.0,Winter
FL04831,2025-06-21,AL009,AC004,AP025,AP018,2025-06-21 18:00:00,2025-06-21 18:53:00,53.0,Air Traffic,Delayed,607,8023,180,139,296.0,41144,77.22222222222223,Summer
FL04832,2023-03-19,AL002,AC023,AP009,AP010,2023-03-19 05:00:00,2023-03-19 07:45:00,165.0,Technical,Severely Delayed,539,7916,180,110,141.0,15510,61.11111111111112,Spring
FL04833,2023-03-18,AL007,AC035,AP029,AP015,2023-03-18 22:45:00,2023-03-18 22:59:00,14.0,Weather,Delayed,208,7759,189,117,205.0,23985,61.90476190476191,Spring
FL04834,2023-12-16,AL003,AC040,AP017,AP022,2023-12-16 18:15:00,2023-12-16 20:48:00,153.0,Air Traffic,Severely Delayed,540,700,220,176,459.0,80784,80.0,Winter
FL04835,2024-09-30,AL010,AC033,AP010,AP027,2024-09-30 12:00:00,2024-09-30 14:18:00,138.0,Late Aircraft,Severely Delayed,233,4806,220,191,394.0,75254,86.81818181818181,Autumn
FL04836,2024-10-01,AL004,AC034,AP001,AP028,2024-10-01 17:00:00,2024-10-01 17:11:00,11.0,Security,Delayed,288,2107,300,180,392.0,70560,60.0,Autumn
FL04837,2024-10-17,AL008,AC018,AP017,AP018,2024-10-17 11:00:00,2024-10-17 13:11:00,131.0,Crew,Severely Delayed,116,7239,189,112,220.0,24640,59.25925925925925,Autumn
FL04838,2024-06-03,AL009,AC019,AP018,AP014,2024-06-03 08:00:00,2024-06-03 10:28:00,148.0,Air Traffic,Severely Delayed,717,1483,296,187,210.0,39270,63.17567567567568,Summer
FL04839,2024-11-30,AL001,AC030,AP025,AP022,2024-11-30 11:45:00,2024-11-30 11:45:00,0.0,No Delay,On Time,129,3083,325,312,140.0,43680,96.0,Autumn
FL04840,2023-03-24,AL005,AC017,AP019,AP017,2023-03-24 11:00:00,2023-03-24 11:02:00,2.0,Security,Delayed,352,7515,296,237,552.0,130824,80.06756756756756,Spring
FL04841,2023-11-08,AL008,AC040,AP021,AP019,2023-11-08 13:15:00,2023-11-08 13:29:00,14.0,Air Traffic,Delayed,702,1082,220,146,109.0,15914,66.36363636363637,Autumn
FL04842,2023-12-08,AL003,AC016,AP007,AP012,2023-12-08 18:45:00,2023-12-08 18:45:00,0.0,No Delay,On Time,358,3622,189,115,234.0,26910,60.84656084656085,Winter
FL04843,2023-03-21,AL001,AC035,AP028,AP006,2023-03-21 09:30:00,2023-03-21 09:42:00,12.0,Crew,Delayed,558,5433,189,116,121.0,14036,61.37566137566137,Spring
FL04844,2025-06-01,AL002,AC005,AP014,AP024,2025-06-01 13:15:00,2025-06-01 13:19:00,4.0,Security,Delayed,336,740,325,207,372.0,77004,63.69230769230769,Summer
FL04845,2023-06-30,AL006,AC026,AP028,AP026,2023-06-30 13:15:00,2023-06-30 13:30:00,15.0,Crew,Delayed,86,5646,189,141,424.0,59784,74.60317460317461,Summer
FL04846,2024-03-03,AL007,AC014,AP008,AP021,2024-03-03 06:00:00,2024-03-03 06:11:00,11.0,Late Aircraft,Delayed,368,6366,325,251,247.0,61997,77.23076923076924,Spring
FL04847,2023-04-04,AL009,AC001,AP014,AP002,2023-04-04 11:00:00,2023-04-04 11:02:00,2.0,Air Traffic,Delayed,421,506,325,252,456.0,114912,77.53846153846153,Spring
FL04848,2024-06-05,AL008,AC018,AP014,AP020,2024-06-05 11:45:00,2024-06-05 12:00:00,15.0,Crew,Delayed,134,7457,189,167,292.0,48764,88.35978835978835,Summer
FL04849,2024-12-31,AL006,AC012,AP018,AP001,2024-12-31 15:30:00,2024-12-31 15:40:00,10.0,Technical,Delayed,323,7365,189,106,565.0,59890,56.08465608465608,Winter
FL04850,2025-06-08,AL005,AC034,AP011,AP020,2025-06-08 12:15:00,2025-06-08 12:20:00,5.0,Crew,Delayed,377,3947,300,243,368.0,89424,81.0,Summer
FL04851,2023-06-26,AL002,AC013,AP007,AP014,2023-06-26 12:15:00,2023-06-26 13:20:00,65.0,Technical,Delayed,560,7709,325,262,553.0,144886,80.61538461538461,Summer
FL04852,2024-09-12,AL001,AC038,AP010,AP009,2024-09-12 14:30:00,2024-09-12 14:44:00,14.0,Security,Delayed,184,5334,189,131,525.0,68775,69.31216931216932,Autumn
FL04853,2023-07-29,AL006,AC035,AP014,AP015,2023-07-29 15:45:00,2023-07-29 15:49:00,4.0,Late Aircraft,Delayed,387,5702,189,132,628.0,82896,69.84126984126983,Summer
FL04854,2024-07-27,AL005,AC025,AP028,AP005,2024-07-27 07:45:00,2024-07-27 07:47:00,2.0,Technical,Delayed,195,6939,296,202,585.0,118170,68.24324324324324,Summer
FL04855,2025-04-29,AL007,AC010,AP015,AP026,2025-04-29 21:15:00,2025-04-29 21:29:00,14.0,Technical,Delayed,694,5410,396,262,390.0,102180,66.16161616161617,Spring
FL04856,2025-05-17,AL004,AC015,AP017,AP014,2025-05-17 19:30:00,2025-05-17 19:35:00,5.0,Technical,Delayed,370,6044,396,335,479.0,160465,84.59595959595958,Spring
FL04857,2023-07-18,AL010,AC011,AP007,AP003,2023-07-18 18:15:00,2023-07-18 18:59:00,44.0,Late Aircraft,Delayed,564,2710,300,217,641.0,139097,72.33333333333334,Summer
FL04858,2024-04-29,AL005,AC025,AP025,AP012,2024-04-29 09:00:00,2024-04-29 09:07:00,7.0,Technical,Delayed,220,3194,296,213,490.0,104370,71.95945945945947,Spring
FL04859,2024-07-10,AL002,AC033,AP007,AP002,2024-07-10 09:30:00,2024-07-10 09:43:00,13.0,Weather,Delayed,416,524,220,168,296.0,49728,76.36363636363637,Summer
FL04860,2023-08-13,AL005,AC004,AP008,AP019,2023-08-13 06:45:00,2023-08-13 06:46:00,1.0,Weather,Delayed,615,8320,180,146,435.0,63510,81.11111111111111,Summer
FL04861,2025-02-14,AL002,AC018,AP018,AP016,2025-02-14 12:00:00,2025-02-14 12:12:00,12.0,Late Aircraft,Delayed,507,4608,189,168,566.0,95088,88.88888888888889,Winter
FL04862,2025-06-11,AL003,AC002,AP027,AP011,2025-06-11 11:45:00,2025-06-11 11:56:00,11.0,Security,Delayed,110,7251,300,198,466.0,92268,66.0,Summer
FL04863,2025-04-07,AL002,AC038,AP029,AP013,2025-04-07 16:30:00,2025-04-07 16:44:00,14.0,Weather,Delayed,564,3288,189,140,263.0,36820,74.07407407407408,Spring
FL04864,2023-03-28,AL005,AC017,AP005,AP030,2023-03-28 11:15:00,2023-03-28 11:19:00,4.0,Late Aircraft,Delayed,645,2355,296,222,103.0,22866,75.0,Spring
FL04865,2023-11-05,AL006,AC010,AP019,AP029,2023-11-05 12:30:00,2023-11-05 12:41:00,11.0,Crew,Delayed,340,5947,396,373,431.0,160763,94.1919191919192,Autumn
FL04866,2023-03-12,AL004,AC026,AP006,AP025,2023-03-12 13:00:00,2023-03-12 13:13:00,13.0,Weather,Delayed,681,3803,189,104,402.0,41808,55.02645502645503,Spring
FL04867,2023-04-23,AL003,AC002,AP025,AP003,2023-04-23 17:45:00,2023-04-23 17:54:00,9.0,Technical,Delayed,392,5649,300,153,422.0,64566,51.0,Spring
FL04868,2025-06-28,AL002,AC016,AP018,AP026,2025-06-28 15:00:00,2025-06-28 15:09:00,9.0,Security,Delayed,377,8337,189,162,350.0,56700,85.71428571428571,Summer
FL04869,2025-11-28,AL009,AC017,AP010,AP028,2025-11-28 07:30:00,2025-11-28 10:07:00,157.0,Air Traffic,Severely Delayed,54,1601,296,223,624.0,139152,75.33783783783784,Autumn
FL04870,2023-03-21,AL006,AC022,AP016,AP025,2023-03-21 10:00:00,2023-03-21 10:54:00,54.0,Security,Cancelled,598,4691,300,0,350.0,0,0.0,Spring
FL04871,2024-05-12,AL005,AC032,AP030,AP008,2024-05-12 17:30:00,2024-05-12 17:35:00,5.0,Security,Delayed,181,2740,396,324,564.0,182736,81.81818181818183,Spring
FL04872,2024-05-16,AL001,AC033,AP028,AP020,2024-05-16 12:15:00,2024-05-16 12:30:00,15.0,Security,Delayed,319,4650,220,206,86.0,17716,93.63636363636364,Spring
FL04873,2024-12-19,AL009,AC017,AP020,AP026,2024-12-19 08:45:00,2024-12-19 08:49:00,4.0,Weather,Delayed,713,3305,296,293,518.0,151774,98.98648648648648,Winter
FL04874,2024-04-27,AL004,AC013,AP015,AP004,2024-04-27 22:30:00,2024-04-28 00:37:00,127.0,Technical,Cancelled,581,1668,325,0,636.0,0,0.0,Spring
FL04875,2024-11-15,AL003,AC024,AP023,AP018,2024-11-15 06:15:00,2024-11-15 06:23:00,8.0,Air Traffic,Delayed,701,6194,296,222,428.0,95016,75.0,Autumn
FL04876,2024-11-16,AL002,AC014,AP007,AP021,2024-11-16 18:15:00,2024-11-16 19:56:00,101.0,Air Traffic,Delayed,602,3066,325,236,404.0,95344,72.61538461538461,Autumn
FL04877,2025-02-09,AL002,AC025,AP012,AP017,2025-02-09 07:30:00,2025-02-09 07:30:00,0.0,No Delay,On Time,268,4165,296,258,233.0,60114,87.16216216216216,Winter
FL04878,2023-11-10,AL007,AC008,AP001,AP030,2023-11-10 08:45:00,2023-11-10 09:52:00,67.0,Late Aircraft,Delayed,664,4394,300,266,176.0,46816,88.66666666666667,Autumn
FL04879,2025-09-10,AL008,AC036,AP001,AP019,2025-09-10 22:15:00,2025-09-10 22:28:00,13.0,Unknown,Delayed,238,5827,180,159,202.0,32118,88.33333333333333,Autumn
FL04880,2024-07-27,AL009,AC013,AP001,AP020,2024-07-27 10:45:00,2024-07-27 10:49:00,4.0,Security,Delayed,220,488,325,234,495.0,115830,72.0,Summer
FL04881,2025-03-25,AL009,AC011,AP016,AP018,2025-03-25 22:30:00,2025-03-25 22:35:00,5.0,Security,Delayed,660,4154,300,178,240.0,42720,59.333333333333336,Spring
FL04882,2023-08-27,AL002,AC035,AP013,AP015,2023-08-27 11:30:00,2023-08-27 11:46:00,16.0,Air Traffic,Delayed,382,7185,189,103,183.0,18849,54.4973544973545,Summer
FL04883,2023-08-08,AL005,AC036,AP010,AP007,2023-08-08 19:15:00,2023-08-08 19:26:00,11.0,Security,Delayed,653,7012,180,171,543.0,92853,95.0,Summer
FL04884,2024-01-02,AL008,AC023,AP021,AP014,2024-01-02 11:45:00,2024-01-02 11:47:00,2.0,Late Aircraft,Delayed,642,6931,180,167,328.0,54776,92.7777777777778,Winter
FL04885,2023-03-21,AL008,AC001,AP009,AP026,2023-03-21 20:15:00,2023-03-21 20:22:00,7.0,Security,Delayed,491,7869,325,272,384.0,104448,83.6923076923077,Spring
FL04886,2024-05-28,AL003,AC008,AP010,AP015,2024-05-28 14:15:00,2024-05-28 15:40:00,85.0,Crew,Delayed,204,3504,300,174,407.0,70818,57.99999999999999,Spring
FL04887,2023-12-11,AL003,AC013,AP004,AP001,2023-12-11 17:00:00,2023-12-11 19:58:00,178.0,Security,Severely Delayed,544,3801,325,307,370.0,113590,94.46153846153848,Winter
FL04888,2025-11-01,AL001,AC013,AP007,AP023,2025-11-01 18:45:00,2025-11-01 18:59:00,14.0,Air Traffic,Delayed,531,7360,325,295,264.0,77880,90.76923076923076,Autumn
FL04889,2024-02-23,AL005,AC019,AP012,AP027,2024-02-23 19:30:00,2024-02-23 19:33:00,3.0,Crew,Delayed,453,1211,296,251,81.0,20331,84.7972972972973,Winter
FL04890,2023-06-14,AL002,AC003,AP014,AP012,2023-06-14 21:15:00,2023-06-14 21:28:00,13.0,Late Aircraft,Delayed,177,7680,396,290,84.0,24360,73.23232323232324,Summer
FL04891,2025-08-30,AL003,AC006,AP030,AP025,2025-08-30 06:45:00,2025-08-30 06:47:00,2.0,Technical,Delayed,308,6704,300,271,568.0,153928,90.33333333333331,Summer
FL04892,2025-09-29,AL007,AC013,AP009,AP028,2025-09-29 22:00:00,2025-09-29 22:06:00,6.0,Security,Delayed,164,1555,325,259,198.0,51282,79.6923076923077,Autumn
FL04893,2024-10-12,AL004,AC008,AP027,AP018,2024-10-12 11:15:00,2024-10-12 11:28:00,13.0,Air Traffic,Delayed,150,445,300,246,607.0,149322,82.0,Autumn
FL04894,2025-12-06,AL010,AC010,AP022,AP028,2025-12-06 09:45:00,2025-12-06 09:51:00,6.0,Weather,Delayed,418,1913,396,318,528.0,167904,80.3030303030303,Winter
FL04895,2024-05-02,AL007,AC019,AP002,AP007,2024-05-02 14:00:00,2024-05-02 14:14:00,14.0,Air Traffic,Delayed,332,6849,296,205,576.0,118080,69.25675675675676,Spring
FL04896,2024-04-29,AL003,AC022,AP001,AP022,2024-04-29 11:00:00,2024-04-29 11:11:00,11.0,Crew,Delayed,453,2348,300,245,167.0,40915,81.66666666666667,Spring
FL04897,2025-01-21,AL005,AC019,AP012,AP005,2025-01-21 05:45:00,2025-01-21 05:56:00,11.0,Late Aircraft,Delayed,120,5927,296,253,278.0,70334,85.47297297297297,Winter
FL04898,2025-07-30,AL004,AC033,AP022,AP002,2025-07-30 16:00:00,2025-07-30 16:09:00,9.0,Crew,Delayed,689,6106,220,147,516.0,75852,66.81818181818183,Summer
FL04899,2024-05-12,AL007,AC021,AP015,AP014,2024-05-12 12:00:00,2024-05-12 12:07:00,7.0,Late Aircraft,Delayed,467,8280,325,251,387.0,97137,77.23076923076924,Spring
FL04900,2024-10-21,AL005,AC012,AP022,AP018,2024-10-21 15:30:00,2024-10-21 18:13:00,163.0,Air Traffic,Severely Delayed,639,4580,189,159,314.0,49926,84.12698412698413,Autumn
FL04901,2024-02-09,AL002,AC033,AP027,AP009,2024-02-09 19:15:00,2024-02-09 21:12:00,117.0,Weather,Delayed,519,3820,220,181,366.0,66246,82.27272727272728,Winter
FL04902,2023-01-20,AL005,AC038,AP024,AP029,2023-01-20 16:30:00,2023-01-20 16:34:00,4.0,Late Aircraft,Delayed,302,2815,189,122,298.0,36356,64.55026455026454,Winter
FL04903,2025-11-06,AL008,AC027,AP004,AP023,2025-11-06 09:00:00,2025-11-06 09:02:00,2.0,Air Traffic,Delayed,629,4431,325,195,225.0,43875,60.0,Autumn
FL04904,2024-07-11,AL008,AC019,AP014,AP012,2024-07-11 15:30:00,2024-07-11 15:37:00,7.0,Security,Delayed,271,6868,296,220,190.0,41800,74.32432432432432,Summer
FL04905,2023-10-28,AL001,AC010,AP028,AP005,2023-10-28 17:45:00,2023-10-28 17:59:00,14.0,Crew,Delayed,335,7326,396,296,472.0,139712,74.74747474747475,Autumn
FL04906,2024-05-10,AL001,AC021,AP005,AP023,2024-05-10 11:45:00,2024-05-10 11:59:00,14.0,Late Aircraft,Delayed,695,434,325,232,317.0,73544,71.38461538461539,Spring
FL04907,2024-07-10,AL002,AC012,AP027,AP022,2024-07-10 15:15:00,2024-07-10 15:20:00,5.0,Air Traffic,Delayed,623,5812,189,136,359.0,48824,71.95767195767195,Summer
FL04908,2023-04-03,AL001,AC020,AP017,AP005,2023-04-03 20:00:00,2023-04-03 21:01:00,61.0,Technical,Delayed,467,1177,396,239,290.0,69310,60.35353535353535,Spring
FL04909,2025-05-03,AL001,AC033,AP026,AP014,2025-05-03 11:00:00,2025-05-03 11:05:00,5.0,Air Traffic,Delayed,573,3893,220,167,243.0,40581,75.9090909090909,Spring
FL04910,2023-03-05,AL006,AC029,AP029,AP016,2023-03-05 12:30:00,2023-03-05 12:30:00,0.0,No Delay,Cancelled,512,6500,220,0,463.0,0,0.0,Spring
FL04911,2023-02-12,AL005,AC040,AP009,AP019,2023-02-12 09:45:00,2023-02-12 09:58:00,13.0,Security,Delayed,428,7793,220,119,101.0,12019,54.090909090909086,Winter
FL04912,2024-12-14,AL007,AC005,AP010,AP008,2024-12-14 05:45:00,2024-12-14 08:45:00,180.0,Security,Severely Delayed,581,3107,325,247,130.0,32110,76.0,Winter
FL04913,2024-03-11,AL001,AC007,AP019,AP014,2024-03-11 17:15:00,2024-03-11 17:16:00,1.0,Crew,Delayed,151,4677,300,183,216.0,39528,61.0,Spring
FL04914,2025-01-19,AL003,AC013,AP002,AP025,2025-01-19 13:00:00,2025-01-19 13:06:00,6.0,Late Aircraft,Delayed,91,7959,325,256,156.0,39936,78.76923076923077,Winter
FL04915,2024-08-14,AL002,AC038,AP025,AP024,2024-08-14 11:00:00,2024-08-14 11:13:00,13.0,Weather,Delayed,430,4739,189,147,235.0,34545,77.77777777777779,Summer
FL04916,2023-05-08,AL006,AC032,AP013,AP019,2023-05-08 20:15:00,2023-05-08 20:16:00,1.0,Technical,Delayed,487,4189,396,359,243.0,87237,90.65656565656566,Spring
FL04917,2024-12-19,AL008,AC012,AP001,AP020,2024-12-19 05:00:00,2024-12-19 07:19:00,139.0,Weather,Severely Delayed,166,3126,189,148,476.0,70448,78.3068783068783,Winter
FL04918,2024-07-29,AL002,AC031,AP011,AP013,2024-07-29 17:00:00,2024-07-29 17:05:00,5.0,Crew,Delayed,359,977,300,229,292.0,66868,76.33333333333333,Summer
FL04919,2023-06-29,AL001,AC021,AP007,AP004,2023-06-29 05:00:00,2023-06-29 06:57:00,117.0,Crew,Delayed,425,572,325,209,129.0,26961,64.3076923076923,Summer
FL04920,2025-06-25,AL001,AC034,AP023,AP001,2025-06-25 12:00:00,2025-06-25 12:15:00,15.0,Weather,Delayed,421,6185,300,297,221.0,65637,99.0,Summer
FL04921,2023-07-17,AL009,AC013,AP015,AP029,2023-07-17 07:30:00,2023-07-17 07:30:00,0.0,No Delay,On Time,283,2563,325,256,581.0,148736,78.76923076923077,Summer
FL04922,2024-10-17,AL005,AC037,AP030,AP014,2024-10-17 17:45:00,2024-10-17 17:47:00,2.0,Technical,Delayed,548,4808,220,165,96.0,15840,75.0,Autumn
FL04923,2025-03-12,AL007,AC034,AP030,AP022,2025-03-12 16:30:00,2025-03-12 16:32:00,2.0,Air Traffic,Delayed,74,7948,300,241,163.0,39283,80.33333333333333,Spring
FL04924,2024-05-11,AL008,AC014,AP018,AP002,2024-05-11 20:30:00,2024-05-11 20:42:00,12.0,Air Traffic,Delayed,719,7606,325,247,379.0,93613,76.0,Spring
FL04925,2025-10-04,AL002,AC006,AP020,AP027,2025-10-04 20:45:00,2025-10-04 21:00:00,15.0,Security,Delayed,232,7555,300,199,388.0,77212,66.33333333333333,Autumn
FL04926,2023-03-05,AL005,AC024,AP023,AP024,2023-03-05 17:15:00,2023-03-05 19:51:00,156.0,Late Aircraft,Severely Delayed,689,3767,296,268,302.0,80936,90.54054054054052,Spring
FL04927,2023-04-07,AL002,AC018,AP001,AP026,2023-04-07 08:15:00,2023-04-07 08:24:00,9.0,Security,Delayed,173,5070,189,158,495.0,78210,83.5978835978836,Spring
FL04928,2025-08-21,AL009,AC026,AP025,AP003,2025-08-21 22:30:00,2025-08-21 22:39:00,9.0,Security,Delayed,268,1965,189,143,497.0,71071,75.66137566137566,Summer
FL04929,2025-06-19,AL008,AC030,AP007,AP019,2025-06-19 10:30:00,2025-06-19 10:44:00,14.0,Technical,Delayed,278,5507,325,216,362.0,46656,66.46153846153847,Summer
FL04930,2025-05-14,AL009,AC040,AP011,AP024,2025-05-14 12:30:00,2025-05-14 12:41:00,11.0,Crew,Cancelled,184,6634,220,0,513.0,0,0.0,Spring
FL04931,2024-06-17,AL010,AC013,AP023,AP015,2024-06-17 22:15:00,2024-06-17 23:16:00,61.0,Security,Delayed,489,1995,325,262,398.0,104276,80.61538461538461,Summer
FL04932,2025-06-04,AL008,AC016,AP018,AP004,2025-06-04 13:30:00,2025-06-04 13:34:00,4.0,Weather,Delayed,619,4986,189,163,88.0,14344,86.24338624338624,Summer
FL04933,2024-03-22,AL004,AC033,AP019,AP021,2024-03-22 08:15:00,2024-03-22 08:26:00,11.0,Late Aircraft,Delayed,215,710,220,194,591.0,114654,88.18181818181819,Spring
FL04934,2025-07-06,AL008,AC031,AP010,AP013,2025-07-06 21:30:00,2025-07-06 21:48:00,18.0,Security,Delayed,52,1253,300,224,410.0,91840,74.66666666666667,Summer
FL04935,2023-04-10,AL006,AC010,AP005,AP013,2023-04-10 08:00:00,2023-04-10 08:12:00,12.0,Technical,Delayed,154,1525,396,392,536.0,210112,98.989898989899,Spring
FL04936,2023-06-21,AL003,AC023,AP017,AP005,2023-06-21 07:45:00,2023-06-21 07:45:00,0.0,No Delay,On Time,564,5403,180,144,479.0,68976,80.0,Summer
FL04937,2023-02-21,AL003,AC029,AP006,AP027,2023-02-21 19:30:00,2023-02-21 19:36:00,6.0,Late Aircraft,Delayed,330,2058,220,114,205.0,23370,51.81818181818182,Winter
FL04938,2024-08-23,AL002,AC021,AP018,AP021,2024-08-23 13:15:00,2024-08-23 13:27:00,12.0,Late Aircraft,Delayed,645,8148,325,300,95.0,28500,92.3076923076923,Summer
FL04939,2023-01-15,AL003,AC015,AP017,AP023,2023-01-15 16:15:00,2023-01-15 16:17:00,2.0,Technical,Delayed,599,4968,396,289,644.0,186116,72.97979797979798,Winter
FL04940,2024-05-30,AL007,AC019,AP022,AP013,2024-05-30 09:30:00,2024-05-30 09:41:00,11.0,Technical,Delayed,114,6056,296,234,317.0,74178,79.05405405405406,Spring
FL04941,2023-11-27,AL006,AC012,AP025,AP021,2023-11-27 16:00:00,2023-11-27 18:13:00,133.0,Technical,Severely Delayed,493,4180,189,163,389.0,63407,86.24338624338624,Autumn
FL04942,2025-01-28,AL006,AC016,AP030,AP028,2025-01-28 18:30:00,2025-01-28 18:38:00,8.0,Security,Delayed,458,2633,189,135,293.0,39555,71.42857142857143,Winter
FL04943,2025-10-03,AL008,AC026,AP013,AP027,2025-10-03 20:45:00,2025-10-03 20:56:00,11.0,Late Aircraft,Delayed,618,5584,189,139,220.0,30580,73.54497354497354,Autumn
FL04944,2023-03-10,AL007,AC002,AP016,AP003,2023-03-10 16:00:00,2023-03-10 16:11:00,11.0,Crew,Delayed,565,8004,300,227,443.0,100561,75.66666666666667,Spring
FL04945,2024-03-24,AL008,AC023,AP005,AP021,2024-03-24 22:45:00,2024-03-24 22:49:00,4.0,Technical,Delayed,594,2600,180,143,635.0,90805,79.44444444444444,Spring
FL04946,2025-06-17,AL008,AC001,AP001,AP014,2025-06-17 12:15:00,2025-06-17 12:17:00,2.0,Security,Delayed,590,5464,325,133,399.0,53067,40.92307692307692,Summer
FL04947,2023-03-01,AL007,AC034,AP027,AP018,2023-03-01 14:00:00,2023-03-01 16:14:00,134.0,Weather,Severely Delayed,392,3284,300,215,233.0,50095,71.66666666666667,Spring
FL04948,2025-01-12,AL006,AC021,AP009,AP005,2025-01-12 05:15:00,2025-01-12 05:30:00,15.0,Security,Delayed,620,2323,325,191,399.0,76209,58.76923076923077,Winter
FL04949,2023-08-04,AL010,AC028,AP018,AP017,2023-08-04 08:00:00,2023-08-04 08:00:00,0.0,No Delay,On Time,160,4104,296,244,142.0,34648,82.43243243243244,Summer
FL04950,2024-02-01,AL002,AC040,AP017,AP010,2024-02-01 10:00:00,2024-02-01 10:11:00,11.0,Crew,Delayed,309,5831,220,205,288.0,59040,93.18181818181816,Winter
FL04951,2024-04-24,AL004,AC006,AP020,AP024,2024-04-24 06:15:00,2024-04-24 06:25:00,10.0,Crew,Delayed,630,1814,300,222,600.0,133200,74.0,Spring
FL04952,2025-08-27,AL009,AC006,AP021,AP024,2025-08-27 16:45:00,2025-08-27 16:53:00,8.0,Technical,Delayed,499,4361,300,235,628.0,147580,78.33333333333333,Summer
FL04953,2025-01-25,AL003,AC034,AP017,AP014,2025-01-25 21:15:00,2025-01-25 21:26:00,11.0,Air Traffic,Delayed,414,5311,300,223,595.0,132685,74.33333333333333,Winter
FL04954,2024-03-16,AL006,AC013,AP029,AP015,2024-03-16 17:15:00,2024-03-16 17:28:00,13.0,Weather,Delayed,272,340,325,280,563.0,157640,86.15384615384616,Spring
FL04955,2024-05-27,AL007,AC008,AP007,AP004,2024-05-27 09:00:00,2024-05-27 09:00:00,0.0,No Delay,On Time,428,6647,300,265,226.0,59890,88.33333333333333,Spring
FL04956,2024-05-26,AL007,AC027,AP012,AP014,2024-05-26 11:30:00,2024-05-26 14:18:00,168.0,Weather,Severely Delayed,408,1366,325,296,647.0,191512,91.07692307692308,Spring
FL04957,2024-09-25,AL007,AC040,AP016,AP025,2024-09-25 21:30:00,2024-09-25 21:39:00,9.0,Technical,Delayed,67,8396,220,202,558.0,112716,91.81818181818184,Autumn
FL04958,2023-07-03,AL002,AC007,AP025,AP009,2023-07-03 14:00:00,2023-07-03 14:13:00,13.0,Crew,Delayed,271,3590,300,195,357.0,69615,65.0,Summer
FL04959,2023-04-27,AL002,AC025,AP018,AP012,2023-04-27 17:00:00,2023-04-27 17:02:00,2.0,Security,Delayed,174,3488,296,264,512.0,135168,89.1891891891892,Spring
FL04960,2023-03-10,AL008,AC009,AP004,AP014,2023-03-10 22:00:00,2023-03-10 22:15:00,15.0,Late Aircraft,Delayed,167,8165,296,275,543.0,149325,92.9054054054054,Spring
FL04961,2025-08-14,AL004,AC010,AP014,AP004,2025-08-14 07:30:00,2025-08-14 10:01:00,151.0,Crew,Severely Delayed,571,3750,396,352,589.0,207328,88.88888888888889,Summer
FL04962,2023-06-04,AL004,AC039,AP010,AP003,2023-06-04 19:15:00,2023-06-04 19:17:00,2.0,Technical,Delayed,416,3181,300,238,128.0,30464,79.33333333333333,Summer
FL04963,2023-08-20,AL003,AC030,AP025,AP022,2023-08-20 11:00:00,2023-08-20 11:15:00,15.0,Weather,Delayed,560,4111,325,242,617.0,149314,74.46153846153845,Summer
FL04964,2024-09-23,AL004,AC017,AP019,AP004,2024-09-23 10:00:00,2024-09-23 10:14:00,14.0,Air Traffic,Delayed,397,4385,296,115,143.0,16445,38.85135135135135,Autumn
FL04965,2024-02-27,AL002,AC037,AP015,AP022,2024-02-27 18:45:00,2024-02-27 18:49:00,4.0,Security,Delayed,652,4106,220,131,128.0,16768,59.54545454545455,Winter
FL04966,2023-03-12,AL010,AC029,AP008,AP005,2023-03-12 15:00:00,2023-03-12 15:13:00,13.0,Weather,Delayed,474,428,220,162,292.0,47304,73.63636363636363,Spring
FL04967,2025-11-26,AL001,AC008,AP019,AP004,2025-11-26 14:00:00,2025-11-26 15:45:00,105.0,Air Traffic,Delayed,575,1287,300,276,201.0,55476,92.0,Autumn
FL04968,2023-03-12,AL008,AC030,AP021,AP030,2023-03-12 12:45:00,2023-03-12 12:55:00,10.0,Air Traffic,Delayed,673,5079,325,321,534.0,171414,98.76923076923076,Spring
FL04969,2025-07-20,AL006,AC009,AP007,AP003,2025-07-20 12:00:00,2025-07-20 12:03:00,3.0,Security,Delayed,438,3674,296,166,637.0,105742,56.08108108108109,Summer
FL04970,2023-07-03,AL009,AC023,AP016,AP025,2023-07-03 11:15:00,2023-07-03 11:27:00,12.0,Late Aircraft,Delayed,684,8094,180,150,149.0,22350,83.33333333333334,Summer
FL04971,2025-06-20,AL005,AC037,AP010,AP006,2025-06-20 17:15:00,2025-06-20 17:19:00,4.0,Air Traffic,Delayed,540,4894,220,178,280.0,49840,80.9090909090909,Summer
FL04972,2025-12-31,AL007,AC029,AP025,AP013,2025-12-31 19:15:00,2025-12-31 21:08:00,113.0,Weather,Delayed,101,1467,220,202,436.0,88072,91.81818181818184,Winter
FL04973,2025-04-04,AL005,AC038,AP029,AP003,2025-04-04 18:00:00,2025-04-04 19:15:00,75.0,Air Traffic,Delayed,691,3309,189,133,239.0,31787,70.37037037037037,Spring
FL04974,2025-05-03,AL004,AC039,AP011,AP022,2025-05-03 22:45:00,2025-05-03 22:54:00,9.0,Crew,Delayed,481,1249,300,175,238.0,41650,58.333333333333336,Spring
FL04975,2024-08-09,AL004,AC031,AP012,AP030,2024-08-09 10:15:00,2024-08-09 10:16:00,1.0,Security,Delayed,244,5105,300,213,516.0,109908,71.0,Summer
FL04976,2024-06-28,AL010,AC007,AP014,AP008,2024-06-28 07:45:00,2024-06-28 07:54:00,9.0,Security,Delayed,301,6915,300,269,513.0,137997,89.66666666666666,Summer
FL04977,2025-01-20,AL010,AC033,AP029,AP017,2025-01-20 05:45:00,2025-01-20 07:45:00,120.0,Security,Delayed,641,2314,220,162,253.0,40986,73.63636363636363,Winter
FL04978,2024-10-15,AL003,AC030,AP005,AP003,2024-10-15 11:15:00,2024-10-15 11:20:00,5.0,Weather,Delayed,65,1895,325,252,290.0,73080,77.53846153846153,Autumn
FL04979,2023-08-26,AL010,AC020,AP029,AP016,2023-08-26 05:00:00,2023-08-26 05:11:00,11.0,Late Aircraft,Delayed,240,5789,396,292,105.0,30660,73.73737373737373,Summer
FL04980,2024-08-06,AL007,AC010,AP028,AP017,2024-08-06 10:30:00,2024-08-06 10:32:00,2.0,Air Traffic,Delayed,477,490,396,292,246.0,71832,73.73737373737373,Summer
FL04981,2023-10-18,AL002,AC013,AP026,AP004,2023-10-18 21:00:00,2023-10-18 21:06:00,6.0,Weather,Delayed,719,4474,325,285,268.0,76380,87.6923076923077,Autumn
FL04982,2023-08-31,AL006,AC038,AP030,AP015,2023-08-31 16:00:00,2023-08-31 16:00:00,0.0,No Delay,On Time,610,2366,189,153,205.0,31365,80.95238095238095,Summer
FL04983,2024-12-20,AL001,AC022,AP022,AP009,2024-12-20 07:30:00,2024-12-20 07:36:00,6.0,Security,Delayed,128,6210,300,171,646.0,110466,56.99999999999999,Winter
FL04984,2025-02-28,AL008,AC020,AP028,AP004,2025-02-28 07:15:00,2025-02-28 07:23:00,8.0,Weather,Delayed,405,8478,396,392,346.0,135632,98.989898989899,Winter
FL04985,2024-02-16,AL007,AC012,AP023,AP029,2024-02-16 20:15:00,2024-02-16 20:28:00,13.0,Late Aircraft,Delayed,318,5513,189,170,197.0,33490,89.94708994708994,Winter
FL04986,2024-09-08,AL010,AC002,AP014,AP010,2024-09-08 14:00:00,2024-09-08 14:06:00,6.0,Technical,Delayed,228,4359,300,193,581.0,112133,64.33333333333333,Autumn
FL04987,2024-02-09,AL006,AC030,AP004,AP016,2024-02-09 12:45:00,2024-02-09 12:46:00,1.0,Air Traffic,Delayed,457,5121,325,207,224.0,46368,63.69230769230769,Winter
FL04988,2023-09-22,AL002,AC024,AP011,AP009,2023-09-22 22:00:00,2023-09-22 22:08:00,8.0,Late Aircraft,Delayed,325,797,296,257,397.0,102029,86.82432432432432,Autumn
FL04989,2023-06-08,AL002,AC012,AP017,AP005,2023-06-08 05:15:00,2023-06-08 05:18:00,3.0,Weather,Delayed,362,3093,189,144,366.0,52704,76.19047619047619,Summer
FL04990,2025-09-15,AL010,AC015,AP022,AP009,2025-09-15 21:00:00,2025-09-15 21:15:00,15.0,Crew,Delayed,661,5237,396,301,337.0,101437,76.01010101010101,Autumn
FL04991,2024-01-18,AL009,AC023,AP004,AP025,2024-01-18 21:45:00,2024-01-18 22:03:00,18.0,Late Aircraft,Delayed,203,3796,180,125,330.0,41250,69.44444444444444,Winter
FL04992,2024-05-31,AL005,AC032,AP002,AP003,2024-05-31 13:45:00,2024-05-31 13:54:00,9.0,Security,Delayed,516,4212,396,293,443.0,129799,73.98989898989899,Spring
FL04993,2024-12-02,AL007,AC006,AP030,AP011,2024-12-02 12:00:00,2024-12-02 12:14:00,14.0,Weather,Delayed,215,7049,300,235,271.0,63685,78.33333333333333,Winter
FL04994,2025-12-26,AL005,AC028,AP029,AP023,2025-12-26 11:30:00,2025-12-26 11:45:00,15.0,Crew,Delayed,95,4123,296,242,444.0,107448,81.75675675675676,Winter
FL04995,2025-05-19,AL003,AC009,AP008,AP009,2025-05-19 12:30:00,2025-05-19 12:30:00,0.0,No Delay,On Time,301,2486,296,231,110.0,25410,78.04054054054053,Spring
FL04996,2024-05-13,AL009,AC019,AP004,AP024,2024-05-13 08:30:00,2024-05-13 10:51:00,141.0,Air Traffic,Severely Delayed,557,4912,296,211,533.0,112463,71.28378378378379,Spring
FL04997,2023-05-19,AL002,AC036,AP017,AP009,2023-05-19 11:45:00,2023-05-19 12:00:00,15.0,Weather,Delayed,492,3561,180,131,279.0,36549,72.77777777777777,Spring
FL04998,2023-11-27,AL002,AC011,AP024,AP015,2023-11-27 17:15:00,2023-11-27 17:17:00,2.0,Air Traffic,Delayed,291,1483,300,288,396.0,114048,96.0,Autumn
FL04999,2025-02-13,AL008,AC039,AP018,AP013,2025-02-13 14:15:00,2025-02-13 14:21:00,6.0,Late Aircraft,Delayed,326,3218,300,227,496.0,112592,75.66666666666667,Winter
FL05000,2023-10-17,AL008,AC036,AP004,AP018,2023-10-17 13:00:00,2023-10-17 13:02:00,2.0,Crew,Delayed,465,3254,180,103,185.0,19055,57.22222222222222,Autumn
